driverId,forename,surname,raceId,year,position,points,driver_name
1,Lewis,Hamilton,18,2008,1,10.0,Lewis Hamilton
2,Nick,Heidfeld,18,2008,2,8.0,Nick Heidfeld
3,Nico,Rosberg,18,2008,3,6.0,Nico Rosberg
4,Fernando,Alonso,18,2008,4,5.0,Fernando Alonso
5,Heikki,Kovalainen,18,2008,5,4.0,Heikki Kovalainen
6,Kazuki,Nakajima,18,2008,6,3.0,Kazuki Nakajima
7,Sébastien,Bourdais,18,2008,7,2.0,Sébastien Bourdais
8,Kimi,Räikkönen,18,2008,8,1.0,Kimi Räikkönen
8,Kimi,Räikkönen,19,2008,1,10.0,Kimi Räikkönen
9,Robert,Kubica,19,2008,2,8.0,Robert Kubica
5,Heikki,Kovalainen,19,2008,3,6.0,Heikki Kovalainen
15,Jarno,Trulli,19,2008,4,5.0,Jarno Trulli
1,Lewis,Hamilton,19,2008,5,4.0,Lewis Hamilton
2,Nick,Heidfeld,19,2008,6,3.0,Nick Heidfeld
17,Mark,Webber,19,2008,7,2.0,Mark Webber
4,Fernando,Alonso,19,2008,8,1.0,Fernando Alonso
14,David,Coulthard,19,2008,9,0.0,David Coulthard
18,Jenson,Button,19,2008,10,0.0,Jenson Button
12,Nelson,Piquet Jr.,19,2008,11,0.0,Nelson Piquet Jr.
21,Giancarlo,Fisichella,19,2008,12,0.0,Giancarlo Fisichella
22,Rubens,Barrichello,19,2008,13,0.0,Rubens Barrichello
3,Nico,Rosberg,19,2008,14,0.0,Nico Rosberg
19,Anthony,Davidson,19,2008,15,0.0,Anthony Davidson
11,Takuma,Sato,19,2008,16,0.0,Takuma Sato
6,Kazuki,Nakajima,19,2008,17,0.0,Kazuki Nakajima
13,Felipe,Massa,20,2008,1,10.0,Felipe Massa
8,Kimi,Räikkönen,20,2008,2,8.0,Kimi Räikkönen
9,Robert,Kubica,20,2008,3,6.0,Robert Kubica
2,Nick,Heidfeld,20,2008,4,5.0,Nick Heidfeld
5,Heikki,Kovalainen,20,2008,5,4.0,Heikki Kovalainen
15,Jarno,Trulli,20,2008,6,3.0,Jarno Trulli
17,Mark,Webber,20,2008,7,2.0,Mark Webber
3,Nico,Rosberg,20,2008,8,1.0,Nico Rosberg
10,Timo,Glock,20,2008,9,0.0,Timo Glock
4,Fernando,Alonso,20,2008,10,0.0,Fernando Alonso
22,Rubens,Barrichello,20,2008,11,0.0,Rubens Barrichello
21,Giancarlo,Fisichella,20,2008,12,0.0,Giancarlo Fisichella
1,Lewis,Hamilton,20,2008,13,0.0,Lewis Hamilton
6,Kazuki,Nakajima,20,2008,14,0.0,Kazuki Nakajima
7,Sébastien,Bourdais,20,2008,15,0.0,Sébastien Bourdais
19,Anthony,Davidson,20,2008,16,0.0,Anthony Davidson
11,Takuma,Sato,20,2008,17,0.0,Takuma Sato
14,David,Coulthard,20,2008,18,0.0,David Coulthard
16,Adrian,Sutil,20,2008,19,0.0,Adrian Sutil
8,Kimi,Räikkönen,21,2008,1,10.0,Kimi Räikkönen
13,Felipe,Massa,21,2008,2,8.0,Felipe Massa
1,Lewis,Hamilton,21,2008,3,6.0,Lewis Hamilton
9,Robert,Kubica,21,2008,4,5.0,Robert Kubica
17,Mark,Webber,21,2008,5,4.0,Mark Webber
18,Jenson,Button,21,2008,6,3.0,Jenson Button
6,Kazuki,Nakajima,21,2008,7,2.0,Kazuki Nakajima
15,Jarno,Trulli,21,2008,8,1.0,Jarno Trulli
2,Nick,Heidfeld,21,2008,9,0.0,Nick Heidfeld
21,Giancarlo,Fisichella,21,2008,10,0.0,Giancarlo Fisichella
10,Timo,Glock,21,2008,11,0.0,Timo Glock
14,David,Coulthard,21,2008,12,0.0,David Coulthard
11,Takuma,Sato,21,2008,13,0.0,Takuma Sato
13,Felipe,Massa,22,2008,1,10.0,Felipe Massa
1,Lewis,Hamilton,22,2008,2,8.0,Lewis Hamilton
8,Kimi,Räikkönen,22,2008,3,6.0,Kimi Räikkönen
9,Robert,Kubica,22,2008,4,5.0,Robert Kubica
2,Nick,Heidfeld,22,2008,5,4.0,Nick Heidfeld
4,Fernando,Alonso,22,2008,6,3.0,Fernando Alonso
17,Mark,Webber,22,2008,7,2.0,Mark Webber
3,Nico,Rosberg,22,2008,8,1.0,Nico Rosberg
14,David,Coulthard,22,2008,9,0.0,David Coulthard
15,Jarno,Trulli,22,2008,10,0.0,Jarno Trulli
18,Jenson,Button,22,2008,11,0.0,Jenson Button
5,Heikki,Kovalainen,22,2008,12,0.0,Heikki Kovalainen
10,Timo,Glock,22,2008,13,0.0,Timo Glock
22,Rubens,Barrichello,22,2008,14,0.0,Rubens Barrichello
12,Nelson,Piquet Jr.,22,2008,15,0.0,Nelson Piquet Jr.
16,Adrian,Sutil,22,2008,16,0.0,Adrian Sutil
20,Sebastian,Vettel,22,2008,17,0.0,Sebastian Vettel
1,Lewis,Hamilton,23,2008,1,10.0,Lewis Hamilton
9,Robert,Kubica,23,2008,2,8.0,Robert Kubica
13,Felipe,Massa,23,2008,3,6.0,Felipe Massa
17,Mark,Webber,23,2008,4,5.0,Mark Webber
20,Sebastian,Vettel,23,2008,5,4.0,Sebastian Vettel
22,Rubens,Barrichello,23,2008,6,3.0,Rubens Barrichello
6,Kazuki,Nakajima,23,2008,7,2.0,Kazuki Nakajima
5,Heikki,Kovalainen,23,2008,8,1.0,Heikki Kovalainen
8,Kimi,Räikkönen,23,2008,9,0.0,Kimi Räikkönen
4,Fernando,Alonso,23,2008,10,0.0,Fernando Alonso
18,Jenson,Button,23,2008,11,0.0,Jenson Button
10,Timo,Glock,23,2008,12,0.0,Timo Glock
15,Jarno,Trulli,23,2008,13,0.0,Jarno Trulli
2,Nick,Heidfeld,23,2008,14,0.0,Nick Heidfeld
9,Robert,Kubica,24,2008,1,10.0,Robert Kubica
2,Nick,Heidfeld,24,2008,2,8.0,Nick Heidfeld
14,David,Coulthard,24,2008,3,6.0,David Coulthard
10,Timo,Glock,24,2008,4,5.0,Timo Glock
13,Felipe,Massa,24,2008,5,4.0,Felipe Massa
15,Jarno,Trulli,24,2008,6,3.0,Jarno Trulli
22,Rubens,Barrichello,24,2008,7,2.0,Rubens Barrichello
20,Sebastian,Vettel,24,2008,8,1.0,Sebastian Vettel
5,Heikki,Kovalainen,24,2008,9,0.0,Heikki Kovalainen
3,Nico,Rosberg,24,2008,10,0.0,Nico Rosberg
18,Jenson,Button,24,2008,11,0.0,Jenson Button
17,Mark,Webber,24,2008,12,0.0,Mark Webber
7,Sébastien,Bourdais,24,2008,13,0.0,Sébastien Bourdais
13,Felipe,Massa,25,2008,1,10.0,Felipe Massa
8,Kimi,Räikkönen,25,2008,2,8.0,Kimi Räikkönen
15,Jarno,Trulli,25,2008,3,6.0,Jarno Trulli
5,Heikki,Kovalainen,25,2008,4,5.0,Heikki Kovalainen
9,Robert,Kubica,25,2008,5,4.0,Robert Kubica
17,Mark,Webber,25,2008,6,3.0,Mark Webber
12,Nelson,Piquet Jr.,25,2008,7,2.0,Nelson Piquet Jr.
4,Fernando,Alonso,25,2008,8,1.0,Fernando Alonso
14,David,Coulthard,25,2008,9,0.0,David Coulthard
1,Lewis,Hamilton,25,2008,10,0.0,Lewis Hamilton
10,Timo,Glock,25,2008,11,0.0,Timo Glock
20,Sebastian,Vettel,25,2008,12,0.0,Sebastian Vettel
2,Nick,Heidfeld,25,2008,13,0.0,Nick Heidfeld
22,Rubens,Barrichello,25,2008,14,0.0,Rubens Barrichello
6,Kazuki,Nakajima,25,2008,15,0.0,Kazuki Nakajima
3,Nico,Rosberg,25,2008,16,0.0,Nico Rosberg
7,Sébastien,Bourdais,25,2008,17,0.0,Sébastien Bourdais
21,Giancarlo,Fisichella,25,2008,18,0.0,Giancarlo Fisichella
16,Adrian,Sutil,25,2008,19,0.0,Adrian Sutil
1,Lewis,Hamilton,26,2008,1,10.0,Lewis Hamilton
2,Nick,Heidfeld,26,2008,2,8.0,Nick Heidfeld
22,Rubens,Barrichello,26,2008,3,6.0,Rubens Barrichello
8,Kimi,Räikkönen,26,2008,4,5.0,Kimi Räikkönen
5,Heikki,Kovalainen,26,2008,5,4.0,Heikki Kovalainen
4,Fernando,Alonso,26,2008,6,3.0,Fernando Alonso
15,Jarno,Trulli,26,2008,7,2.0,Jarno Trulli
6,Kazuki,Nakajima,26,2008,8,1.0,Kazuki Nakajima
3,Nico,Rosberg,26,2008,9,0.0,Nico Rosberg
17,Mark,Webber,26,2008,10,0.0,Mark Webber
7,Sébastien,Bourdais,26,2008,11,0.0,Sébastien Bourdais
10,Timo,Glock,26,2008,12,0.0,Timo Glock
13,Felipe,Massa,26,2008,13,0.0,Felipe Massa
1,Lewis,Hamilton,27,2008,1,10.0,Lewis Hamilton
12,Nelson,Piquet Jr.,27,2008,2,8.0,Nelson Piquet Jr.
13,Felipe,Massa,27,2008,3,6.0,Felipe Massa
2,Nick,Heidfeld,27,2008,4,5.0,Nick Heidfeld
5,Heikki,Kovalainen,27,2008,5,4.0,Heikki Kovalainen
8,Kimi,Räikkönen,27,2008,6,3.0,Kimi Räikkönen
9,Robert,Kubica,27,2008,7,2.0,Robert Kubica
20,Sebastian,Vettel,27,2008,8,1.0,Sebastian Vettel
15,Jarno,Trulli,27,2008,9,0.0,Jarno Trulli
3,Nico,Rosberg,27,2008,10,0.0,Nico Rosberg
4,Fernando,Alonso,27,2008,11,0.0,Fernando Alonso
7,Sébastien,Bourdais,27,2008,12,0.0,Sébastien Bourdais
14,David,Coulthard,27,2008,13,0.0,David Coulthard
6,Kazuki,Nakajima,27,2008,14,0.0,Kazuki Nakajima
16,Adrian,Sutil,27,2008,15,0.0,Adrian Sutil
21,Giancarlo,Fisichella,27,2008,16,0.0,Giancarlo Fisichella
18,Jenson,Button,27,2008,17,0.0,Jenson Button
5,Heikki,Kovalainen,28,2008,1,10.0,Heikki Kovalainen
10,Timo,Glock,28,2008,2,8.0,Timo Glock
8,Kimi,Räikkönen,28,2008,3,6.0,Kimi Räikkönen
4,Fernando,Alonso,28,2008,4,5.0,Fernando Alonso
1,Lewis,Hamilton,28,2008,5,4.0,Lewis Hamilton
12,Nelson,Piquet Jr.,28,2008,6,3.0,Nelson Piquet Jr.
15,Jarno,Trulli,28,2008,7,2.0,Jarno Trulli
9,Robert,Kubica,28,2008,8,1.0,Robert Kubica
17,Mark,Webber,28,2008,9,0.0,Mark Webber
2,Nick,Heidfeld,28,2008,10,0.0,Nick Heidfeld
14,David,Coulthard,28,2008,11,0.0,David Coulthard
18,Jenson,Button,28,2008,12,0.0,Jenson Button
6,Kazuki,Nakajima,28,2008,13,0.0,Kazuki Nakajima
3,Nico,Rosberg,28,2008,14,0.0,Nico Rosberg
21,Giancarlo,Fisichella,28,2008,15,0.0,Giancarlo Fisichella
22,Rubens,Barrichello,28,2008,16,0.0,Rubens Barrichello
13,Felipe,Massa,28,2008,17,0.0,Felipe Massa
7,Sébastien,Bourdais,28,2008,18,0.0,Sébastien Bourdais
13,Felipe,Massa,29,2008,1,10.0,Felipe Massa
1,Lewis,Hamilton,29,2008,2,8.0,Lewis Hamilton
9,Robert,Kubica,29,2008,3,6.0,Robert Kubica
5,Heikki,Kovalainen,29,2008,4,5.0,Heikki Kovalainen
15,Jarno,Trulli,29,2008,5,4.0,Jarno Trulli
20,Sebastian,Vettel,29,2008,6,3.0,Sebastian Vettel
10,Timo,Glock,29,2008,7,2.0,Timo Glock
3,Nico,Rosberg,29,2008,8,1.0,Nico Rosberg
2,Nick,Heidfeld,29,2008,9,0.0,Nick Heidfeld
7,Sébastien,Bourdais,29,2008,10,0.0,Sébastien Bourdais
12,Nelson,Piquet Jr.,29,2008,11,0.0,Nelson Piquet Jr.
17,Mark,Webber,29,2008,12,0.0,Mark Webber
18,Jenson,Button,29,2008,13,0.0,Jenson Button
21,Giancarlo,Fisichella,29,2008,14,0.0,Giancarlo Fisichella
6,Kazuki,Nakajima,29,2008,15,0.0,Kazuki Nakajima
22,Rubens,Barrichello,29,2008,16,0.0,Rubens Barrichello
14,David,Coulthard,29,2008,17,0.0,David Coulthard
13,Felipe,Massa,30,2008,1,10.0,Felipe Massa
2,Nick,Heidfeld,30,2008,2,8.0,Nick Heidfeld
1,Lewis,Hamilton,30,2008,3,6.0,Lewis Hamilton
4,Fernando,Alonso,30,2008,4,5.0,Fernando Alonso
20,Sebastian,Vettel,30,2008,5,4.0,Sebastian Vettel
9,Robert,Kubica,30,2008,6,3.0,Robert Kubica
7,Sébastien,Bourdais,30,2008,7,2.0,Sébastien Bourdais
17,Mark,Webber,30,2008,8,1.0,Mark Webber
10,Timo,Glock,30,2008,9,0.0,Timo Glock
5,Heikki,Kovalainen,30,2008,10,0.0,Heikki Kovalainen
14,David,Coulthard,30,2008,11,0.0,David Coulthard
3,Nico,Rosberg,30,2008,12,0.0,Nico Rosberg
16,Adrian,Sutil,30,2008,13,0.0,Adrian Sutil
6,Kazuki,Nakajima,30,2008,14,0.0,Kazuki Nakajima
18,Jenson,Button,30,2008,15,0.0,Jenson Button
15,Jarno,Trulli,30,2008,16,0.0,Jarno Trulli
21,Giancarlo,Fisichella,30,2008,17,0.0,Giancarlo Fisichella
8,Kimi,Räikkönen,30,2008,18,0.0,Kimi Räikkönen
20,Sebastian,Vettel,31,2008,1,10.0,Sebastian Vettel
5,Heikki,Kovalainen,31,2008,2,8.0,Heikki Kovalainen
9,Robert,Kubica,31,2008,3,6.0,Robert Kubica
4,Fernando,Alonso,31,2008,4,5.0,Fernando Alonso
2,Nick,Heidfeld,31,2008,5,4.0,Nick Heidfeld
13,Felipe,Massa,31,2008,6,3.0,Felipe Massa
1,Lewis,Hamilton,31,2008,7,2.0,Lewis Hamilton
17,Mark,Webber,31,2008,8,1.0,Mark Webber
8,Kimi,Räikkönen,31,2008,9,0.0,Kimi Räikkönen
12,Nelson,Piquet Jr.,31,2008,10,0.0,Nelson Piquet Jr.
10,Timo,Glock,31,2008,11,0.0,Timo Glock
6,Kazuki,Nakajima,31,2008,12,0.0,Kazuki Nakajima
15,Jarno,Trulli,31,2008,13,0.0,Jarno Trulli
3,Nico,Rosberg,31,2008,14,0.0,Nico Rosberg
18,Jenson,Button,31,2008,15,0.0,Jenson Button
14,David,Coulthard,31,2008,16,0.0,David Coulthard
22,Rubens,Barrichello,31,2008,17,0.0,Rubens Barrichello
7,Sébastien,Bourdais,31,2008,18,0.0,Sébastien Bourdais
16,Adrian,Sutil,31,2008,19,0.0,Adrian Sutil
4,Fernando,Alonso,32,2008,1,10.0,Fernando Alonso
3,Nico,Rosberg,32,2008,2,8.0,Nico Rosberg
1,Lewis,Hamilton,32,2008,3,6.0,Lewis Hamilton
10,Timo,Glock,32,2008,4,5.0,Timo Glock
20,Sebastian,Vettel,32,2008,5,4.0,Sebastian Vettel
2,Nick,Heidfeld,32,2008,6,3.0,Nick Heidfeld
14,David,Coulthard,32,2008,7,2.0,David Coulthard
6,Kazuki,Nakajima,32,2008,8,1.0,Kazuki Nakajima
18,Jenson,Button,32,2008,9,0.0,Jenson Button
5,Heikki,Kovalainen,32,2008,10,0.0,Heikki Kovalainen
9,Robert,Kubica,32,2008,11,0.0,Robert Kubica
7,Sébastien,Bourdais,32,2008,12,0.0,Sébastien Bourdais
13,Felipe,Massa,32,2008,13,0.0,Felipe Massa
21,Giancarlo,Fisichella,32,2008,14,0.0,Giancarlo Fisichella
8,Kimi,Räikkönen,32,2008,15,0.0,Kimi Räikkönen
4,Fernando,Alonso,33,2008,1,10.0,Fernando Alonso
9,Robert,Kubica,33,2008,2,8.0,Robert Kubica
8,Kimi,Räikkönen,33,2008,3,6.0,Kimi Räikkönen
12,Nelson,Piquet Jr.,33,2008,4,5.0,Nelson Piquet Jr.
15,Jarno,Trulli,33,2008,5,4.0,Jarno Trulli
20,Sebastian,Vettel,33,2008,6,3.0,Sebastian Vettel
13,Felipe,Massa,33,2008,7,2.0,Felipe Massa
17,Mark,Webber,33,2008,8,1.0,Mark Webber
2,Nick,Heidfeld,33,2008,9,0.0,Nick Heidfeld
7,Sébastien,Bourdais,33,2008,10,0.0,Sébastien Bourdais
3,Nico,Rosberg,33,2008,11,0.0,Nico Rosberg
1,Lewis,Hamilton,33,2008,12,0.0,Lewis Hamilton
22,Rubens,Barrichello,33,2008,13,0.0,Rubens Barrichello
18,Jenson,Button,33,2008,14,0.0,Jenson Button
6,Kazuki,Nakajima,33,2008,15,0.0,Kazuki Nakajima
1,Lewis,Hamilton,34,2008,1,10.0,Lewis Hamilton
13,Felipe,Massa,34,2008,2,8.0,Felipe Massa
8,Kimi,Räikkönen,34,2008,3,6.0,Kimi Räikkönen
4,Fernando,Alonso,34,2008,4,5.0,Fernando Alonso
2,Nick,Heidfeld,34,2008,5,4.0,Nick Heidfeld
9,Robert,Kubica,34,2008,6,3.0,Robert Kubica
10,Timo,Glock,34,2008,7,2.0,Timo Glock
12,Nelson,Piquet Jr.,34,2008,8,1.0,Nelson Piquet Jr.
20,Sebastian,Vettel,34,2008,9,0.0,Sebastian Vettel
14,David,Coulthard,34,2008,10,0.0,David Coulthard
22,Rubens,Barrichello,34,2008,11,0.0,Rubens Barrichello
6,Kazuki,Nakajima,34,2008,12,0.0,Kazuki Nakajima
7,Sébastien,Bourdais,34,2008,13,0.0,Sébastien Bourdais
17,Mark,Webber,34,2008,14,0.0,Mark Webber
3,Nico,Rosberg,34,2008,15,0.0,Nico Rosberg
18,Jenson,Button,34,2008,16,0.0,Jenson Button
21,Giancarlo,Fisichella,34,2008,17,0.0,Giancarlo Fisichella
13,Felipe,Massa,35,2008,1,10.0,Felipe Massa
4,Fernando,Alonso,35,2008,2,8.0,Fernando Alonso
8,Kimi,Räikkönen,35,2008,3,6.0,Kimi Räikkönen
20,Sebastian,Vettel,35,2008,4,5.0,Sebastian Vettel
1,Lewis,Hamilton,35,2008,5,4.0,Lewis Hamilton
10,Timo,Glock,35,2008,6,3.0,Timo Glock
5,Heikki,Kovalainen,35,2008,7,2.0,Heikki Kovalainen
15,Jarno,Trulli,35,2008,8,1.0,Jarno Trulli
17,Mark,Webber,35,2008,9,0.0,Mark Webber
2,Nick,Heidfeld,35,2008,10,0.0,Nick Heidfeld
9,Robert,Kubica,35,2008,11,0.0,Robert Kubica
3,Nico,Rosberg,35,2008,12,0.0,Nico Rosberg
18,Jenson,Button,35,2008,13,0.0,Jenson Button
7,Sébastien,Bourdais,35,2008,14,0.0,Sébastien Bourdais
22,Rubens,Barrichello,35,2008,15,0.0,Rubens Barrichello
16,Adrian,Sutil,35,2008,16,0.0,Adrian Sutil
6,Kazuki,Nakajima,35,2008,17,0.0,Kazuki Nakajima
21,Giancarlo,Fisichella,35,2008,18,0.0,Giancarlo Fisichella
8,Kimi,Räikkönen,36,2007,1,10.0,Kimi Räikkönen
4,Fernando,Alonso,36,2007,2,8.0,Fernando Alonso
1,Lewis,Hamilton,36,2007,3,6.0,Lewis Hamilton
2,Nick,Heidfeld,36,2007,4,5.0,Nick Heidfeld
21,Giancarlo,Fisichella,36,2007,5,4.0,Giancarlo Fisichella
13,Felipe,Massa,36,2007,6,3.0,Felipe Massa
3,Nico,Rosberg,36,2007,7,2.0,Nico Rosberg
23,Ralf,Schumacher,36,2007,8,1.0,Ralf Schumacher
15,Jarno,Trulli,36,2007,9,0.0,Jarno Trulli
5,Heikki,Kovalainen,36,2007,10,0.0,Heikki Kovalainen
22,Rubens,Barrichello,36,2007,11,0.0,Rubens Barrichello
11,Takuma,Sato,36,2007,12,0.0,Takuma Sato
17,Mark,Webber,36,2007,13,0.0,Mark Webber
24,Vitantonio,Liuzzi,36,2007,14,0.0,Vitantonio Liuzzi
18,Jenson,Button,36,2007,15,0.0,Jenson Button
19,Anthony,Davidson,36,2007,16,0.0,Anthony Davidson
16,Adrian,Sutil,36,2007,17,0.0,Adrian Sutil
4,Fernando,Alonso,37,2007,1,10.0,Fernando Alonso
1,Lewis,Hamilton,37,2007,2,8.0,Lewis Hamilton
8,Kimi,Räikkönen,37,2007,3,6.0,Kimi Räikkönen
2,Nick,Heidfeld,37,2007,4,5.0,Nick Heidfeld
13,Felipe,Massa,37,2007,5,4.0,Felipe Massa
21,Giancarlo,Fisichella,37,2007,6,3.0,Giancarlo Fisichella
15,Jarno,Trulli,37,2007,7,2.0,Jarno Trulli
5,Heikki,Kovalainen,37,2007,8,1.0,Heikki Kovalainen
25,Alexander,Wurz,37,2007,9,0.0,Alexander Wurz
17,Mark,Webber,37,2007,10,0.0,Mark Webber
22,Rubens,Barrichello,37,2007,11,0.0,Rubens Barrichello
18,Jenson,Button,37,2007,12,0.0,Jenson Button
11,Takuma,Sato,37,2007,13,0.0,Takuma Sato
26,Scott,Speed,37,2007,14,0.0,Scott Speed
23,Ralf,Schumacher,37,2007,15,0.0,Ralf Schumacher
19,Anthony,Davidson,37,2007,16,0.0,Anthony Davidson
24,Vitantonio,Liuzzi,37,2007,17,0.0,Vitantonio Liuzzi
9,Robert,Kubica,37,2007,18,0.0,Robert Kubica
13,Felipe,Massa,38,2007,1,10.0,Felipe Massa
1,Lewis,Hamilton,38,2007,2,8.0,Lewis Hamilton
8,Kimi,Räikkönen,38,2007,3,6.0,Kimi Räikkönen
2,Nick,Heidfeld,38,2007,4,5.0,Nick Heidfeld
4,Fernando,Alonso,38,2007,5,4.0,Fernando Alonso
9,Robert,Kubica,38,2007,6,3.0,Robert Kubica
15,Jarno,Trulli,38,2007,7,2.0,Jarno Trulli
21,Giancarlo,Fisichella,38,2007,8,1.0,Giancarlo Fisichella
5,Heikki,Kovalainen,38,2007,9,0.0,Heikki Kovalainen
3,Nico,Rosberg,38,2007,10,0.0,Nico Rosberg
25,Alexander,Wurz,38,2007,11,0.0,Alexander Wurz
23,Ralf,Schumacher,38,2007,12,0.0,Ralf Schumacher
22,Rubens,Barrichello,38,2007,13,0.0,Rubens Barrichello
27,Christijan,Albers,38,2007,14,0.0,Christijan Albers
16,Adrian,Sutil,38,2007,15,0.0,Adrian Sutil
19,Anthony,Davidson,38,2007,16,0.0,Anthony Davidson
13,Felipe,Massa,39,2007,1,10.0,Felipe Massa
1,Lewis,Hamilton,39,2007,2,8.0,Lewis Hamilton
4,Fernando,Alonso,39,2007,3,6.0,Fernando Alonso
9,Robert,Kubica,39,2007,4,5.0,Robert Kubica
14,David,Coulthard,39,2007,5,4.0,David Coulthard
3,Nico,Rosberg,39,2007,6,3.0,Nico Rosberg
5,Heikki,Kovalainen,39,2007,7,2.0,Heikki Kovalainen
11,Takuma,Sato,39,2007,8,1.0,Takuma Sato
21,Giancarlo,Fisichella,39,2007,9,0.0,Giancarlo Fisichella
22,Rubens,Barrichello,39,2007,10,0.0,Rubens Barrichello
19,Anthony,Davidson,39,2007,11,0.0,Anthony Davidson
18,Jenson,Button,39,2007,12,0.0,Jenson Button
16,Adrian,Sutil,39,2007,13,0.0,Adrian Sutil
27,Christijan,Albers,39,2007,14,0.0,Christijan Albers
4,Fernando,Alonso,40,2007,1,10.0,Fernando Alonso
1,Lewis,Hamilton,40,2007,2,8.0,Lewis Hamilton
13,Felipe,Massa,40,2007,3,6.0,Felipe Massa
21,Giancarlo,Fisichella,40,2007,4,5.0,Giancarlo Fisichella
9,Robert,Kubica,40,2007,5,4.0,Robert Kubica
2,Nick,Heidfeld,40,2007,6,3.0,Nick Heidfeld
25,Alexander,Wurz,40,2007,7,2.0,Alexander Wurz
8,Kimi,Räikkönen,40,2007,8,1.0,Kimi Räikkönen
26,Scott,Speed,40,2007,9,0.0,Scott Speed
22,Rubens,Barrichello,40,2007,10,0.0,Rubens Barrichello
18,Jenson,Button,40,2007,11,0.0,Jenson Button
3,Nico,Rosberg,40,2007,12,0.0,Nico Rosberg
5,Heikki,Kovalainen,40,2007,13,0.0,Heikki Kovalainen
14,David,Coulthard,40,2007,14,0.0,David Coulthard
15,Jarno,Trulli,40,2007,15,0.0,Jarno Trulli
23,Ralf,Schumacher,40,2007,16,0.0,Ralf Schumacher
11,Takuma,Sato,40,2007,17,0.0,Takuma Sato
19,Anthony,Davidson,40,2007,18,0.0,Anthony Davidson
27,Christijan,Albers,40,2007,19,0.0,Christijan Albers
1,Lewis,Hamilton,41,2007,1,10.0,Lewis Hamilton
2,Nick,Heidfeld,41,2007,2,8.0,Nick Heidfeld
25,Alexander,Wurz,41,2007,3,6.0,Alexander Wurz
5,Heikki,Kovalainen,41,2007,4,5.0,Heikki Kovalainen
8,Kimi,Räikkönen,41,2007,5,4.0,Kimi Räikkönen
11,Takuma,Sato,41,2007,6,3.0,Takuma Sato
4,Fernando,Alonso,41,2007,7,2.0,Fernando Alonso
23,Ralf,Schumacher,41,2007,8,1.0,Ralf Schumacher
17,Mark,Webber,41,2007,9,0.0,Mark Webber
3,Nico,Rosberg,41,2007,10,0.0,Nico Rosberg
19,Anthony,Davidson,41,2007,11,0.0,Anthony Davidson
22,Rubens,Barrichello,41,2007,12,0.0,Rubens Barrichello
1,Lewis,Hamilton,42,2007,1,10.0,Lewis Hamilton
4,Fernando,Alonso,42,2007,2,8.0,Fernando Alonso
13,Felipe,Massa,42,2007,3,6.0,Felipe Massa
8,Kimi,Räikkönen,42,2007,4,5.0,Kimi Räikkönen
5,Heikki,Kovalainen,42,2007,5,4.0,Heikki Kovalainen
15,Jarno,Trulli,42,2007,6,3.0,Jarno Trulli
17,Mark,Webber,42,2007,7,2.0,Mark Webber
20,Sebastian,Vettel,42,2007,8,1.0,Sebastian Vettel
21,Giancarlo,Fisichella,42,2007,9,0.0,Giancarlo Fisichella
25,Alexander,Wurz,42,2007,10,0.0,Alexander Wurz
19,Anthony,Davidson,42,2007,11,0.0,Anthony Davidson
18,Jenson,Button,42,2007,12,0.0,Jenson Button
26,Scott,Speed,42,2007,13,0.0,Scott Speed
16,Adrian,Sutil,42,2007,14,0.0,Adrian Sutil
27,Christijan,Albers,42,2007,15,0.0,Christijan Albers
3,Nico,Rosberg,42,2007,16,0.0,Nico Rosberg
24,Vitantonio,Liuzzi,42,2007,17,0.0,Vitantonio Liuzzi
8,Kimi,Räikkönen,43,2007,1,10.0,Kimi Räikkönen
13,Felipe,Massa,43,2007,2,8.0,Felipe Massa
1,Lewis,Hamilton,43,2007,3,6.0,Lewis Hamilton
9,Robert,Kubica,43,2007,4,5.0,Robert Kubica
2,Nick,Heidfeld,43,2007,5,4.0,Nick Heidfeld
21,Giancarlo,Fisichella,43,2007,6,3.0,Giancarlo Fisichella
4,Fernando,Alonso,43,2007,7,2.0,Fernando Alonso
18,Jenson,Button,43,2007,8,1.0,Jenson Button
3,Nico,Rosberg,43,2007,9,0.0,Nico Rosberg
23,Ralf,Schumacher,43,2007,10,0.0,Ralf Schumacher
22,Rubens,Barrichello,43,2007,11,0.0,Rubens Barrichello
17,Mark,Webber,43,2007,12,0.0,Mark Webber
14,David,Coulthard,43,2007,13,0.0,David Coulthard
25,Alexander,Wurz,43,2007,14,0.0,Alexander Wurz
5,Heikki,Kovalainen,43,2007,15,0.0,Heikki Kovalainen
11,Takuma,Sato,43,2007,16,0.0,Takuma Sato
16,Adrian,Sutil,43,2007,17,0.0,Adrian Sutil
8,Kimi,Räikkönen,44,2007,1,10.0,Kimi Räikkönen
4,Fernando,Alonso,44,2007,2,8.0,Fernando Alonso
1,Lewis,Hamilton,44,2007,3,6.0,Lewis Hamilton
9,Robert,Kubica,44,2007,4,5.0,Robert Kubica
13,Felipe,Massa,44,2007,5,4.0,Felipe Massa
2,Nick,Heidfeld,44,2007,6,3.0,Nick Heidfeld
5,Heikki,Kovalainen,44,2007,7,2.0,Heikki Kovalainen
21,Giancarlo,Fisichella,44,2007,8,1.0,Giancarlo Fisichella
22,Rubens,Barrichello,44,2007,9,0.0,Rubens Barrichello
18,Jenson,Button,44,2007,10,0.0,Jenson Button
14,David,Coulthard,44,2007,11,0.0,David Coulthard
3,Nico,Rosberg,44,2007,12,0.0,Nico Rosberg
25,Alexander,Wurz,44,2007,13,0.0,Alexander Wurz
11,Takuma,Sato,44,2007,14,0.0,Takuma Sato
27,Christijan,Albers,44,2007,15,0.0,Christijan Albers
24,Vitantonio,Liuzzi,44,2007,16,0.0,Vitantonio Liuzzi
4,Fernando,Alonso,45,2007,1,10.0,Fernando Alonso
13,Felipe,Massa,45,2007,2,8.0,Felipe Massa
17,Mark,Webber,45,2007,3,6.0,Mark Webber
25,Alexander,Wurz,45,2007,4,5.0,Alexander Wurz
14,David,Coulthard,45,2007,5,4.0,David Coulthard
2,Nick,Heidfeld,45,2007,6,3.0,Nick Heidfeld
9,Robert,Kubica,45,2007,7,2.0,Robert Kubica
5,Heikki,Kovalainen,45,2007,8,1.0,Heikki Kovalainen
1,Lewis,Hamilton,45,2007,9,0.0,Lewis Hamilton
21,Giancarlo,Fisichella,45,2007,10,0.0,Giancarlo Fisichella
22,Rubens,Barrichello,45,2007,11,0.0,Rubens Barrichello
19,Anthony,Davidson,45,2007,12,0.0,Anthony Davidson
15,Jarno,Trulli,45,2007,13,0.0,Jarno Trulli
1,Lewis,Hamilton,46,2007,1,10.0,Lewis Hamilton
8,Kimi,Räikkönen,46,2007,2,8.0,Kimi Räikkönen
2,Nick,Heidfeld,46,2007,3,6.0,Nick Heidfeld
4,Fernando,Alonso,46,2007,4,5.0,Fernando Alonso
9,Robert,Kubica,46,2007,5,4.0,Robert Kubica
23,Ralf,Schumacher,46,2007,6,3.0,Ralf Schumacher
3,Nico,Rosberg,46,2007,7,2.0,Nico Rosberg
5,Heikki,Kovalainen,46,2007,8,1.0,Heikki Kovalainen
17,Mark,Webber,46,2007,9,0.0,Mark Webber
15,Jarno,Trulli,46,2007,10,0.0,Jarno Trulli
14,David,Coulthard,46,2007,11,0.0,David Coulthard
21,Giancarlo,Fisichella,46,2007,12,0.0,Giancarlo Fisichella
13,Felipe,Massa,46,2007,13,0.0,Felipe Massa
25,Alexander,Wurz,46,2007,14,0.0,Alexander Wurz
11,Takuma,Sato,46,2007,15,0.0,Takuma Sato
20,Sebastian,Vettel,46,2007,16,0.0,Sebastian Vettel
16,Adrian,Sutil,46,2007,17,0.0,Adrian Sutil
22,Rubens,Barrichello,46,2007,18,0.0,Rubens Barrichello
13,Felipe,Massa,47,2007,1,10.0,Felipe Massa
8,Kimi,Räikkönen,47,2007,2,8.0,Kimi Räikkönen
4,Fernando,Alonso,47,2007,3,6.0,Fernando Alonso
2,Nick,Heidfeld,47,2007,4,5.0,Nick Heidfeld
1,Lewis,Hamilton,47,2007,5,4.0,Lewis Hamilton
5,Heikki,Kovalainen,47,2007,6,3.0,Heikki Kovalainen
3,Nico,Rosberg,47,2007,7,2.0,Nico Rosberg
9,Robert,Kubica,47,2007,8,1.0,Robert Kubica
21,Giancarlo,Fisichella,47,2007,9,0.0,Giancarlo Fisichella
14,David,Coulthard,47,2007,10,0.0,David Coulthard
25,Alexander,Wurz,47,2007,11,0.0,Alexander Wurz
23,Ralf,Schumacher,47,2007,12,0.0,Ralf Schumacher
18,Jenson,Button,47,2007,13,0.0,Jenson Button
19,Anthony,Davidson,47,2007,14,0.0,Anthony Davidson
24,Vitantonio,Liuzzi,47,2007,15,0.0,Vitantonio Liuzzi
15,Jarno,Trulli,47,2007,16,0.0,Jarno Trulli
22,Rubens,Barrichello,47,2007,17,0.0,Rubens Barrichello
11,Takuma,Sato,47,2007,18,0.0,Takuma Sato
20,Sebastian,Vettel,47,2007,19,0.0,Sebastian Vettel
29,Sakon,Yamamoto,47,2007,20,0.0,Sakon Yamamoto
16,Adrian,Sutil,47,2007,21,0.0,Adrian Sutil
4,Fernando,Alonso,48,2007,1,10.0,Fernando Alonso
1,Lewis,Hamilton,48,2007,2,8.0,Lewis Hamilton
8,Kimi,Räikkönen,48,2007,3,6.0,Kimi Räikkönen
2,Nick,Heidfeld,48,2007,4,5.0,Nick Heidfeld
9,Robert,Kubica,48,2007,5,4.0,Robert Kubica
3,Nico,Rosberg,48,2007,6,3.0,Nico Rosberg
5,Heikki,Kovalainen,48,2007,7,2.0,Heikki Kovalainen
18,Jenson,Button,48,2007,8,1.0,Jenson Button
17,Mark,Webber,48,2007,9,0.0,Mark Webber
22,Rubens,Barrichello,48,2007,10,0.0,Rubens Barrichello
15,Jarno,Trulli,48,2007,11,0.0,Jarno Trulli
21,Giancarlo,Fisichella,48,2007,12,0.0,Giancarlo Fisichella
25,Alexander,Wurz,48,2007,13,0.0,Alexander Wurz
19,Anthony,Davidson,48,2007,14,0.0,Anthony Davidson
23,Ralf,Schumacher,48,2007,15,0.0,Ralf Schumacher
11,Takuma,Sato,48,2007,16,0.0,Takuma Sato
24,Vitantonio,Liuzzi,48,2007,17,0.0,Vitantonio Liuzzi
20,Sebastian,Vettel,48,2007,18,0.0,Sebastian Vettel
16,Adrian,Sutil,48,2007,19,0.0,Adrian Sutil
29,Sakon,Yamamoto,48,2007,20,0.0,Sakon Yamamoto
8,Kimi,Räikkönen,49,2007,1,10.0,Kimi Räikkönen
13,Felipe,Massa,49,2007,2,8.0,Felipe Massa
4,Fernando,Alonso,49,2007,3,6.0,Fernando Alonso
1,Lewis,Hamilton,49,2007,4,5.0,Lewis Hamilton
2,Nick,Heidfeld,49,2007,5,4.0,Nick Heidfeld
3,Nico,Rosberg,49,2007,6,3.0,Nico Rosberg
17,Mark,Webber,49,2007,7,2.0,Mark Webber
5,Heikki,Kovalainen,49,2007,8,1.0,Heikki Kovalainen
9,Robert,Kubica,49,2007,9,0.0,Robert Kubica
23,Ralf,Schumacher,49,2007,10,0.0,Ralf Schumacher
15,Jarno,Trulli,49,2007,11,0.0,Jarno Trulli
24,Vitantonio,Liuzzi,49,2007,12,0.0,Vitantonio Liuzzi
22,Rubens,Barrichello,49,2007,13,0.0,Rubens Barrichello
16,Adrian,Sutil,49,2007,14,0.0,Adrian Sutil
11,Takuma,Sato,49,2007,15,0.0,Takuma Sato
19,Anthony,Davidson,49,2007,16,0.0,Anthony Davidson
29,Sakon,Yamamoto,49,2007,17,0.0,Sakon Yamamoto
1,Lewis,Hamilton,50,2007,1,10.0,Lewis Hamilton
5,Heikki,Kovalainen,50,2007,2,8.0,Heikki Kovalainen
8,Kimi,Räikkönen,50,2007,3,6.0,Kimi Räikkönen
14,David,Coulthard,50,2007,4,5.0,David Coulthard
21,Giancarlo,Fisichella,50,2007,5,4.0,Giancarlo Fisichella
13,Felipe,Massa,50,2007,6,3.0,Felipe Massa
9,Robert,Kubica,50,2007,7,2.0,Robert Kubica
16,Adrian,Sutil,50,2007,8,1.0,Adrian Sutil
24,Vitantonio,Liuzzi,50,2007,9,0.0,Vitantonio Liuzzi
22,Rubens,Barrichello,50,2007,10,0.0,Rubens Barrichello
18,Jenson,Button,50,2007,11,0.0,Jenson Button
29,Sakon,Yamamoto,50,2007,12,0.0,Sakon Yamamoto
15,Jarno,Trulli,50,2007,13,0.0,Jarno Trulli
2,Nick,Heidfeld,50,2007,14,0.0,Nick Heidfeld
11,Takuma,Sato,50,2007,15,0.0,Takuma Sato
8,Kimi,Räikkönen,51,2007,1,10.0,Kimi Räikkönen
4,Fernando,Alonso,51,2007,2,8.0,Fernando Alonso
13,Felipe,Massa,51,2007,3,6.0,Felipe Massa
20,Sebastian,Vettel,51,2007,4,5.0,Sebastian Vettel
18,Jenson,Button,51,2007,5,4.0,Jenson Button
24,Vitantonio,Liuzzi,51,2007,6,3.0,Vitantonio Liuzzi
2,Nick,Heidfeld,51,2007,7,2.0,Nick Heidfeld
14,David,Coulthard,51,2007,8,1.0,David Coulthard
5,Heikki,Kovalainen,51,2007,9,0.0,Heikki Kovalainen
17,Mark,Webber,51,2007,10,0.0,Mark Webber
21,Giancarlo,Fisichella,51,2007,11,0.0,Giancarlo Fisichella
25,Alexander,Wurz,51,2007,12,0.0,Alexander Wurz
15,Jarno,Trulli,51,2007,13,0.0,Jarno Trulli
11,Takuma,Sato,51,2007,14,0.0,Takuma Sato
22,Rubens,Barrichello,51,2007,15,0.0,Rubens Barrichello
3,Nico,Rosberg,51,2007,16,0.0,Nico Rosberg
29,Sakon,Yamamoto,51,2007,17,0.0,Sakon Yamamoto
8,Kimi,Räikkönen,52,2007,1,10.0,Kimi Räikkönen
13,Felipe,Massa,52,2007,2,8.0,Felipe Massa
4,Fernando,Alonso,52,2007,3,6.0,Fernando Alonso
3,Nico,Rosberg,52,2007,4,5.0,Nico Rosberg
9,Robert,Kubica,52,2007,5,4.0,Robert Kubica
2,Nick,Heidfeld,52,2007,6,3.0,Nick Heidfeld
1,Lewis,Hamilton,52,2007,7,2.0,Lewis Hamilton
15,Jarno,Trulli,52,2007,8,1.0,Jarno Trulli
14,David,Coulthard,52,2007,9,0.0,David Coulthard
6,Kazuki,Nakajima,52,2007,10,0.0,Kazuki Nakajima
23,Ralf,Schumacher,52,2007,11,0.0,Ralf Schumacher
11,Takuma,Sato,52,2007,12,0.0,Takuma Sato
24,Vitantonio,Liuzzi,52,2007,13,0.0,Vitantonio Liuzzi
19,Anthony,Davidson,52,2007,14,0.0,Anthony Davidson
4,Fernando,Alonso,53,2006,1,10.0,Fernando Alonso
30,Michael,Schumacher,53,2006,2,8.0,Michael Schumacher
8,Kimi,Räikkönen,53,2006,3,6.0,Kimi Räikkönen
18,Jenson,Button,53,2006,4,5.0,Jenson Button
31,Juan,Pablo Montoya,53,2006,5,4.0,Juan Pablo Montoya
17,Mark,Webber,53,2006,6,3.0,Mark Webber
3,Nico,Rosberg,53,2006,7,2.0,Nico Rosberg
32,Christian,Klien,53,2006,8,1.0,Christian Klien
13,Felipe,Massa,53,2006,9,0.0,Felipe Massa
14,David,Coulthard,53,2006,10,0.0,David Coulthard
24,Vitantonio,Liuzzi,53,2006,11,0.0,Vitantonio Liuzzi
2,Nick,Heidfeld,53,2006,12,0.0,Nick Heidfeld
26,Scott,Speed,53,2006,13,0.0,Scott Speed
23,Ralf,Schumacher,53,2006,14,0.0,Ralf Schumacher
22,Rubens,Barrichello,53,2006,15,0.0,Rubens Barrichello
15,Jarno,Trulli,53,2006,16,0.0,Jarno Trulli
33,Tiago,Monteiro,53,2006,17,0.0,Tiago Monteiro
11,Takuma,Sato,53,2006,18,0.0,Takuma Sato
21,Giancarlo,Fisichella,54,2006,1,10.0,Giancarlo Fisichella
4,Fernando,Alonso,54,2006,2,8.0,Fernando Alonso
18,Jenson,Button,54,2006,3,6.0,Jenson Button
31,Juan,Pablo Montoya,54,2006,4,5.0,Juan Pablo Montoya
13,Felipe,Massa,54,2006,5,4.0,Felipe Massa
30,Michael,Schumacher,54,2006,6,3.0,Michael Schumacher
35,Jacques,Villeneuve,54,2006,7,2.0,Jacques Villeneuve
23,Ralf,Schumacher,54,2006,8,1.0,Ralf Schumacher
15,Jarno,Trulli,54,2006,9,0.0,Jarno Trulli
22,Rubens,Barrichello,54,2006,10,0.0,Rubens Barrichello
24,Vitantonio,Liuzzi,54,2006,11,0.0,Vitantonio Liuzzi
27,Christijan,Albers,54,2006,12,0.0,Christijan Albers
33,Tiago,Monteiro,54,2006,13,0.0,Tiago Monteiro
11,Takuma,Sato,54,2006,14,0.0,Takuma Sato
4,Fernando,Alonso,55,2006,1,10.0,Fernando Alonso
8,Kimi,Räikkönen,55,2006,2,8.0,Kimi Räikkönen
23,Ralf,Schumacher,55,2006,3,6.0,Ralf Schumacher
2,Nick,Heidfeld,55,2006,4,5.0,Nick Heidfeld
21,Giancarlo,Fisichella,55,2006,5,4.0,Giancarlo Fisichella
35,Jacques,Villeneuve,55,2006,6,3.0,Jacques Villeneuve
22,Rubens,Barrichello,55,2006,7,2.0,Rubens Barrichello
14,David,Coulthard,55,2006,8,1.0,David Coulthard
26,Scott,Speed,55,2006,9,0.0,Scott Speed
18,Jenson,Button,55,2006,10,0.0,Jenson Button
27,Christijan,Albers,55,2006,11,0.0,Christijan Albers
11,Takuma,Sato,55,2006,12,0.0,Takuma Sato
34,Yuji,Ide,55,2006,13,0.0,Yuji Ide
30,Michael,Schumacher,56,2006,1,10.0,Michael Schumacher
4,Fernando,Alonso,56,2006,2,8.0,Fernando Alonso
31,Juan,Pablo Montoya,56,2006,3,6.0,Juan Pablo Montoya
13,Felipe,Massa,56,2006,4,5.0,Felipe Massa
8,Kimi,Räikkönen,56,2006,5,4.0,Kimi Räikkönen
17,Mark,Webber,56,2006,6,3.0,Mark Webber
18,Jenson,Button,56,2006,7,2.0,Jenson Button
21,Giancarlo,Fisichella,56,2006,8,1.0,Giancarlo Fisichella
23,Ralf,Schumacher,56,2006,9,0.0,Ralf Schumacher
22,Rubens,Barrichello,56,2006,10,0.0,Rubens Barrichello
3,Nico,Rosberg,56,2006,11,0.0,Nico Rosberg
35,Jacques,Villeneuve,56,2006,12,0.0,Jacques Villeneuve
2,Nick,Heidfeld,56,2006,13,0.0,Nick Heidfeld
24,Vitantonio,Liuzzi,56,2006,14,0.0,Vitantonio Liuzzi
26,Scott,Speed,56,2006,15,0.0,Scott Speed
33,Tiago,Monteiro,56,2006,16,0.0,Tiago Monteiro
30,Michael,Schumacher,57,2006,1,10.0,Michael Schumacher
4,Fernando,Alonso,57,2006,2,8.0,Fernando Alonso
13,Felipe,Massa,57,2006,3,6.0,Felipe Massa
8,Kimi,Räikkönen,57,2006,4,5.0,Kimi Räikkönen
22,Rubens,Barrichello,57,2006,5,4.0,Rubens Barrichello
21,Giancarlo,Fisichella,57,2006,6,3.0,Giancarlo Fisichella
3,Nico,Rosberg,57,2006,7,2.0,Nico Rosberg
35,Jacques,Villeneuve,57,2006,8,1.0,Jacques Villeneuve
15,Jarno,Trulli,57,2006,9,0.0,Jarno Trulli
2,Nick,Heidfeld,57,2006,10,0.0,Nick Heidfeld
26,Scott,Speed,57,2006,11,0.0,Scott Speed
33,Tiago,Monteiro,57,2006,12,0.0,Tiago Monteiro
27,Christijan,Albers,57,2006,13,0.0,Christijan Albers
4,Fernando,Alonso,58,2006,1,10.0,Fernando Alonso
30,Michael,Schumacher,58,2006,2,8.0,Michael Schumacher
21,Giancarlo,Fisichella,58,2006,3,6.0,Giancarlo Fisichella
13,Felipe,Massa,58,2006,4,5.0,Felipe Massa
8,Kimi,Räikkönen,58,2006,5,4.0,Kimi Räikkönen
18,Jenson,Button,58,2006,6,3.0,Jenson Button
22,Rubens,Barrichello,58,2006,7,2.0,Rubens Barrichello
2,Nick,Heidfeld,58,2006,8,1.0,Nick Heidfeld
17,Mark,Webber,58,2006,9,0.0,Mark Webber
15,Jarno,Trulli,58,2006,10,0.0,Jarno Trulli
3,Nico,Rosberg,58,2006,11,0.0,Nico Rosberg
35,Jacques,Villeneuve,58,2006,12,0.0,Jacques Villeneuve
32,Christian,Klien,58,2006,13,0.0,Christian Klien
14,David,Coulthard,58,2006,14,0.0,David Coulthard
24,Vitantonio,Liuzzi,58,2006,15,0.0,Vitantonio Liuzzi
33,Tiago,Monteiro,58,2006,16,0.0,Tiago Monteiro
11,Takuma,Sato,58,2006,17,0.0,Takuma Sato
4,Fernando,Alonso,59,2006,1,10.0,Fernando Alonso
31,Juan,Pablo Montoya,59,2006,2,8.0,Juan Pablo Montoya
14,David,Coulthard,59,2006,3,6.0,David Coulthard
22,Rubens,Barrichello,59,2006,4,5.0,Rubens Barrichello
30,Michael,Schumacher,59,2006,5,4.0,Michael Schumacher
21,Giancarlo,Fisichella,59,2006,6,3.0,Giancarlo Fisichella
2,Nick,Heidfeld,59,2006,7,2.0,Nick Heidfeld
23,Ralf,Schumacher,59,2006,8,1.0,Ralf Schumacher
13,Felipe,Massa,59,2006,9,0.0,Felipe Massa
24,Vitantonio,Liuzzi,59,2006,10,0.0,Vitantonio Liuzzi
18,Jenson,Button,59,2006,11,0.0,Jenson Button
27,Christijan,Albers,59,2006,12,0.0,Christijan Albers
26,Scott,Speed,59,2006,13,0.0,Scott Speed
35,Jacques,Villeneuve,59,2006,14,0.0,Jacques Villeneuve
33,Tiago,Monteiro,59,2006,15,0.0,Tiago Monteiro
36,Franck,Montagny,59,2006,16,0.0,Franck Montagny
15,Jarno,Trulli,59,2006,17,0.0,Jarno Trulli
4,Fernando,Alonso,60,2006,1,10.0,Fernando Alonso
30,Michael,Schumacher,60,2006,2,8.0,Michael Schumacher
8,Kimi,Räikkönen,60,2006,3,6.0,Kimi Räikkönen
21,Giancarlo,Fisichella,60,2006,4,5.0,Giancarlo Fisichella
13,Felipe,Massa,60,2006,5,4.0,Felipe Massa
31,Juan,Pablo Montoya,60,2006,6,3.0,Juan Pablo Montoya
2,Nick,Heidfeld,60,2006,7,2.0,Nick Heidfeld
35,Jacques,Villeneuve,60,2006,8,1.0,Jacques Villeneuve
3,Nico,Rosberg,60,2006,9,0.0,Nico Rosberg
22,Rubens,Barrichello,60,2006,10,0.0,Rubens Barrichello
15,Jarno,Trulli,60,2006,11,0.0,Jarno Trulli
14,David,Coulthard,60,2006,12,0.0,David Coulthard
24,Vitantonio,Liuzzi,60,2006,13,0.0,Vitantonio Liuzzi
32,Christian,Klien,60,2006,14,0.0,Christian Klien
27,Christijan,Albers,60,2006,15,0.0,Christijan Albers
33,Tiago,Monteiro,60,2006,16,0.0,Tiago Monteiro
11,Takuma,Sato,60,2006,17,0.0,Takuma Sato
36,Franck,Montagny,60,2006,18,0.0,Franck Montagny
4,Fernando,Alonso,61,2006,1,10.0,Fernando Alonso
30,Michael,Schumacher,61,2006,2,8.0,Michael Schumacher
8,Kimi,Räikkönen,61,2006,3,6.0,Kimi Räikkönen
21,Giancarlo,Fisichella,61,2006,4,5.0,Giancarlo Fisichella
13,Felipe,Massa,61,2006,5,4.0,Felipe Massa
15,Jarno,Trulli,61,2006,6,3.0,Jarno Trulli
2,Nick,Heidfeld,61,2006,7,2.0,Nick Heidfeld
14,David,Coulthard,61,2006,8,1.0,David Coulthard
18,Jenson,Button,61,2006,9,0.0,Jenson Button
26,Scott,Speed,61,2006,10,0.0,Scott Speed
32,Christian,Klien,61,2006,11,0.0,Christian Klien
17,Mark,Webber,61,2006,12,0.0,Mark Webber
24,Vitantonio,Liuzzi,61,2006,13,0.0,Vitantonio Liuzzi
33,Tiago,Monteiro,61,2006,14,0.0,Tiago Monteiro
11,Takuma,Sato,61,2006,15,0.0,Takuma Sato
30,Michael,Schumacher,62,2006,1,10.0,Michael Schumacher
13,Felipe,Massa,62,2006,2,8.0,Felipe Massa
21,Giancarlo,Fisichella,62,2006,3,6.0,Giancarlo Fisichella
15,Jarno,Trulli,62,2006,4,5.0,Jarno Trulli
4,Fernando,Alonso,62,2006,5,4.0,Fernando Alonso
22,Rubens,Barrichello,62,2006,6,3.0,Rubens Barrichello
14,David,Coulthard,62,2006,7,2.0,David Coulthard
24,Vitantonio,Liuzzi,62,2006,8,1.0,Vitantonio Liuzzi
3,Nico,Rosberg,62,2006,9,0.0,Nico Rosberg
30,Michael,Schumacher,63,2006,1,10.0,Michael Schumacher
4,Fernando,Alonso,63,2006,2,8.0,Fernando Alonso
13,Felipe,Massa,63,2006,3,6.0,Felipe Massa
23,Ralf,Schumacher,63,2006,4,5.0,Ralf Schumacher
8,Kimi,Räikkönen,63,2006,5,4.0,Kimi Räikkönen
21,Giancarlo,Fisichella,63,2006,6,3.0,Giancarlo Fisichella
37,Pedro,de la Rosa,63,2006,7,2.0,Pedro de la Rosa
2,Nick,Heidfeld,63,2006,8,1.0,Nick Heidfeld
14,David,Coulthard,63,2006,9,0.0,David Coulthard
26,Scott,Speed,63,2006,10,0.0,Scott Speed
35,Jacques,Villeneuve,63,2006,11,0.0,Jacques Villeneuve
32,Christian,Klien,63,2006,12,0.0,Christian Klien
24,Vitantonio,Liuzzi,63,2006,13,0.0,Vitantonio Liuzzi
3,Nico,Rosberg,63,2006,14,0.0,Nico Rosberg
27,Christijan,Albers,63,2006,15,0.0,Christijan Albers
36,Franck,Montagny,63,2006,16,0.0,Franck Montagny
30,Michael,Schumacher,64,2006,1,10.0,Michael Schumacher
13,Felipe,Massa,64,2006,2,8.0,Felipe Massa
8,Kimi,Räikkönen,64,2006,3,6.0,Kimi Räikkönen
18,Jenson,Button,64,2006,4,5.0,Jenson Button
4,Fernando,Alonso,64,2006,5,4.0,Fernando Alonso
21,Giancarlo,Fisichella,64,2006,6,3.0,Giancarlo Fisichella
15,Jarno,Trulli,64,2006,7,2.0,Jarno Trulli
32,Christian,Klien,64,2006,8,1.0,Christian Klien
23,Ralf,Schumacher,64,2006,9,0.0,Ralf Schumacher
24,Vitantonio,Liuzzi,64,2006,10,0.0,Vitantonio Liuzzi
14,David,Coulthard,64,2006,11,0.0,David Coulthard
26,Scott,Speed,64,2006,12,0.0,Scott Speed
18,Jenson,Button,65,2006,1,10.0,Jenson Button
37,Pedro,de la Rosa,65,2006,2,8.0,Pedro de la Rosa
2,Nick,Heidfeld,65,2006,3,6.0,Nick Heidfeld
22,Rubens,Barrichello,65,2006,4,5.0,Rubens Barrichello
14,David,Coulthard,65,2006,5,4.0,David Coulthard
23,Ralf,Schumacher,65,2006,6,3.0,Ralf Schumacher
13,Felipe,Massa,65,2006,7,2.0,Felipe Massa
30,Michael,Schumacher,65,2006,8,1.0,Michael Schumacher
33,Tiago,Monteiro,65,2006,9,0.0,Tiago Monteiro
27,Christijan,Albers,65,2006,10,0.0,Christijan Albers
26,Scott,Speed,65,2006,11,0.0,Scott Speed
15,Jarno,Trulli,65,2006,12,0.0,Jarno Trulli
11,Takuma,Sato,65,2006,13,0.0,Takuma Sato
13,Felipe,Massa,66,2006,1,10.0,Felipe Massa
4,Fernando,Alonso,66,2006,2,8.0,Fernando Alonso
30,Michael,Schumacher,66,2006,3,6.0,Michael Schumacher
18,Jenson,Button,66,2006,4,5.0,Jenson Button
37,Pedro,de la Rosa,66,2006,5,4.0,Pedro de la Rosa
21,Giancarlo,Fisichella,66,2006,6,3.0,Giancarlo Fisichella
23,Ralf,Schumacher,66,2006,7,2.0,Ralf Schumacher
22,Rubens,Barrichello,66,2006,8,1.0,Rubens Barrichello
15,Jarno,Trulli,66,2006,9,0.0,Jarno Trulli
17,Mark,Webber,66,2006,10,0.0,Mark Webber
32,Christian,Klien,66,2006,11,0.0,Christian Klien
9,Robert,Kubica,66,2006,12,0.0,Robert Kubica
26,Scott,Speed,66,2006,13,0.0,Scott Speed
2,Nick,Heidfeld,66,2006,14,0.0,Nick Heidfeld
14,David,Coulthard,66,2006,15,0.0,David Coulthard
30,Michael,Schumacher,67,2006,1,10.0,Michael Schumacher
8,Kimi,Räikkönen,67,2006,2,8.0,Kimi Räikkönen
9,Robert,Kubica,67,2006,3,6.0,Robert Kubica
21,Giancarlo,Fisichella,67,2006,4,5.0,Giancarlo Fisichella
18,Jenson,Button,67,2006,5,4.0,Jenson Button
22,Rubens,Barrichello,67,2006,6,3.0,Rubens Barrichello
15,Jarno,Trulli,67,2006,7,2.0,Jarno Trulli
2,Nick,Heidfeld,67,2006,8,1.0,Nick Heidfeld
13,Felipe,Massa,67,2006,9,0.0,Felipe Massa
17,Mark,Webber,67,2006,10,0.0,Mark Webber
32,Christian,Klien,67,2006,11,0.0,Christian Klien
14,David,Coulthard,67,2006,12,0.0,David Coulthard
26,Scott,Speed,67,2006,13,0.0,Scott Speed
24,Vitantonio,Liuzzi,67,2006,14,0.0,Vitantonio Liuzzi
23,Ralf,Schumacher,67,2006,15,0.0,Ralf Schumacher
11,Takuma,Sato,67,2006,16,0.0,Takuma Sato
27,Christijan,Albers,67,2006,17,0.0,Christijan Albers
30,Michael,Schumacher,68,2006,1,10.0,Michael Schumacher
4,Fernando,Alonso,68,2006,2,8.0,Fernando Alonso
21,Giancarlo,Fisichella,68,2006,3,6.0,Giancarlo Fisichella
18,Jenson,Button,68,2006,4,5.0,Jenson Button
37,Pedro,de la Rosa,68,2006,5,4.0,Pedro de la Rosa
22,Rubens,Barrichello,68,2006,6,3.0,Rubens Barrichello
2,Nick,Heidfeld,68,2006,7,2.0,Nick Heidfeld
17,Mark,Webber,68,2006,8,1.0,Mark Webber
14,David,Coulthard,68,2006,9,0.0,David Coulthard
24,Vitantonio,Liuzzi,68,2006,10,0.0,Vitantonio Liuzzi
3,Nico,Rosberg,68,2006,11,0.0,Nico Rosberg
38,Robert,Doornbos,68,2006,12,0.0,Robert Doornbos
9,Robert,Kubica,68,2006,13,0.0,Robert Kubica
26,Scott,Speed,68,2006,14,0.0,Scott Speed
27,Christijan,Albers,68,2006,15,0.0,Christijan Albers
29,Sakon,Yamamoto,68,2006,16,0.0,Sakon Yamamoto
4,Fernando,Alonso,69,2006,1,10.0,Fernando Alonso
13,Felipe,Massa,69,2006,2,8.0,Felipe Massa
21,Giancarlo,Fisichella,69,2006,3,6.0,Giancarlo Fisichella
18,Jenson,Button,69,2006,4,5.0,Jenson Button
8,Kimi,Räikkönen,69,2006,5,4.0,Kimi Räikkönen
15,Jarno,Trulli,69,2006,6,3.0,Jarno Trulli
23,Ralf,Schumacher,69,2006,7,2.0,Ralf Schumacher
2,Nick,Heidfeld,69,2006,8,1.0,Nick Heidfeld
9,Robert,Kubica,69,2006,9,0.0,Robert Kubica
3,Nico,Rosberg,69,2006,10,0.0,Nico Rosberg
37,Pedro,de la Rosa,69,2006,11,0.0,Pedro de la Rosa
22,Rubens,Barrichello,69,2006,12,0.0,Rubens Barrichello
38,Robert,Doornbos,69,2006,13,0.0,Robert Doornbos
24,Vitantonio,Liuzzi,69,2006,14,0.0,Vitantonio Liuzzi
11,Takuma,Sato,69,2006,15,0.0,Takuma Sato
33,Tiago,Monteiro,69,2006,16,0.0,Tiago Monteiro
29,Sakon,Yamamoto,69,2006,17,0.0,Sakon Yamamoto
26,Scott,Speed,69,2006,18,0.0,Scott Speed
13,Felipe,Massa,70,2006,1,10.0,Felipe Massa
4,Fernando,Alonso,70,2006,2,8.0,Fernando Alonso
18,Jenson,Button,70,2006,3,6.0,Jenson Button
30,Michael,Schumacher,70,2006,4,5.0,Michael Schumacher
8,Kimi,Räikkönen,70,2006,5,4.0,Kimi Räikkönen
21,Giancarlo,Fisichella,70,2006,6,3.0,Giancarlo Fisichella
22,Rubens,Barrichello,70,2006,7,2.0,Rubens Barrichello
37,Pedro,de la Rosa,70,2006,8,1.0,Pedro de la Rosa
9,Robert,Kubica,70,2006,9,0.0,Robert Kubica
11,Takuma,Sato,70,2006,10,0.0,Takuma Sato
26,Scott,Speed,70,2006,11,0.0,Scott Speed
38,Robert,Doornbos,70,2006,12,0.0,Robert Doornbos
24,Vitantonio,Liuzzi,70,2006,13,0.0,Vitantonio Liuzzi
27,Christijan,Albers,70,2006,14,0.0,Christijan Albers
33,Tiago,Monteiro,70,2006,15,0.0,Tiago Monteiro
29,Sakon,Yamamoto,70,2006,16,0.0,Sakon Yamamoto
2,Nick,Heidfeld,70,2006,17,0.0,Nick Heidfeld
21,Giancarlo,Fisichella,71,2005,1,10.0,Giancarlo Fisichella
22,Rubens,Barrichello,71,2005,2,8.0,Rubens Barrichello
4,Fernando,Alonso,71,2005,3,6.0,Fernando Alonso
14,David,Coulthard,71,2005,4,5.0,David Coulthard
17,Mark,Webber,71,2005,5,4.0,Mark Webber
31,Juan,Pablo Montoya,71,2005,6,3.0,Juan Pablo Montoya
32,Christian,Klien,71,2005,7,2.0,Christian Klien
8,Kimi,Räikkönen,71,2005,8,1.0,Kimi Räikkönen
15,Jarno,Trulli,71,2005,9,0.0,Jarno Trulli
13,Felipe,Massa,71,2005,10,0.0,Felipe Massa
23,Ralf,Schumacher,71,2005,12,0.0,Ralf Schumacher
35,Jacques,Villeneuve,71,2005,13,0.0,Jacques Villeneuve
39,Narain,Karthikeyan,71,2005,15,0.0,Narain Karthikeyan
33,Tiago,Monteiro,71,2005,16,0.0,Tiago Monteiro
40,Patrick,Friesacher,71,2005,17,0.0,Patrick Friesacher
4,Fernando,Alonso,72,2005,1,10.0,Fernando Alonso
15,Jarno,Trulli,72,2005,2,8.0,Jarno Trulli
2,Nick,Heidfeld,72,2005,3,6.0,Nick Heidfeld
31,Juan,Pablo Montoya,72,2005,4,5.0,Juan Pablo Montoya
23,Ralf,Schumacher,72,2005,5,4.0,Ralf Schumacher
14,David,Coulthard,72,2005,6,3.0,David Coulthard
30,Michael,Schumacher,72,2005,7,2.0,Michael Schumacher
32,Christian,Klien,72,2005,8,1.0,Christian Klien
8,Kimi,Räikkönen,72,2005,9,0.0,Kimi Räikkönen
13,Felipe,Massa,72,2005,10,0.0,Felipe Massa
39,Narain,Karthikeyan,72,2005,11,0.0,Narain Karthikeyan
33,Tiago,Monteiro,72,2005,12,0.0,Tiago Monteiro
27,Christijan,Albers,72,2005,13,0.0,Christijan Albers
4,Fernando,Alonso,73,2005,1,10.0,Fernando Alonso
15,Jarno,Trulli,73,2005,2,8.0,Jarno Trulli
8,Kimi,Räikkönen,73,2005,3,6.0,Kimi Räikkönen
23,Ralf,Schumacher,73,2005,4,5.0,Ralf Schumacher
37,Pedro,de la Rosa,73,2005,5,4.0,Pedro de la Rosa
17,Mark,Webber,73,2005,6,3.0,Mark Webber
13,Felipe,Massa,73,2005,7,2.0,Felipe Massa
14,David,Coulthard,73,2005,8,1.0,David Coulthard
22,Rubens,Barrichello,73,2005,9,0.0,Rubens Barrichello
33,Tiago,Monteiro,73,2005,10,0.0,Tiago Monteiro
35,Jacques,Villeneuve,73,2005,11,0.0,Jacques Villeneuve
40,Patrick,Friesacher,73,2005,12,0.0,Patrick Friesacher
27,Christijan,Albers,73,2005,13,0.0,Christijan Albers
4,Fernando,Alonso,74,2005,1,10.0,Fernando Alonso
30,Michael,Schumacher,74,2005,2,8.0,Michael Schumacher
25,Alexander,Wurz,74,2005,3,6.0,Alexander Wurz
35,Jacques,Villeneuve,74,2005,4,5.0,Jacques Villeneuve
15,Jarno,Trulli,74,2005,5,4.0,Jarno Trulli
2,Nick,Heidfeld,74,2005,6,3.0,Nick Heidfeld
17,Mark,Webber,74,2005,7,2.0,Mark Webber
24,Vitantonio,Liuzzi,74,2005,8,1.0,Vitantonio Liuzzi
23,Ralf,Schumacher,74,2005,9,0.0,Ralf Schumacher
13,Felipe,Massa,74,2005,10,0.0,Felipe Massa
14,David,Coulthard,74,2005,11,0.0,David Coulthard
39,Narain,Karthikeyan,74,2005,12,0.0,Narain Karthikeyan
33,Tiago,Monteiro,74,2005,13,0.0,Tiago Monteiro
8,Kimi,Räikkönen,75,2005,1,10.0,Kimi Räikkönen
4,Fernando,Alonso,75,2005,2,8.0,Fernando Alonso
15,Jarno,Trulli,75,2005,3,6.0,Jarno Trulli
23,Ralf,Schumacher,75,2005,4,5.0,Ralf Schumacher
21,Giancarlo,Fisichella,75,2005,5,4.0,Giancarlo Fisichella
17,Mark,Webber,75,2005,6,3.0,Mark Webber
31,Juan,Pablo Montoya,75,2005,7,2.0,Juan Pablo Montoya
14,David,Coulthard,75,2005,8,1.0,David Coulthard
22,Rubens,Barrichello,75,2005,9,0.0,Rubens Barrichello
2,Nick,Heidfeld,75,2005,10,0.0,Nick Heidfeld
13,Felipe,Massa,75,2005,11,0.0,Felipe Massa
33,Tiago,Monteiro,75,2005,12,0.0,Tiago Monteiro
39,Narain,Karthikeyan,75,2005,13,0.0,Narain Karthikeyan
8,Kimi,Räikkönen,76,2005,1,10.0,Kimi Räikkönen
2,Nick,Heidfeld,76,2005,2,8.0,Nick Heidfeld
17,Mark,Webber,76,2005,3,6.0,Mark Webber
4,Fernando,Alonso,76,2005,4,5.0,Fernando Alonso
31,Juan,Pablo Montoya,76,2005,5,4.0,Juan Pablo Montoya
23,Ralf,Schumacher,76,2005,6,3.0,Ralf Schumacher
30,Michael,Schumacher,76,2005,7,2.0,Michael Schumacher
22,Rubens,Barrichello,76,2005,8,1.0,Rubens Barrichello
13,Felipe,Massa,76,2005,9,0.0,Felipe Massa
15,Jarno,Trulli,76,2005,10,0.0,Jarno Trulli
35,Jacques,Villeneuve,76,2005,11,0.0,Jacques Villeneuve
21,Giancarlo,Fisichella,76,2005,12,0.0,Giancarlo Fisichella
33,Tiago,Monteiro,76,2005,13,0.0,Tiago Monteiro
27,Christijan,Albers,76,2005,14,0.0,Christijan Albers
4,Fernando,Alonso,77,2005,1,10.0,Fernando Alonso
2,Nick,Heidfeld,77,2005,2,8.0,Nick Heidfeld
22,Rubens,Barrichello,77,2005,3,6.0,Rubens Barrichello
14,David,Coulthard,77,2005,4,5.0,David Coulthard
30,Michael,Schumacher,77,2005,5,4.0,Michael Schumacher
21,Giancarlo,Fisichella,77,2005,6,3.0,Giancarlo Fisichella
31,Juan,Pablo Montoya,77,2005,7,2.0,Juan Pablo Montoya
15,Jarno,Trulli,77,2005,8,1.0,Jarno Trulli
24,Vitantonio,Liuzzi,77,2005,9,0.0,Vitantonio Liuzzi
18,Jenson,Button,77,2005,10,0.0,Jenson Button
8,Kimi,Räikkönen,77,2005,11,0.0,Kimi Räikkönen
11,Takuma,Sato,77,2005,12,0.0,Takuma Sato
35,Jacques,Villeneuve,77,2005,13,0.0,Jacques Villeneuve
13,Felipe,Massa,77,2005,14,0.0,Felipe Massa
33,Tiago,Monteiro,77,2005,15,0.0,Tiago Monteiro
39,Narain,Karthikeyan,77,2005,16,0.0,Narain Karthikeyan
27,Christijan,Albers,77,2005,17,0.0,Christijan Albers
40,Patrick,Friesacher,77,2005,18,0.0,Patrick Friesacher
8,Kimi,Räikkönen,78,2005,1,10.0,Kimi Räikkönen
30,Michael,Schumacher,78,2005,2,8.0,Michael Schumacher
22,Rubens,Barrichello,78,2005,3,6.0,Rubens Barrichello
13,Felipe,Massa,78,2005,4,5.0,Felipe Massa
17,Mark,Webber,78,2005,5,4.0,Mark Webber
23,Ralf,Schumacher,78,2005,6,3.0,Ralf Schumacher
14,David,Coulthard,78,2005,7,2.0,David Coulthard
32,Christian,Klien,78,2005,8,1.0,Christian Klien
35,Jacques,Villeneuve,78,2005,9,0.0,Jacques Villeneuve
33,Tiago,Monteiro,78,2005,10,0.0,Tiago Monteiro
27,Christijan,Albers,78,2005,11,0.0,Christijan Albers
30,Michael,Schumacher,79,2005,1,10.0,Michael Schumacher
22,Rubens,Barrichello,79,2005,2,8.0,Rubens Barrichello
33,Tiago,Monteiro,79,2005,3,6.0,Tiago Monteiro
39,Narain,Karthikeyan,79,2005,4,5.0,Narain Karthikeyan
27,Christijan,Albers,79,2005,5,4.0,Christijan Albers
40,Patrick,Friesacher,79,2005,6,3.0,Patrick Friesacher
4,Fernando,Alonso,80,2005,1,10.0,Fernando Alonso
8,Kimi,Räikkönen,80,2005,2,8.0,Kimi Räikkönen
30,Michael,Schumacher,80,2005,3,6.0,Michael Schumacher
18,Jenson,Button,80,2005,4,5.0,Jenson Button
15,Jarno,Trulli,80,2005,5,4.0,Jarno Trulli
21,Giancarlo,Fisichella,80,2005,6,3.0,Giancarlo Fisichella
23,Ralf,Schumacher,80,2005,7,2.0,Ralf Schumacher
35,Jacques,Villeneuve,80,2005,8,1.0,Jacques Villeneuve
22,Rubens,Barrichello,80,2005,9,0.0,Rubens Barrichello
14,David,Coulthard,80,2005,10,0.0,David Coulthard
11,Takuma,Sato,80,2005,11,0.0,Takuma Sato
17,Mark,Webber,80,2005,12,0.0,Mark Webber
33,Tiago,Monteiro,80,2005,13,0.0,Tiago Monteiro
2,Nick,Heidfeld,80,2005,14,0.0,Nick Heidfeld
39,Narain,Karthikeyan,80,2005,15,0.0,Narain Karthikeyan
31,Juan,Pablo Montoya,81,2005,1,10.0,Juan Pablo Montoya
4,Fernando,Alonso,81,2005,2,8.0,Fernando Alonso
8,Kimi,Räikkönen,81,2005,3,6.0,Kimi Räikkönen
21,Giancarlo,Fisichella,81,2005,4,5.0,Giancarlo Fisichella
18,Jenson,Button,81,2005,5,4.0,Jenson Button
30,Michael,Schumacher,81,2005,6,3.0,Michael Schumacher
22,Rubens,Barrichello,81,2005,7,2.0,Rubens Barrichello
23,Ralf,Schumacher,81,2005,8,1.0,Ralf Schumacher
15,Jarno,Trulli,81,2005,9,0.0,Jarno Trulli
13,Felipe,Massa,81,2005,10,0.0,Felipe Massa
17,Mark,Webber,81,2005,11,0.0,Mark Webber
2,Nick,Heidfeld,81,2005,12,0.0,Nick Heidfeld
14,David,Coulthard,81,2005,13,0.0,David Coulthard
35,Jacques,Villeneuve,81,2005,14,0.0,Jacques Villeneuve
32,Christian,Klien,81,2005,15,0.0,Christian Klien
11,Takuma,Sato,81,2005,16,0.0,Takuma Sato
33,Tiago,Monteiro,81,2005,17,0.0,Tiago Monteiro
27,Christijan,Albers,81,2005,18,0.0,Christijan Albers
40,Patrick,Friesacher,81,2005,19,0.0,Patrick Friesacher
4,Fernando,Alonso,82,2005,1,10.0,Fernando Alonso
31,Juan,Pablo Montoya,82,2005,2,8.0,Juan Pablo Montoya
18,Jenson,Button,82,2005,3,6.0,Jenson Button
21,Giancarlo,Fisichella,82,2005,4,5.0,Giancarlo Fisichella
30,Michael,Schumacher,82,2005,5,4.0,Michael Schumacher
23,Ralf,Schumacher,82,2005,6,3.0,Ralf Schumacher
14,David,Coulthard,82,2005,7,2.0,David Coulthard
13,Felipe,Massa,82,2005,8,1.0,Felipe Massa
32,Christian,Klien,82,2005,9,0.0,Christian Klien
22,Rubens,Barrichello,82,2005,10,0.0,Rubens Barrichello
2,Nick,Heidfeld,82,2005,11,0.0,Nick Heidfeld
11,Takuma,Sato,82,2005,12,0.0,Takuma Sato
27,Christijan,Albers,82,2005,13,0.0,Christijan Albers
15,Jarno,Trulli,82,2005,14,0.0,Jarno Trulli
35,Jacques,Villeneuve,82,2005,15,0.0,Jacques Villeneuve
39,Narain,Karthikeyan,82,2005,16,0.0,Narain Karthikeyan
33,Tiago,Monteiro,82,2005,17,0.0,Tiago Monteiro
38,Robert,Doornbos,82,2005,18,0.0,Robert Doornbos
8,Kimi,Räikkönen,83,2005,1,10.0,Kimi Räikkönen
30,Michael,Schumacher,83,2005,2,8.0,Michael Schumacher
23,Ralf,Schumacher,83,2005,3,6.0,Ralf Schumacher
15,Jarno,Trulli,83,2005,4,5.0,Jarno Trulli
18,Jenson,Button,83,2005,5,4.0,Jenson Button
2,Nick,Heidfeld,83,2005,6,3.0,Nick Heidfeld
17,Mark,Webber,83,2005,7,2.0,Mark Webber
11,Takuma,Sato,83,2005,8,1.0,Takuma Sato
21,Giancarlo,Fisichella,83,2005,9,0.0,Giancarlo Fisichella
22,Rubens,Barrichello,83,2005,10,0.0,Rubens Barrichello
4,Fernando,Alonso,83,2005,11,0.0,Fernando Alonso
39,Narain,Karthikeyan,83,2005,12,0.0,Narain Karthikeyan
33,Tiago,Monteiro,83,2005,13,0.0,Tiago Monteiro
13,Felipe,Massa,83,2005,14,0.0,Felipe Massa
8,Kimi,Räikkönen,84,2005,1,10.0,Kimi Räikkönen
4,Fernando,Alonso,84,2005,2,8.0,Fernando Alonso
31,Juan,Pablo Montoya,84,2005,3,6.0,Juan Pablo Montoya
21,Giancarlo,Fisichella,84,2005,4,5.0,Giancarlo Fisichella
18,Jenson,Button,84,2005,5,4.0,Jenson Button
15,Jarno,Trulli,84,2005,6,3.0,Jarno Trulli
14,David,Coulthard,84,2005,7,2.0,David Coulthard
32,Christian,Klien,84,2005,8,1.0,Christian Klien
11,Takuma,Sato,84,2005,9,0.0,Takuma Sato
22,Rubens,Barrichello,84,2005,10,0.0,Rubens Barrichello
35,Jacques,Villeneuve,84,2005,11,0.0,Jacques Villeneuve
23,Ralf,Schumacher,84,2005,12,0.0,Ralf Schumacher
38,Robert,Doornbos,84,2005,13,0.0,Robert Doornbos
39,Narain,Karthikeyan,84,2005,14,0.0,Narain Karthikeyan
33,Tiago,Monteiro,84,2005,15,0.0,Tiago Monteiro
31,Juan,Pablo Montoya,85,2005,1,10.0,Juan Pablo Montoya
4,Fernando,Alonso,85,2005,2,8.0,Fernando Alonso
21,Giancarlo,Fisichella,85,2005,3,6.0,Giancarlo Fisichella
8,Kimi,Räikkönen,85,2005,4,5.0,Kimi Räikkönen
15,Jarno,Trulli,85,2005,5,4.0,Jarno Trulli
23,Ralf,Schumacher,85,2005,6,3.0,Ralf Schumacher
42,Antônio,Pizzonia,85,2005,7,2.0,Antônio Pizzonia
18,Jenson,Button,85,2005,8,1.0,Jenson Button
13,Felipe,Massa,85,2005,9,0.0,Felipe Massa
30,Michael,Schumacher,85,2005,10,0.0,Michael Schumacher
35,Jacques,Villeneuve,85,2005,11,0.0,Jacques Villeneuve
22,Rubens,Barrichello,85,2005,12,0.0,Rubens Barrichello
32,Christian,Klien,85,2005,13,0.0,Christian Klien
17,Mark,Webber,85,2005,14,0.0,Mark Webber
14,David,Coulthard,85,2005,15,0.0,David Coulthard
11,Takuma,Sato,85,2005,16,0.0,Takuma Sato
33,Tiago,Monteiro,85,2005,17,0.0,Tiago Monteiro
38,Robert,Doornbos,85,2005,18,0.0,Robert Doornbos
27,Christijan,Albers,85,2005,19,0.0,Christijan Albers
39,Narain,Karthikeyan,85,2005,20,0.0,Narain Karthikeyan
8,Kimi,Räikkönen,86,2005,1,10.0,Kimi Räikkönen
4,Fernando,Alonso,86,2005,2,8.0,Fernando Alonso
18,Jenson,Button,86,2005,3,6.0,Jenson Button
17,Mark,Webber,86,2005,4,5.0,Mark Webber
22,Rubens,Barrichello,86,2005,5,4.0,Rubens Barrichello
35,Jacques,Villeneuve,86,2005,6,3.0,Jacques Villeneuve
23,Ralf,Schumacher,86,2005,7,2.0,Ralf Schumacher
33,Tiago,Monteiro,86,2005,8,1.0,Tiago Monteiro
32,Christian,Klien,86,2005,9,0.0,Christian Klien
13,Felipe,Massa,86,2005,10,0.0,Felipe Massa
39,Narain,Karthikeyan,86,2005,11,0.0,Narain Karthikeyan
27,Christijan,Albers,86,2005,12,0.0,Christijan Albers
38,Robert,Doornbos,86,2005,13,0.0,Robert Doornbos
31,Juan,Pablo Montoya,86,2005,14,0.0,Juan Pablo Montoya
42,Antônio,Pizzonia,86,2005,15,0.0,Antônio Pizzonia
31,Juan,Pablo Montoya,87,2005,1,10.0,Juan Pablo Montoya
8,Kimi,Räikkönen,87,2005,2,8.0,Kimi Räikkönen
4,Fernando,Alonso,87,2005,3,6.0,Fernando Alonso
30,Michael,Schumacher,87,2005,4,5.0,Michael Schumacher
21,Giancarlo,Fisichella,87,2005,5,4.0,Giancarlo Fisichella
22,Rubens,Barrichello,87,2005,6,3.0,Rubens Barrichello
18,Jenson,Button,87,2005,7,2.0,Jenson Button
23,Ralf,Schumacher,87,2005,8,1.0,Ralf Schumacher
32,Christian,Klien,87,2005,9,0.0,Christian Klien
11,Takuma,Sato,87,2005,10,0.0,Takuma Sato
13,Felipe,Massa,87,2005,11,0.0,Felipe Massa
35,Jacques,Villeneuve,87,2005,12,0.0,Jacques Villeneuve
15,Jarno,Trulli,87,2005,13,0.0,Jarno Trulli
27,Christijan,Albers,87,2005,14,0.0,Christijan Albers
39,Narain,Karthikeyan,87,2005,15,0.0,Narain Karthikeyan
8,Kimi,Räikkönen,88,2005,1,10.0,Kimi Räikkönen
21,Giancarlo,Fisichella,88,2005,2,8.0,Giancarlo Fisichella
4,Fernando,Alonso,88,2005,3,6.0,Fernando Alonso
17,Mark,Webber,88,2005,4,5.0,Mark Webber
18,Jenson,Button,88,2005,5,4.0,Jenson Button
14,David,Coulthard,88,2005,6,3.0,David Coulthard
30,Michael,Schumacher,88,2005,7,2.0,Michael Schumacher
23,Ralf,Schumacher,88,2005,8,1.0,Ralf Schumacher
32,Christian,Klien,88,2005,9,0.0,Christian Klien
13,Felipe,Massa,88,2005,10,0.0,Felipe Massa
22,Rubens,Barrichello,88,2005,11,0.0,Rubens Barrichello
35,Jacques,Villeneuve,88,2005,12,0.0,Jacques Villeneuve
33,Tiago,Monteiro,88,2005,13,0.0,Tiago Monteiro
38,Robert,Doornbos,88,2005,14,0.0,Robert Doornbos
39,Narain,Karthikeyan,88,2005,15,0.0,Narain Karthikeyan
27,Christijan,Albers,88,2005,16,0.0,Christijan Albers
4,Fernando,Alonso,89,2005,1,10.0,Fernando Alonso
8,Kimi,Räikkönen,89,2005,2,8.0,Kimi Räikkönen
23,Ralf,Schumacher,89,2005,3,6.0,Ralf Schumacher
21,Giancarlo,Fisichella,89,2005,4,5.0,Giancarlo Fisichella
32,Christian,Klien,89,2005,5,4.0,Christian Klien
13,Felipe,Massa,89,2005,6,3.0,Felipe Massa
17,Mark,Webber,89,2005,7,2.0,Mark Webber
18,Jenson,Button,89,2005,8,1.0,Jenson Button
14,David,Coulthard,89,2005,9,0.0,David Coulthard
35,Jacques,Villeneuve,89,2005,10,0.0,Jacques Villeneuve
33,Tiago,Monteiro,89,2005,11,0.0,Tiago Monteiro
22,Rubens,Barrichello,89,2005,12,0.0,Rubens Barrichello
42,Antônio,Pizzonia,89,2005,13,0.0,Antônio Pizzonia
38,Robert,Doornbos,89,2005,14,0.0,Robert Doornbos
15,Jarno,Trulli,89,2005,15,0.0,Jarno Trulli
27,Christijan,Albers,89,2005,16,0.0,Christijan Albers
30,Michael,Schumacher,90,2004,1,10.0,Michael Schumacher
22,Rubens,Barrichello,90,2004,2,8.0,Rubens Barrichello
4,Fernando,Alonso,90,2004,3,6.0,Fernando Alonso
23,Ralf,Schumacher,90,2004,4,5.0,Ralf Schumacher
31,Juan,Pablo Montoya,90,2004,5,4.0,Juan Pablo Montoya
18,Jenson,Button,90,2004,6,3.0,Jenson Button
15,Jarno,Trulli,90,2004,7,2.0,Jarno Trulli
14,David,Coulthard,90,2004,8,1.0,David Coulthard
11,Takuma,Sato,90,2004,9,0.0,Takuma Sato
21,Giancarlo,Fisichella,90,2004,10,0.0,Giancarlo Fisichella
32,Christian,Klien,90,2004,11,0.0,Christian Klien
43,Cristiano,da Matta,90,2004,12,0.0,Cristiano da Matta
44,Olivier,Panis,90,2004,13,0.0,Olivier Panis
45,Giorgio,Pantano,90,2004,14,0.0,Giorgio Pantano
30,Michael,Schumacher,91,2004,1,10.0,Michael Schumacher
31,Juan,Pablo Montoya,91,2004,2,8.0,Juan Pablo Montoya
18,Jenson,Button,91,2004,3,6.0,Jenson Button
22,Rubens,Barrichello,91,2004,4,5.0,Rubens Barrichello
15,Jarno,Trulli,91,2004,5,4.0,Jarno Trulli
14,David,Coulthard,91,2004,6,3.0,David Coulthard
4,Fernando,Alonso,91,2004,7,2.0,Fernando Alonso
13,Felipe,Massa,91,2004,8,1.0,Felipe Massa
43,Cristiano,da Matta,91,2004,9,0.0,Cristiano da Matta
32,Christian,Klien,91,2004,10,0.0,Christian Klien
21,Giancarlo,Fisichella,91,2004,11,0.0,Giancarlo Fisichella
44,Olivier,Panis,91,2004,12,0.0,Olivier Panis
45,Giorgio,Pantano,91,2004,13,0.0,Giorgio Pantano
46,Gianmaria,Bruni,91,2004,14,0.0,Gianmaria Bruni
11,Takuma,Sato,91,2004,15,0.0,Takuma Sato
47,Zsolt,Baumgartner,91,2004,16,0.0,Zsolt Baumgartner
30,Michael,Schumacher,92,2004,1,10.0,Michael Schumacher
22,Rubens,Barrichello,92,2004,2,8.0,Rubens Barrichello
18,Jenson,Button,92,2004,3,6.0,Jenson Button
15,Jarno,Trulli,92,2004,4,5.0,Jarno Trulli
11,Takuma,Sato,92,2004,5,4.0,Takuma Sato
4,Fernando,Alonso,92,2004,6,3.0,Fernando Alonso
23,Ralf,Schumacher,92,2004,7,2.0,Ralf Schumacher
17,Mark,Webber,92,2004,8,1.0,Mark Webber
44,Olivier,Panis,92,2004,9,0.0,Olivier Panis
43,Cristiano,da Matta,92,2004,10,0.0,Cristiano da Matta
21,Giancarlo,Fisichella,92,2004,11,0.0,Giancarlo Fisichella
13,Felipe,Massa,92,2004,12,0.0,Felipe Massa
31,Juan,Pablo Montoya,92,2004,13,0.0,Juan Pablo Montoya
32,Christian,Klien,92,2004,14,0.0,Christian Klien
2,Nick,Heidfeld,92,2004,15,0.0,Nick Heidfeld
45,Giorgio,Pantano,92,2004,16,0.0,Giorgio Pantano
46,Gianmaria,Bruni,92,2004,17,0.0,Gianmaria Bruni
30,Michael,Schumacher,93,2004,1,10.0,Michael Schumacher
18,Jenson,Button,93,2004,2,8.0,Jenson Button
31,Juan,Pablo Montoya,93,2004,3,6.0,Juan Pablo Montoya
4,Fernando,Alonso,93,2004,4,5.0,Fernando Alonso
15,Jarno,Trulli,93,2004,5,4.0,Jarno Trulli
22,Rubens,Barrichello,93,2004,6,3.0,Rubens Barrichello
23,Ralf,Schumacher,93,2004,7,2.0,Ralf Schumacher
8,Kimi,Räikkönen,93,2004,8,1.0,Kimi Räikkönen
21,Giancarlo,Fisichella,93,2004,9,0.0,Giancarlo Fisichella
13,Felipe,Massa,93,2004,10,0.0,Felipe Massa
44,Olivier,Panis,93,2004,11,0.0,Olivier Panis
14,David,Coulthard,93,2004,12,0.0,David Coulthard
17,Mark,Webber,93,2004,13,0.0,Mark Webber
32,Christian,Klien,93,2004,14,0.0,Christian Klien
47,Zsolt,Baumgartner,93,2004,15,0.0,Zsolt Baumgartner
11,Takuma,Sato,93,2004,16,0.0,Takuma Sato
30,Michael,Schumacher,94,2004,1,10.0,Michael Schumacher
22,Rubens,Barrichello,94,2004,2,8.0,Rubens Barrichello
15,Jarno,Trulli,94,2004,3,6.0,Jarno Trulli
4,Fernando,Alonso,94,2004,4,5.0,Fernando Alonso
11,Takuma,Sato,94,2004,5,4.0,Takuma Sato
23,Ralf,Schumacher,94,2004,6,3.0,Ralf Schumacher
21,Giancarlo,Fisichella,94,2004,7,2.0,Giancarlo Fisichella
18,Jenson,Button,94,2004,8,1.0,Jenson Button
13,Felipe,Massa,94,2004,9,0.0,Felipe Massa
14,David,Coulthard,94,2004,10,0.0,David Coulthard
8,Kimi,Räikkönen,94,2004,11,0.0,Kimi Räikkönen
17,Mark,Webber,94,2004,12,0.0,Mark Webber
43,Cristiano,da Matta,94,2004,13,0.0,Cristiano da Matta
15,Jarno,Trulli,95,2004,1,10.0,Jarno Trulli
18,Jenson,Button,95,2004,2,8.0,Jenson Button
22,Rubens,Barrichello,95,2004,3,6.0,Rubens Barrichello
31,Juan,Pablo Montoya,95,2004,4,5.0,Juan Pablo Montoya
13,Felipe,Massa,95,2004,5,4.0,Felipe Massa
43,Cristiano,da Matta,95,2004,6,3.0,Cristiano da Matta
2,Nick,Heidfeld,95,2004,7,2.0,Nick Heidfeld
44,Olivier,Panis,95,2004,8,1.0,Olivier Panis
47,Zsolt,Baumgartner,95,2004,9,0.0,Zsolt Baumgartner
23,Ralf,Schumacher,95,2004,10,0.0,Ralf Schumacher
30,Michael,Schumacher,96,2004,1,10.0,Michael Schumacher
22,Rubens,Barrichello,96,2004,2,8.0,Rubens Barrichello
18,Jenson,Button,96,2004,3,6.0,Jenson Button
15,Jarno,Trulli,96,2004,4,5.0,Jarno Trulli
4,Fernando,Alonso,96,2004,5,4.0,Fernando Alonso
21,Giancarlo,Fisichella,96,2004,6,3.0,Giancarlo Fisichella
17,Mark,Webber,96,2004,7,2.0,Mark Webber
31,Juan,Pablo Montoya,96,2004,8,1.0,Juan Pablo Montoya
13,Felipe,Massa,96,2004,9,0.0,Felipe Massa
2,Nick,Heidfeld,96,2004,10,0.0,Nick Heidfeld
44,Olivier,Panis,96,2004,11,0.0,Olivier Panis
32,Christian,Klien,96,2004,12,0.0,Christian Klien
45,Giorgio,Pantano,96,2004,13,0.0,Giorgio Pantano
46,Gianmaria,Bruni,96,2004,14,0.0,Gianmaria Bruni
47,Zsolt,Baumgartner,96,2004,15,0.0,Zsolt Baumgartner
30,Michael,Schumacher,97,2004,1,10.0,Michael Schumacher
22,Rubens,Barrichello,97,2004,2,8.0,Rubens Barrichello
18,Jenson,Button,97,2004,3,6.0,Jenson Button
21,Giancarlo,Fisichella,97,2004,4,5.0,Giancarlo Fisichella
8,Kimi,Räikkönen,97,2004,5,4.0,Kimi Räikkönen
14,David,Coulthard,97,2004,6,3.0,David Coulthard
10,Timo,Glock,97,2004,7,2.0,Timo Glock
2,Nick,Heidfeld,97,2004,8,1.0,Nick Heidfeld
32,Christian,Klien,97,2004,9,0.0,Christian Klien
47,Zsolt,Baumgartner,97,2004,10,0.0,Zsolt Baumgartner
30,Michael,Schumacher,98,2004,1,10.0,Michael Schumacher
22,Rubens,Barrichello,98,2004,2,8.0,Rubens Barrichello
11,Takuma,Sato,98,2004,3,6.0,Takuma Sato
15,Jarno,Trulli,98,2004,4,5.0,Jarno Trulli
44,Olivier,Panis,98,2004,5,4.0,Olivier Panis
8,Kimi,Räikkönen,98,2004,6,3.0,Kimi Räikkönen
14,David,Coulthard,98,2004,7,2.0,David Coulthard
47,Zsolt,Baumgartner,98,2004,8,1.0,Zsolt Baumgartner
21,Giancarlo,Fisichella,98,2004,9,0.0,Giancarlo Fisichella
30,Michael,Schumacher,99,2004,1,10.0,Michael Schumacher
4,Fernando,Alonso,99,2004,2,8.0,Fernando Alonso
22,Rubens,Barrichello,99,2004,3,6.0,Rubens Barrichello
15,Jarno,Trulli,99,2004,4,5.0,Jarno Trulli
18,Jenson,Button,99,2004,5,4.0,Jenson Button
14,David,Coulthard,99,2004,6,3.0,David Coulthard
8,Kimi,Räikkönen,99,2004,7,2.0,Kimi Räikkönen
31,Juan,Pablo Montoya,99,2004,8,1.0,Juan Pablo Montoya
17,Mark,Webber,99,2004,9,0.0,Mark Webber
48,Marc,Gené,99,2004,10,0.0,Marc Gené
32,Christian,Klien,99,2004,11,0.0,Christian Klien
21,Giancarlo,Fisichella,99,2004,12,0.0,Giancarlo Fisichella
13,Felipe,Massa,99,2004,13,0.0,Felipe Massa
43,Cristiano,da Matta,99,2004,14,0.0,Cristiano da Matta
44,Olivier,Panis,99,2004,15,0.0,Olivier Panis
2,Nick,Heidfeld,99,2004,16,0.0,Nick Heidfeld
45,Giorgio,Pantano,99,2004,17,0.0,Giorgio Pantano
46,Gianmaria,Bruni,99,2004,18,0.0,Gianmaria Bruni
30,Michael,Schumacher,100,2004,1,10.0,Michael Schumacher
8,Kimi,Räikkönen,100,2004,2,8.0,Kimi Räikkönen
22,Rubens,Barrichello,100,2004,3,6.0,Rubens Barrichello
18,Jenson,Button,100,2004,4,5.0,Jenson Button
31,Juan,Pablo Montoya,100,2004,5,4.0,Juan Pablo Montoya
21,Giancarlo,Fisichella,100,2004,6,3.0,Giancarlo Fisichella
14,David,Coulthard,100,2004,7,2.0,David Coulthard
17,Mark,Webber,100,2004,8,1.0,Mark Webber
13,Felipe,Massa,100,2004,9,0.0,Felipe Massa
4,Fernando,Alonso,100,2004,10,0.0,Fernando Alonso
11,Takuma,Sato,100,2004,11,0.0,Takuma Sato
48,Marc,Gené,100,2004,12,0.0,Marc Gené
43,Cristiano,da Matta,100,2004,13,0.0,Cristiano da Matta
32,Christian,Klien,100,2004,14,0.0,Christian Klien
2,Nick,Heidfeld,100,2004,15,0.0,Nick Heidfeld
46,Gianmaria,Bruni,100,2004,16,0.0,Gianmaria Bruni
30,Michael,Schumacher,101,2004,1,10.0,Michael Schumacher
18,Jenson,Button,101,2004,2,8.0,Jenson Button
4,Fernando,Alonso,101,2004,3,6.0,Fernando Alonso
14,David,Coulthard,101,2004,4,5.0,David Coulthard
31,Juan,Pablo Montoya,101,2004,5,4.0,Juan Pablo Montoya
17,Mark,Webber,101,2004,6,3.0,Mark Webber
42,Antônio,Pizzonia,101,2004,7,2.0,Antônio Pizzonia
11,Takuma,Sato,101,2004,8,1.0,Takuma Sato
21,Giancarlo,Fisichella,101,2004,9,0.0,Giancarlo Fisichella
32,Christian,Klien,101,2004,10,0.0,Christian Klien
15,Jarno,Trulli,101,2004,11,0.0,Jarno Trulli
22,Rubens,Barrichello,101,2004,12,0.0,Rubens Barrichello
13,Felipe,Massa,101,2004,13,0.0,Felipe Massa
44,Olivier,Panis,101,2004,14,0.0,Olivier Panis
45,Giorgio,Pantano,101,2004,15,0.0,Giorgio Pantano
47,Zsolt,Baumgartner,101,2004,16,0.0,Zsolt Baumgartner
46,Gianmaria,Bruni,101,2004,17,0.0,Gianmaria Bruni
30,Michael,Schumacher,102,2004,1,10.0,Michael Schumacher
22,Rubens,Barrichello,102,2004,2,8.0,Rubens Barrichello
4,Fernando,Alonso,102,2004,3,6.0,Fernando Alonso
31,Juan,Pablo Montoya,102,2004,4,5.0,Juan Pablo Montoya
18,Jenson,Button,102,2004,5,4.0,Jenson Button
11,Takuma,Sato,102,2004,6,3.0,Takuma Sato
42,Antônio,Pizzonia,102,2004,7,2.0,Antônio Pizzonia
21,Giancarlo,Fisichella,102,2004,8,1.0,Giancarlo Fisichella
14,David,Coulthard,102,2004,9,0.0,David Coulthard
17,Mark,Webber,102,2004,10,0.0,Mark Webber
44,Olivier,Panis,102,2004,11,0.0,Olivier Panis
2,Nick,Heidfeld,102,2004,12,0.0,Nick Heidfeld
32,Christian,Klien,102,2004,13,0.0,Christian Klien
46,Gianmaria,Bruni,102,2004,14,0.0,Gianmaria Bruni
47,Zsolt,Baumgartner,102,2004,15,0.0,Zsolt Baumgartner
8,Kimi,Räikkönen,103,2004,1,10.0,Kimi Räikkönen
30,Michael,Schumacher,103,2004,2,8.0,Michael Schumacher
22,Rubens,Barrichello,103,2004,3,6.0,Rubens Barrichello
13,Felipe,Massa,103,2004,4,5.0,Felipe Massa
21,Giancarlo,Fisichella,103,2004,5,4.0,Giancarlo Fisichella
32,Christian,Klien,103,2004,6,3.0,Christian Klien
14,David,Coulthard,103,2004,7,2.0,David Coulthard
44,Olivier,Panis,103,2004,8,1.0,Olivier Panis
15,Jarno,Trulli,103,2004,9,0.0,Jarno Trulli
41,Ricardo,Zonta,103,2004,10,0.0,Ricardo Zonta
2,Nick,Heidfeld,103,2004,11,0.0,Nick Heidfeld
22,Rubens,Barrichello,104,2004,1,10.0,Rubens Barrichello
30,Michael,Schumacher,104,2004,2,8.0,Michael Schumacher
18,Jenson,Button,104,2004,3,6.0,Jenson Button
11,Takuma,Sato,104,2004,4,5.0,Takuma Sato
31,Juan,Pablo Montoya,104,2004,5,4.0,Juan Pablo Montoya
14,David,Coulthard,104,2004,6,3.0,David Coulthard
42,Antônio,Pizzonia,104,2004,7,2.0,Antônio Pizzonia
21,Giancarlo,Fisichella,104,2004,8,1.0,Giancarlo Fisichella
17,Mark,Webber,104,2004,9,0.0,Mark Webber
15,Jarno,Trulli,104,2004,10,0.0,Jarno Trulli
41,Ricardo,Zonta,104,2004,11,0.0,Ricardo Zonta
13,Felipe,Massa,104,2004,12,0.0,Felipe Massa
32,Christian,Klien,104,2004,13,0.0,Christian Klien
2,Nick,Heidfeld,104,2004,14,0.0,Nick Heidfeld
47,Zsolt,Baumgartner,104,2004,15,0.0,Zsolt Baumgartner
22,Rubens,Barrichello,105,2004,1,10.0,Rubens Barrichello
18,Jenson,Button,105,2004,2,8.0,Jenson Button
8,Kimi,Räikkönen,105,2004,3,6.0,Kimi Räikkönen
4,Fernando,Alonso,105,2004,4,5.0,Fernando Alonso
31,Juan,Pablo Montoya,105,2004,5,4.0,Juan Pablo Montoya
11,Takuma,Sato,105,2004,6,3.0,Takuma Sato
21,Giancarlo,Fisichella,105,2004,7,2.0,Giancarlo Fisichella
13,Felipe,Massa,105,2004,8,1.0,Felipe Massa
14,David,Coulthard,105,2004,9,0.0,David Coulthard
17,Mark,Webber,105,2004,10,0.0,Mark Webber
35,Jacques,Villeneuve,105,2004,11,0.0,Jacques Villeneuve
30,Michael,Schumacher,105,2004,12,0.0,Michael Schumacher
2,Nick,Heidfeld,105,2004,13,0.0,Nick Heidfeld
44,Olivier,Panis,105,2004,14,0.0,Olivier Panis
10,Timo,Glock,105,2004,15,0.0,Timo Glock
47,Zsolt,Baumgartner,105,2004,16,0.0,Zsolt Baumgartner
30,Michael,Schumacher,106,2004,1,10.0,Michael Schumacher
23,Ralf,Schumacher,106,2004,2,8.0,Ralf Schumacher
18,Jenson,Button,106,2004,3,6.0,Jenson Button
11,Takuma,Sato,106,2004,4,5.0,Takuma Sato
4,Fernando,Alonso,106,2004,5,4.0,Fernando Alonso
8,Kimi,Räikkönen,106,2004,6,3.0,Kimi Räikkönen
31,Juan,Pablo Montoya,106,2004,7,2.0,Juan Pablo Montoya
21,Giancarlo,Fisichella,106,2004,8,1.0,Giancarlo Fisichella
13,Felipe,Massa,106,2004,9,0.0,Felipe Massa
35,Jacques,Villeneuve,106,2004,10,0.0,Jacques Villeneuve
15,Jarno,Trulli,106,2004,11,0.0,Jarno Trulli
32,Christian,Klien,106,2004,12,0.0,Christian Klien
2,Nick,Heidfeld,106,2004,13,0.0,Nick Heidfeld
44,Olivier,Panis,106,2004,14,0.0,Olivier Panis
10,Timo,Glock,106,2004,15,0.0,Timo Glock
46,Gianmaria,Bruni,106,2004,16,0.0,Gianmaria Bruni
31,Juan,Pablo Montoya,107,2004,1,10.0,Juan Pablo Montoya
8,Kimi,Räikkönen,107,2004,2,8.0,Kimi Räikkönen
22,Rubens,Barrichello,107,2004,3,6.0,Rubens Barrichello
4,Fernando,Alonso,107,2004,4,5.0,Fernando Alonso
23,Ralf,Schumacher,107,2004,5,4.0,Ralf Schumacher
11,Takuma,Sato,107,2004,6,3.0,Takuma Sato
30,Michael,Schumacher,107,2004,7,2.0,Michael Schumacher
13,Felipe,Massa,107,2004,8,1.0,Felipe Massa
21,Giancarlo,Fisichella,107,2004,9,0.0,Giancarlo Fisichella
35,Jacques,Villeneuve,107,2004,10,0.0,Jacques Villeneuve
14,David,Coulthard,107,2004,11,0.0,David Coulthard
15,Jarno,Trulli,107,2004,12,0.0,Jarno Trulli
41,Ricardo,Zonta,107,2004,13,0.0,Ricardo Zonta
32,Christian,Klien,107,2004,14,0.0,Christian Klien
10,Timo,Glock,107,2004,15,0.0,Timo Glock
47,Zsolt,Baumgartner,107,2004,16,0.0,Zsolt Baumgartner
46,Gianmaria,Bruni,107,2004,17,0.0,Gianmaria Bruni
14,David,Coulthard,108,2003,1,10.0,David Coulthard
31,Juan,Pablo Montoya,108,2003,2,8.0,Juan Pablo Montoya
8,Kimi,Räikkönen,108,2003,3,6.0,Kimi Räikkönen
30,Michael,Schumacher,108,2003,4,5.0,Michael Schumacher
15,Jarno,Trulli,108,2003,5,4.0,Jarno Trulli
49,Heinz-Harald,Frentzen,108,2003,6,3.0,Heinz-Harald Frentzen
4,Fernando,Alonso,108,2003,7,2.0,Fernando Alonso
23,Ralf,Schumacher,108,2003,8,1.0,Ralf Schumacher
35,Jacques,Villeneuve,108,2003,9,0.0,Jacques Villeneuve
18,Jenson,Button,108,2003,10,0.0,Jenson Button
50,Jos,Verstappen,108,2003,11,0.0,Jos Verstappen
8,Kimi,Räikkönen,109,2003,1,10.0,Kimi Räikkönen
22,Rubens,Barrichello,109,2003,2,8.0,Rubens Barrichello
4,Fernando,Alonso,109,2003,3,6.0,Fernando Alonso
23,Ralf,Schumacher,109,2003,4,5.0,Ralf Schumacher
15,Jarno,Trulli,109,2003,5,4.0,Jarno Trulli
30,Michael,Schumacher,109,2003,6,3.0,Michael Schumacher
18,Jenson,Button,109,2003,7,2.0,Jenson Button
2,Nick,Heidfeld,109,2003,8,1.0,Nick Heidfeld
49,Heinz-Harald,Frentzen,109,2003,9,0.0,Heinz-Harald Frentzen
52,Ralph,Firman,109,2003,10,0.0,Ralph Firman
43,Cristiano,da Matta,109,2003,11,0.0,Cristiano da Matta
31,Juan,Pablo Montoya,109,2003,12,0.0,Juan Pablo Montoya
50,Jos,Verstappen,109,2003,13,0.0,Jos Verstappen
21,Giancarlo,Fisichella,110,2003,1,10.0,Giancarlo Fisichella
8,Kimi,Räikkönen,110,2003,2,8.0,Kimi Räikkönen
4,Fernando,Alonso,110,2003,3,6.0,Fernando Alonso
14,David,Coulthard,110,2003,4,5.0,David Coulthard
49,Heinz-Harald,Frentzen,110,2003,5,4.0,Heinz-Harald Frentzen
35,Jacques,Villeneuve,110,2003,6,3.0,Jacques Villeneuve
23,Ralf,Schumacher,110,2003,7,2.0,Ralf Schumacher
15,Jarno,Trulli,110,2003,8,1.0,Jarno Trulli
17,Mark,Webber,110,2003,9,0.0,Mark Webber
43,Cristiano,da Matta,110,2003,10,0.0,Cristiano da Matta
30,Michael,Schumacher,111,2003,1,10.0,Michael Schumacher
8,Kimi,Räikkönen,111,2003,2,8.0,Kimi Räikkönen
22,Rubens,Barrichello,111,2003,3,6.0,Rubens Barrichello
23,Ralf,Schumacher,111,2003,4,5.0,Ralf Schumacher
14,David,Coulthard,111,2003,5,4.0,David Coulthard
4,Fernando,Alonso,111,2003,6,3.0,Fernando Alonso
31,Juan,Pablo Montoya,111,2003,7,2.0,Juan Pablo Montoya
18,Jenson,Button,111,2003,8,1.0,Jenson Button
44,Olivier,Panis,111,2003,9,0.0,Olivier Panis
2,Nick,Heidfeld,111,2003,10,0.0,Nick Heidfeld
49,Heinz-Harald,Frentzen,111,2003,11,0.0,Heinz-Harald Frentzen
43,Cristiano,da Matta,111,2003,12,0.0,Cristiano da Matta
15,Jarno,Trulli,111,2003,13,0.0,Jarno Trulli
42,Antônio,Pizzonia,111,2003,14,0.0,Antônio Pizzonia
21,Giancarlo,Fisichella,111,2003,15,0.0,Giancarlo Fisichella
30,Michael,Schumacher,112,2003,1,10.0,Michael Schumacher
4,Fernando,Alonso,112,2003,2,8.0,Fernando Alonso
22,Rubens,Barrichello,112,2003,3,6.0,Rubens Barrichello
31,Juan,Pablo Montoya,112,2003,4,5.0,Juan Pablo Montoya
23,Ralf,Schumacher,112,2003,5,4.0,Ralf Schumacher
43,Cristiano,da Matta,112,2003,6,3.0,Cristiano da Matta
17,Mark,Webber,112,2003,7,2.0,Mark Webber
52,Ralph,Firman,112,2003,8,1.0,Ralph Firman
18,Jenson,Button,112,2003,9,0.0,Jenson Button
2,Nick,Heidfeld,112,2003,10,0.0,Nick Heidfeld
51,Justin,Wilson,112,2003,11,0.0,Justin Wilson
50,Jos,Verstappen,112,2003,12,0.0,Jos Verstappen
30,Michael,Schumacher,113,2003,1,10.0,Michael Schumacher
8,Kimi,Räikkönen,113,2003,2,8.0,Kimi Räikkönen
22,Rubens,Barrichello,113,2003,3,6.0,Rubens Barrichello
18,Jenson,Button,113,2003,4,5.0,Jenson Button
14,David,Coulthard,113,2003,5,4.0,David Coulthard
23,Ralf,Schumacher,113,2003,6,3.0,Ralf Schumacher
17,Mark,Webber,113,2003,7,2.0,Mark Webber
15,Jarno,Trulli,113,2003,8,1.0,Jarno Trulli
42,Antônio,Pizzonia,113,2003,9,0.0,Antônio Pizzonia
43,Cristiano,da Matta,113,2003,10,0.0,Cristiano da Matta
52,Ralph,Firman,113,2003,11,0.0,Ralph Firman
35,Jacques,Villeneuve,113,2003,12,0.0,Jacques Villeneuve
51,Justin,Wilson,113,2003,13,0.0,Justin Wilson
31,Juan,Pablo Montoya,114,2003,1,10.0,Juan Pablo Montoya
8,Kimi,Räikkönen,114,2003,2,8.0,Kimi Räikkönen
30,Michael,Schumacher,114,2003,3,6.0,Michael Schumacher
23,Ralf,Schumacher,114,2003,4,5.0,Ralf Schumacher
4,Fernando,Alonso,114,2003,5,4.0,Fernando Alonso
15,Jarno,Trulli,114,2003,6,3.0,Jarno Trulli
14,David,Coulthard,114,2003,7,2.0,David Coulthard
22,Rubens,Barrichello,114,2003,8,1.0,Rubens Barrichello
43,Cristiano,da Matta,114,2003,9,0.0,Cristiano da Matta
21,Giancarlo,Fisichella,114,2003,10,0.0,Giancarlo Fisichella
2,Nick,Heidfeld,114,2003,11,0.0,Nick Heidfeld
52,Ralph,Firman,114,2003,12,0.0,Ralph Firman
44,Olivier,Panis,114,2003,13,0.0,Olivier Panis
30,Michael,Schumacher,115,2003,1,10.0,Michael Schumacher
23,Ralf,Schumacher,115,2003,2,8.0,Ralf Schumacher
31,Juan,Pablo Montoya,115,2003,3,6.0,Juan Pablo Montoya
4,Fernando,Alonso,115,2003,4,5.0,Fernando Alonso
22,Rubens,Barrichello,115,2003,5,4.0,Rubens Barrichello
8,Kimi,Räikkönen,115,2003,6,3.0,Kimi Räikkönen
17,Mark,Webber,115,2003,7,2.0,Mark Webber
44,Olivier,Panis,115,2003,8,1.0,Olivier Panis
50,Jos,Verstappen,115,2003,9,0.0,Jos Verstappen
42,Antônio,Pizzonia,115,2003,10,0.0,Antônio Pizzonia
43,Cristiano,da Matta,115,2003,11,0.0,Cristiano da Matta
23,Ralf,Schumacher,116,2003,1,10.0,Ralf Schumacher
31,Juan,Pablo Montoya,116,2003,2,8.0,Juan Pablo Montoya
22,Rubens,Barrichello,116,2003,3,6.0,Rubens Barrichello
4,Fernando,Alonso,116,2003,4,5.0,Fernando Alonso
30,Michael,Schumacher,116,2003,5,4.0,Michael Schumacher
17,Mark,Webber,116,2003,6,3.0,Mark Webber
18,Jenson,Button,116,2003,7,2.0,Jenson Button
2,Nick,Heidfeld,116,2003,8,1.0,Nick Heidfeld
49,Heinz-Harald,Frentzen,116,2003,9,0.0,Heinz-Harald Frentzen
42,Antônio,Pizzonia,116,2003,10,0.0,Antônio Pizzonia
52,Ralph,Firman,116,2003,11,0.0,Ralph Firman
21,Giancarlo,Fisichella,116,2003,12,0.0,Giancarlo Fisichella
51,Justin,Wilson,116,2003,13,0.0,Justin Wilson
50,Jos,Verstappen,116,2003,14,0.0,Jos Verstappen
14,David,Coulthard,116,2003,15,0.0,David Coulthard
23,Ralf,Schumacher,117,2003,1,10.0,Ralf Schumacher
31,Juan,Pablo Montoya,117,2003,2,8.0,Juan Pablo Montoya
30,Michael,Schumacher,117,2003,3,6.0,Michael Schumacher
8,Kimi,Räikkönen,117,2003,4,5.0,Kimi Räikkönen
14,David,Coulthard,117,2003,5,4.0,David Coulthard
17,Mark,Webber,117,2003,6,3.0,Mark Webber
22,Rubens,Barrichello,117,2003,7,2.0,Rubens Barrichello
44,Olivier,Panis,117,2003,8,1.0,Olivier Panis
35,Jacques,Villeneuve,117,2003,9,0.0,Jacques Villeneuve
42,Antônio,Pizzonia,117,2003,10,0.0,Antônio Pizzonia
43,Cristiano,da Matta,117,2003,11,0.0,Cristiano da Matta
49,Heinz-Harald,Frentzen,117,2003,12,0.0,Heinz-Harald Frentzen
2,Nick,Heidfeld,117,2003,13,0.0,Nick Heidfeld
51,Justin,Wilson,117,2003,14,0.0,Justin Wilson
52,Ralph,Firman,117,2003,15,0.0,Ralph Firman
50,Jos,Verstappen,117,2003,16,0.0,Jos Verstappen
22,Rubens,Barrichello,118,2003,1,10.0,Rubens Barrichello
31,Juan,Pablo Montoya,118,2003,2,8.0,Juan Pablo Montoya
8,Kimi,Räikkönen,118,2003,3,6.0,Kimi Räikkönen
30,Michael,Schumacher,118,2003,4,5.0,Michael Schumacher
14,David,Coulthard,118,2003,5,4.0,David Coulthard
15,Jarno,Trulli,118,2003,6,3.0,Jarno Trulli
43,Cristiano,da Matta,118,2003,7,2.0,Cristiano da Matta
18,Jenson,Button,118,2003,8,1.0,Jenson Button
23,Ralf,Schumacher,118,2003,9,0.0,Ralf Schumacher
35,Jacques,Villeneuve,118,2003,10,0.0,Jacques Villeneuve
44,Olivier,Panis,118,2003,11,0.0,Olivier Panis
49,Heinz-Harald,Frentzen,118,2003,12,0.0,Heinz-Harald Frentzen
52,Ralph,Firman,118,2003,13,0.0,Ralph Firman
17,Mark,Webber,118,2003,14,0.0,Mark Webber
50,Jos,Verstappen,118,2003,15,0.0,Jos Verstappen
51,Justin,Wilson,118,2003,16,0.0,Justin Wilson
2,Nick,Heidfeld,118,2003,17,0.0,Nick Heidfeld
31,Juan,Pablo Montoya,119,2003,1,10.0,Juan Pablo Montoya
14,David,Coulthard,119,2003,2,8.0,David Coulthard
15,Jarno,Trulli,119,2003,3,6.0,Jarno Trulli
4,Fernando,Alonso,119,2003,4,5.0,Fernando Alonso
44,Olivier,Panis,119,2003,5,4.0,Olivier Panis
43,Cristiano,da Matta,119,2003,6,3.0,Cristiano da Matta
30,Michael,Schumacher,119,2003,7,2.0,Michael Schumacher
18,Jenson,Button,119,2003,8,1.0,Jenson Button
35,Jacques,Villeneuve,119,2003,9,0.0,Jacques Villeneuve
2,Nick,Heidfeld,119,2003,10,0.0,Nick Heidfeld
17,Mark,Webber,119,2003,11,0.0,Mark Webber
53,Nicolas,Kiesa,119,2003,12,0.0,Nicolas Kiesa
21,Giancarlo,Fisichella,119,2003,13,0.0,Giancarlo Fisichella
4,Fernando,Alonso,120,2003,1,10.0,Fernando Alonso
8,Kimi,Räikkönen,120,2003,2,8.0,Kimi Räikkönen
31,Juan,Pablo Montoya,120,2003,3,6.0,Juan Pablo Montoya
23,Ralf,Schumacher,120,2003,4,5.0,Ralf Schumacher
14,David,Coulthard,120,2003,5,4.0,David Coulthard
17,Mark,Webber,120,2003,6,3.0,Mark Webber
15,Jarno,Trulli,120,2003,7,2.0,Jarno Trulli
30,Michael,Schumacher,120,2003,8,1.0,Michael Schumacher
2,Nick,Heidfeld,120,2003,9,0.0,Nick Heidfeld
18,Jenson,Button,120,2003,10,0.0,Jenson Button
43,Cristiano,da Matta,120,2003,11,0.0,Cristiano da Matta
50,Jos,Verstappen,120,2003,12,0.0,Jos Verstappen
53,Nicolas,Kiesa,120,2003,13,0.0,Nicolas Kiesa
30,Michael,Schumacher,121,2003,1,10.0,Michael Schumacher
31,Juan,Pablo Montoya,121,2003,2,8.0,Juan Pablo Montoya
22,Rubens,Barrichello,121,2003,3,6.0,Rubens Barrichello
8,Kimi,Räikkönen,121,2003,4,5.0,Kimi Räikkönen
48,Marc,Gené,121,2003,5,4.0,Marc Gené
35,Jacques,Villeneuve,121,2003,6,3.0,Jacques Villeneuve
17,Mark,Webber,121,2003,7,2.0,Mark Webber
4,Fernando,Alonso,121,2003,8,1.0,Fernando Alonso
2,Nick,Heidfeld,121,2003,9,0.0,Nick Heidfeld
21,Giancarlo,Fisichella,121,2003,10,0.0,Giancarlo Fisichella
47,Zsolt,Baumgartner,121,2003,11,0.0,Zsolt Baumgartner
53,Nicolas,Kiesa,121,2003,12,0.0,Nicolas Kiesa
49,Heinz-Harald,Frentzen,121,2003,13,0.0,Heinz-Harald Frentzen
30,Michael,Schumacher,122,2003,1,10.0,Michael Schumacher
8,Kimi,Räikkönen,122,2003,2,8.0,Kimi Räikkönen
49,Heinz-Harald,Frentzen,122,2003,3,6.0,Heinz-Harald Frentzen
15,Jarno,Trulli,122,2003,4,5.0,Jarno Trulli
2,Nick,Heidfeld,122,2003,5,4.0,Nick Heidfeld
31,Juan,Pablo Montoya,122,2003,6,3.0,Juan Pablo Montoya
21,Giancarlo,Fisichella,122,2003,7,2.0,Giancarlo Fisichella
51,Justin,Wilson,122,2003,8,1.0,Justin Wilson
43,Cristiano,da Matta,122,2003,9,0.0,Cristiano da Matta
50,Jos,Verstappen,122,2003,10,0.0,Jos Verstappen
53,Nicolas,Kiesa,122,2003,11,0.0,Nicolas Kiesa
22,Rubens,Barrichello,123,2003,1,10.0,Rubens Barrichello
8,Kimi,Räikkönen,123,2003,2,8.0,Kimi Räikkönen
14,David,Coulthard,123,2003,3,6.0,David Coulthard
18,Jenson,Button,123,2003,4,5.0,Jenson Button
15,Jarno,Trulli,123,2003,5,4.0,Jarno Trulli
11,Takuma,Sato,123,2003,6,3.0,Takuma Sato
43,Cristiano,da Matta,123,2003,7,2.0,Cristiano da Matta
30,Michael,Schumacher,123,2003,8,1.0,Michael Schumacher
2,Nick,Heidfeld,123,2003,9,0.0,Nick Heidfeld
44,Olivier,Panis,123,2003,10,0.0,Olivier Panis
17,Mark,Webber,123,2003,11,0.0,Mark Webber
23,Ralf,Schumacher,123,2003,12,0.0,Ralf Schumacher
51,Justin,Wilson,123,2003,13,0.0,Justin Wilson
52,Ralph,Firman,123,2003,14,0.0,Ralph Firman
50,Jos,Verstappen,123,2003,15,0.0,Jos Verstappen
53,Nicolas,Kiesa,123,2003,16,0.0,Nicolas Kiesa
30,Michael,Schumacher,124,2002,1,10.0,Michael Schumacher
31,Juan,Pablo Montoya,124,2002,2,6.0,Juan Pablo Montoya
8,Kimi,Räikkönen,124,2002,3,4.0,Kimi Räikkönen
56,Eddie,Irvine,124,2002,4,3.0,Eddie Irvine
17,Mark,Webber,124,2002,5,2.0,Mark Webber
63,Mika,Salo,124,2002,6,1.0,Mika Salo
62,Alex,Yoong,124,2002,7,0.0,Alex Yoong
37,Pedro,de la Rosa,124,2002,8,0.0,Pedro de la Rosa
23,Ralf,Schumacher,125,2002,1,10.0,Ralf Schumacher
31,Juan,Pablo Montoya,125,2002,2,6.0,Juan Pablo Montoya
30,Michael,Schumacher,125,2002,3,4.0,Michael Schumacher
18,Jenson,Button,125,2002,4,3.0,Jenson Button
2,Nick,Heidfeld,125,2002,5,2.0,Nick Heidfeld
13,Felipe,Massa,125,2002,6,1.0,Felipe Massa
66,Allan,McNish,125,2002,7,0.0,Allan McNish
35,Jacques,Villeneuve,125,2002,8,0.0,Jacques Villeneuve
11,Takuma,Sato,125,2002,9,0.0,Takuma Sato
37,Pedro,de la Rosa,125,2002,10,0.0,Pedro de la Rosa
49,Heinz-Harald,Frentzen,125,2002,11,0.0,Heinz-Harald Frentzen
63,Mika,Salo,125,2002,12,0.0,Mika Salo
21,Giancarlo,Fisichella,125,2002,13,0.0,Giancarlo Fisichella
30,Michael,Schumacher,126,2002,1,10.0,Michael Schumacher
23,Ralf,Schumacher,126,2002,2,6.0,Ralf Schumacher
14,David,Coulthard,126,2002,3,4.0,David Coulthard
18,Jenson,Button,126,2002,4,3.0,Jenson Button
31,Juan,Pablo Montoya,126,2002,5,2.0,Juan Pablo Montoya
63,Mika,Salo,126,2002,6,1.0,Mika Salo
56,Eddie,Irvine,126,2002,7,0.0,Eddie Irvine
37,Pedro,de la Rosa,126,2002,8,0.0,Pedro de la Rosa
11,Takuma,Sato,126,2002,9,0.0,Takuma Sato
35,Jacques,Villeneuve,126,2002,10,0.0,Jacques Villeneuve
17,Mark,Webber,126,2002,11,0.0,Mark Webber
8,Kimi,Räikkönen,126,2002,12,0.0,Kimi Räikkönen
62,Alex,Yoong,126,2002,13,0.0,Alex Yoong
30,Michael,Schumacher,127,2002,1,10.0,Michael Schumacher
22,Rubens,Barrichello,127,2002,2,6.0,Rubens Barrichello
23,Ralf,Schumacher,127,2002,3,4.0,Ralf Schumacher
31,Juan,Pablo Montoya,127,2002,4,3.0,Juan Pablo Montoya
18,Jenson,Button,127,2002,5,2.0,Jenson Button
14,David,Coulthard,127,2002,6,1.0,David Coulthard
35,Jacques,Villeneuve,127,2002,7,0.0,Jacques Villeneuve
13,Felipe,Massa,127,2002,8,0.0,Felipe Massa
15,Jarno,Trulli,127,2002,9,0.0,Jarno Trulli
2,Nick,Heidfeld,127,2002,10,0.0,Nick Heidfeld
17,Mark,Webber,127,2002,11,0.0,Mark Webber
30,Michael,Schumacher,128,2002,1,10.0,Michael Schumacher
31,Juan,Pablo Montoya,128,2002,2,6.0,Juan Pablo Montoya
14,David,Coulthard,128,2002,3,4.0,David Coulthard
2,Nick,Heidfeld,128,2002,4,3.0,Nick Heidfeld
13,Felipe,Massa,128,2002,5,2.0,Felipe Massa
49,Heinz-Harald,Frentzen,128,2002,6,1.0,Heinz-Harald Frentzen
35,Jacques,Villeneuve,128,2002,7,0.0,Jacques Villeneuve
66,Allan,McNish,128,2002,8,0.0,Allan McNish
63,Mika,Salo,128,2002,9,0.0,Mika Salo
15,Jarno,Trulli,128,2002,10,0.0,Jarno Trulli
23,Ralf,Schumacher,128,2002,11,0.0,Ralf Schumacher
18,Jenson,Button,128,2002,12,0.0,Jenson Button
30,Michael,Schumacher,129,2002,1,10.0,Michael Schumacher
22,Rubens,Barrichello,129,2002,2,6.0,Rubens Barrichello
31,Juan,Pablo Montoya,129,2002,3,4.0,Juan Pablo Montoya
23,Ralf,Schumacher,129,2002,4,3.0,Ralf Schumacher
21,Giancarlo,Fisichella,129,2002,5,2.0,Giancarlo Fisichella
14,David,Coulthard,129,2002,6,1.0,David Coulthard
18,Jenson,Button,129,2002,7,0.0,Jenson Button
63,Mika,Salo,129,2002,8,0.0,Mika Salo
66,Allan,McNish,129,2002,9,0.0,Allan McNish
35,Jacques,Villeneuve,129,2002,10,0.0,Jacques Villeneuve
49,Heinz-Harald,Frentzen,129,2002,11,0.0,Heinz-Harald Frentzen
17,Mark,Webber,129,2002,12,0.0,Mark Webber
14,David,Coulthard,130,2002,1,10.0,David Coulthard
30,Michael,Schumacher,130,2002,2,6.0,Michael Schumacher
23,Ralf,Schumacher,130,2002,3,4.0,Ralf Schumacher
15,Jarno,Trulli,130,2002,4,3.0,Jarno Trulli
21,Giancarlo,Fisichella,130,2002,5,2.0,Giancarlo Fisichella
49,Heinz-Harald,Frentzen,130,2002,6,1.0,Heinz-Harald Frentzen
22,Rubens,Barrichello,130,2002,7,0.0,Rubens Barrichello
2,Nick,Heidfeld,130,2002,8,0.0,Nick Heidfeld
56,Eddie,Irvine,130,2002,9,0.0,Eddie Irvine
37,Pedro,de la Rosa,130,2002,10,0.0,Pedro de la Rosa
17,Mark,Webber,130,2002,11,0.0,Mark Webber
59,Enrique,Bernoldi,130,2002,12,0.0,Enrique Bernoldi
30,Michael,Schumacher,131,2002,1,10.0,Michael Schumacher
14,David,Coulthard,131,2002,2,6.0,David Coulthard
22,Rubens,Barrichello,131,2002,3,4.0,Rubens Barrichello
8,Kimi,Räikkönen,131,2002,4,3.0,Kimi Räikkönen
21,Giancarlo,Fisichella,131,2002,5,2.0,Giancarlo Fisichella
15,Jarno,Trulli,131,2002,6,1.0,Jarno Trulli
23,Ralf,Schumacher,131,2002,7,0.0,Ralf Schumacher
44,Olivier,Panis,131,2002,8,0.0,Olivier Panis
13,Felipe,Massa,131,2002,9,0.0,Felipe Massa
11,Takuma,Sato,131,2002,10,0.0,Takuma Sato
17,Mark,Webber,131,2002,11,0.0,Mark Webber
2,Nick,Heidfeld,131,2002,12,0.0,Nick Heidfeld
49,Heinz-Harald,Frentzen,131,2002,13,0.0,Heinz-Harald Frentzen
62,Alex,Yoong,131,2002,14,0.0,Alex Yoong
18,Jenson,Button,131,2002,15,0.0,Jenson Button
22,Rubens,Barrichello,132,2002,1,10.0,Rubens Barrichello
30,Michael,Schumacher,132,2002,2,6.0,Michael Schumacher
8,Kimi,Räikkönen,132,2002,3,4.0,Kimi Räikkönen
23,Ralf,Schumacher,132,2002,4,3.0,Ralf Schumacher
18,Jenson,Button,132,2002,5,2.0,Jenson Button
13,Felipe,Massa,132,2002,6,1.0,Felipe Massa
2,Nick,Heidfeld,132,2002,7,0.0,Nick Heidfeld
15,Jarno,Trulli,132,2002,8,0.0,Jarno Trulli
44,Olivier,Panis,132,2002,9,0.0,Olivier Panis
37,Pedro,de la Rosa,132,2002,10,0.0,Pedro de la Rosa
59,Enrique,Bernoldi,132,2002,11,0.0,Enrique Bernoldi
35,Jacques,Villeneuve,132,2002,12,0.0,Jacques Villeneuve
49,Heinz-Harald,Frentzen,132,2002,13,0.0,Heinz-Harald Frentzen
66,Allan,McNish,132,2002,14,0.0,Allan McNish
17,Mark,Webber,132,2002,15,0.0,Mark Webber
11,Takuma,Sato,132,2002,16,0.0,Takuma Sato
30,Michael,Schumacher,133,2002,1,10.0,Michael Schumacher
22,Rubens,Barrichello,133,2002,2,6.0,Rubens Barrichello
31,Juan,Pablo Montoya,133,2002,3,4.0,Juan Pablo Montoya
35,Jacques,Villeneuve,133,2002,4,3.0,Jacques Villeneuve
44,Olivier,Panis,133,2002,5,2.0,Olivier Panis
2,Nick,Heidfeld,133,2002,6,1.0,Nick Heidfeld
21,Giancarlo,Fisichella,133,2002,7,0.0,Giancarlo Fisichella
23,Ralf,Schumacher,133,2002,8,0.0,Ralf Schumacher
13,Felipe,Massa,133,2002,9,0.0,Felipe Massa
14,David,Coulthard,133,2002,10,0.0,David Coulthard
37,Pedro,de la Rosa,133,2002,11,0.0,Pedro de la Rosa
18,Jenson,Button,133,2002,12,0.0,Jenson Button
30,Michael,Schumacher,134,2002,1,10.0,Michael Schumacher
8,Kimi,Räikkönen,134,2002,2,6.0,Kimi Räikkönen
14,David,Coulthard,134,2002,3,4.0,David Coulthard
31,Juan,Pablo Montoya,134,2002,4,3.0,Juan Pablo Montoya
23,Ralf,Schumacher,134,2002,5,2.0,Ralf Schumacher
18,Jenson,Button,134,2002,6,1.0,Jenson Button
2,Nick,Heidfeld,134,2002,7,0.0,Nick Heidfeld
17,Mark,Webber,134,2002,8,0.0,Mark Webber
37,Pedro,de la Rosa,134,2002,9,0.0,Pedro de la Rosa
62,Alex,Yoong,134,2002,10,0.0,Alex Yoong
66,Allan,McNish,134,2002,11,0.0,Allan McNish
30,Michael,Schumacher,135,2002,1,10.0,Michael Schumacher
31,Juan,Pablo Montoya,135,2002,2,6.0,Juan Pablo Montoya
23,Ralf,Schumacher,135,2002,3,4.0,Ralf Schumacher
22,Rubens,Barrichello,135,2002,4,3.0,Rubens Barrichello
14,David,Coulthard,135,2002,5,2.0,David Coulthard
2,Nick,Heidfeld,135,2002,6,1.0,Nick Heidfeld
13,Felipe,Massa,135,2002,7,0.0,Felipe Massa
11,Takuma,Sato,135,2002,8,0.0,Takuma Sato
63,Mika,Salo,135,2002,9,0.0,Mika Salo
22,Rubens,Barrichello,136,2002,1,10.0,Rubens Barrichello
30,Michael,Schumacher,136,2002,2,6.0,Michael Schumacher
23,Ralf,Schumacher,136,2002,3,4.0,Ralf Schumacher
8,Kimi,Räikkönen,136,2002,4,3.0,Kimi Räikkönen
14,David,Coulthard,136,2002,5,2.0,David Coulthard
21,Giancarlo,Fisichella,136,2002,6,1.0,Giancarlo Fisichella
13,Felipe,Massa,136,2002,7,0.0,Felipe Massa
15,Jarno,Trulli,136,2002,8,0.0,Jarno Trulli
2,Nick,Heidfeld,136,2002,9,0.0,Nick Heidfeld
11,Takuma,Sato,136,2002,10,0.0,Takuma Sato
31,Juan,Pablo Montoya,136,2002,11,0.0,Juan Pablo Montoya
44,Olivier,Panis,136,2002,12,0.0,Olivier Panis
37,Pedro,de la Rosa,136,2002,13,0.0,Pedro de la Rosa
66,Allan,McNish,136,2002,14,0.0,Allan McNish
63,Mika,Salo,136,2002,15,0.0,Mika Salo
17,Mark,Webber,136,2002,16,0.0,Mark Webber
30,Michael,Schumacher,137,2002,1,10.0,Michael Schumacher
22,Rubens,Barrichello,137,2002,2,6.0,Rubens Barrichello
31,Juan,Pablo Montoya,137,2002,3,4.0,Juan Pablo Montoya
14,David,Coulthard,137,2002,4,3.0,David Coulthard
23,Ralf,Schumacher,137,2002,5,2.0,Ralf Schumacher
56,Eddie,Irvine,137,2002,6,1.0,Eddie Irvine
63,Mika,Salo,137,2002,7,0.0,Mika Salo
35,Jacques,Villeneuve,137,2002,8,0.0,Jacques Villeneuve
66,Allan,McNish,137,2002,9,0.0,Allan McNish
2,Nick,Heidfeld,137,2002,10,0.0,Nick Heidfeld
11,Takuma,Sato,137,2002,11,0.0,Takuma Sato
44,Olivier,Panis,137,2002,12,0.0,Olivier Panis
22,Rubens,Barrichello,138,2002,1,10.0,Rubens Barrichello
30,Michael,Schumacher,138,2002,2,6.0,Michael Schumacher
56,Eddie,Irvine,138,2002,3,4.0,Eddie Irvine
15,Jarno,Trulli,138,2002,4,3.0,Jarno Trulli
18,Jenson,Button,138,2002,5,2.0,Jenson Button
44,Olivier,Panis,138,2002,6,1.0,Olivier Panis
14,David,Coulthard,138,2002,7,0.0,David Coulthard
21,Giancarlo,Fisichella,138,2002,8,0.0,Giancarlo Fisichella
35,Jacques,Villeneuve,138,2002,9,0.0,Jacques Villeneuve
2,Nick,Heidfeld,138,2002,10,0.0,Nick Heidfeld
63,Mika,Salo,138,2002,11,0.0,Mika Salo
11,Takuma,Sato,138,2002,12,0.0,Takuma Sato
62,Alex,Yoong,138,2002,13,0.0,Alex Yoong
22,Rubens,Barrichello,139,2002,1,10.0,Rubens Barrichello
30,Michael,Schumacher,139,2002,2,6.0,Michael Schumacher
14,David,Coulthard,139,2002,3,4.0,David Coulthard
31,Juan,Pablo Montoya,139,2002,4,3.0,Juan Pablo Montoya
15,Jarno,Trulli,139,2002,5,2.0,Jarno Trulli
35,Jacques,Villeneuve,139,2002,6,1.0,Jacques Villeneuve
21,Giancarlo,Fisichella,139,2002,7,0.0,Giancarlo Fisichella
18,Jenson,Button,139,2002,8,0.0,Jenson Button
2,Nick,Heidfeld,139,2002,9,0.0,Nick Heidfeld
56,Eddie,Irvine,139,2002,10,0.0,Eddie Irvine
11,Takuma,Sato,139,2002,11,0.0,Takuma Sato
44,Olivier,Panis,139,2002,12,0.0,Olivier Panis
49,Heinz-Harald,Frentzen,139,2002,13,0.0,Heinz-Harald Frentzen
63,Mika,Salo,139,2002,14,0.0,Mika Salo
66,Allan,McNish,139,2002,15,0.0,Allan McNish
23,Ralf,Schumacher,139,2002,16,0.0,Ralf Schumacher
30,Michael,Schumacher,140,2002,1,10.0,Michael Schumacher
22,Rubens,Barrichello,140,2002,2,6.0,Rubens Barrichello
8,Kimi,Räikkönen,140,2002,3,4.0,Kimi Räikkönen
31,Juan,Pablo Montoya,140,2002,4,3.0,Juan Pablo Montoya
11,Takuma,Sato,140,2002,5,2.0,Takuma Sato
18,Jenson,Button,140,2002,6,1.0,Jenson Button
2,Nick,Heidfeld,140,2002,7,0.0,Nick Heidfeld
63,Mika,Salo,140,2002,8,0.0,Mika Salo
56,Eddie,Irvine,140,2002,9,0.0,Eddie Irvine
17,Mark,Webber,140,2002,10,0.0,Mark Webber
23,Ralf,Schumacher,140,2002,11,0.0,Ralf Schumacher
30,Michael,Schumacher,141,2001,1,10.0,Michael Schumacher
14,David,Coulthard,141,2001,2,6.0,David Coulthard
22,Rubens,Barrichello,141,2001,3,4.0,Rubens Barrichello
2,Nick,Heidfeld,141,2001,4,3.0,Nick Heidfeld
49,Heinz-Harald,Frentzen,141,2001,5,2.0,Heinz-Harald Frentzen
8,Kimi,Räikkönen,141,2001,6,1.0,Kimi Räikkönen
44,Olivier,Panis,141,2001,7,0.0,Olivier Panis
54,Luciano,Burti,141,2001,8,0.0,Luciano Burti
55,Jean,Alesi,141,2001,9,0.0,Jean Alesi
50,Jos,Verstappen,141,2001,10,0.0,Jos Verstappen
56,Eddie,Irvine,141,2001,11,0.0,Eddie Irvine
4,Fernando,Alonso,141,2001,12,0.0,Fernando Alonso
21,Giancarlo,Fisichella,141,2001,13,0.0,Giancarlo Fisichella
30,Michael,Schumacher,142,2001,1,10.0,Michael Schumacher
22,Rubens,Barrichello,142,2001,2,6.0,Rubens Barrichello
14,David,Coulthard,142,2001,3,4.0,David Coulthard
49,Heinz-Harald,Frentzen,142,2001,4,3.0,Heinz-Harald Frentzen
23,Ralf,Schumacher,142,2001,5,2.0,Ralf Schumacher
57,Mika,Häkkinen,142,2001,6,1.0,Mika Häkkinen
50,Jos,Verstappen,142,2001,7,0.0,Jos Verstappen
15,Jarno,Trulli,142,2001,8,0.0,Jarno Trulli
55,Jean,Alesi,142,2001,9,0.0,Jean Alesi
54,Luciano,Burti,142,2001,10,0.0,Luciano Burti
18,Jenson,Button,142,2001,11,0.0,Jenson Button
60,Gastón,Mazzacane,142,2001,12,0.0,Gastón Mazzacane
4,Fernando,Alonso,142,2001,13,0.0,Fernando Alonso
58,Tarso,Marques,142,2001,14,0.0,Tarso Marques
14,David,Coulthard,143,2001,1,10.0,David Coulthard
30,Michael,Schumacher,143,2001,2,6.0,Michael Schumacher
2,Nick,Heidfeld,143,2001,3,4.0,Nick Heidfeld
44,Olivier,Panis,143,2001,4,3.0,Olivier Panis
15,Jarno,Trulli,143,2001,5,2.0,Jarno Trulli
21,Giancarlo,Fisichella,143,2001,6,1.0,Giancarlo Fisichella
35,Jacques,Villeneuve,143,2001,7,0.0,Jacques Villeneuve
55,Jean,Alesi,143,2001,8,0.0,Jean Alesi
58,Tarso,Marques,143,2001,9,0.0,Tarso Marques
18,Jenson,Button,143,2001,10,0.0,Jenson Button
49,Heinz-Harald,Frentzen,143,2001,11,0.0,Heinz-Harald Frentzen
23,Ralf,Schumacher,144,2001,1,10.0,Ralf Schumacher
14,David,Coulthard,144,2001,2,6.0,David Coulthard
22,Rubens,Barrichello,144,2001,3,4.0,Rubens Barrichello
57,Mika,Häkkinen,144,2001,4,3.0,Mika Häkkinen
15,Jarno,Trulli,144,2001,5,2.0,Jarno Trulli
49,Heinz-Harald,Frentzen,144,2001,6,1.0,Heinz-Harald Frentzen
2,Nick,Heidfeld,144,2001,7,0.0,Nick Heidfeld
44,Olivier,Panis,144,2001,8,0.0,Olivier Panis
55,Jean,Alesi,144,2001,9,0.0,Jean Alesi
59,Enrique,Bernoldi,144,2001,10,0.0,Enrique Bernoldi
54,Luciano,Burti,144,2001,11,0.0,Luciano Burti
18,Jenson,Button,144,2001,12,0.0,Jenson Button
30,Michael,Schumacher,145,2001,1,10.0,Michael Schumacher
31,Juan,Pablo Montoya,145,2001,2,6.0,Juan Pablo Montoya
35,Jacques,Villeneuve,145,2001,3,4.0,Jacques Villeneuve
15,Jarno,Trulli,145,2001,4,3.0,Jarno Trulli
14,David,Coulthard,145,2001,5,2.0,David Coulthard
2,Nick,Heidfeld,145,2001,6,1.0,Nick Heidfeld
44,Olivier,Panis,145,2001,7,0.0,Olivier Panis
8,Kimi,Räikkönen,145,2001,8,0.0,Kimi Räikkönen
57,Mika,Häkkinen,145,2001,9,0.0,Mika Häkkinen
55,Jean,Alesi,145,2001,10,0.0,Jean Alesi
54,Luciano,Burti,145,2001,11,0.0,Luciano Burti
50,Jos,Verstappen,145,2001,12,0.0,Jos Verstappen
4,Fernando,Alonso,145,2001,13,0.0,Fernando Alonso
21,Giancarlo,Fisichella,145,2001,14,0.0,Giancarlo Fisichella
18,Jenson,Button,145,2001,15,0.0,Jenson Button
58,Tarso,Marques,145,2001,16,0.0,Tarso Marques
14,David,Coulthard,146,2001,1,10.0,David Coulthard
30,Michael,Schumacher,146,2001,2,6.0,Michael Schumacher
22,Rubens,Barrichello,146,2001,3,4.0,Rubens Barrichello
8,Kimi,Räikkönen,146,2001,4,3.0,Kimi Räikkönen
44,Olivier,Panis,146,2001,5,2.0,Olivier Panis
50,Jos,Verstappen,146,2001,6,1.0,Jos Verstappen
56,Eddie,Irvine,146,2001,7,0.0,Eddie Irvine
35,Jacques,Villeneuve,146,2001,8,0.0,Jacques Villeneuve
2,Nick,Heidfeld,146,2001,9,0.0,Nick Heidfeld
55,Jean,Alesi,146,2001,10,0.0,Jean Alesi
54,Luciano,Burti,146,2001,11,0.0,Luciano Burti
30,Michael,Schumacher,147,2001,1,10.0,Michael Schumacher
22,Rubens,Barrichello,147,2001,2,6.0,Rubens Barrichello
56,Eddie,Irvine,147,2001,3,4.0,Eddie Irvine
35,Jacques,Villeneuve,147,2001,4,3.0,Jacques Villeneuve
14,David,Coulthard,147,2001,5,2.0,David Coulthard
55,Jean,Alesi,147,2001,6,1.0,Jean Alesi
18,Jenson,Button,147,2001,7,0.0,Jenson Button
50,Jos,Verstappen,147,2001,8,0.0,Jos Verstappen
59,Enrique,Bernoldi,147,2001,9,0.0,Enrique Bernoldi
8,Kimi,Räikkönen,147,2001,10,0.0,Kimi Räikkönen
23,Ralf,Schumacher,148,2001,1,10.0,Ralf Schumacher
30,Michael,Schumacher,148,2001,2,6.0,Michael Schumacher
57,Mika,Häkkinen,148,2001,3,4.0,Mika Häkkinen
8,Kimi,Räikkönen,148,2001,4,3.0,Kimi Räikkönen
55,Jean,Alesi,148,2001,5,2.0,Jean Alesi
37,Pedro,de la Rosa,148,2001,6,1.0,Pedro de la Rosa
41,Ricardo,Zonta,148,2001,7,0.0,Ricardo Zonta
54,Luciano,Burti,148,2001,8,0.0,Luciano Burti
58,Tarso,Marques,148,2001,9,0.0,Tarso Marques
50,Jos,Verstappen,148,2001,10,0.0,Jos Verstappen
15,Jarno,Trulli,148,2001,11,0.0,Jarno Trulli
30,Michael,Schumacher,149,2001,1,10.0,Michael Schumacher
31,Juan,Pablo Montoya,149,2001,2,6.0,Juan Pablo Montoya
14,David,Coulthard,149,2001,3,4.0,David Coulthard
23,Ralf,Schumacher,149,2001,4,3.0,Ralf Schumacher
22,Rubens,Barrichello,149,2001,5,2.0,Rubens Barrichello
57,Mika,Häkkinen,149,2001,6,1.0,Mika Häkkinen
56,Eddie,Irvine,149,2001,7,0.0,Eddie Irvine
37,Pedro,de la Rosa,149,2001,8,0.0,Pedro de la Rosa
35,Jacques,Villeneuve,149,2001,9,0.0,Jacques Villeneuve
8,Kimi,Räikkönen,149,2001,10,0.0,Kimi Räikkönen
21,Giancarlo,Fisichella,149,2001,11,0.0,Giancarlo Fisichella
54,Luciano,Burti,149,2001,12,0.0,Luciano Burti
18,Jenson,Button,149,2001,13,0.0,Jenson Button
4,Fernando,Alonso,149,2001,14,0.0,Fernando Alonso
55,Jean,Alesi,149,2001,15,0.0,Jean Alesi
30,Michael,Schumacher,150,2001,1,10.0,Michael Schumacher
23,Ralf,Schumacher,150,2001,2,6.0,Ralf Schumacher
22,Rubens,Barrichello,150,2001,3,4.0,Rubens Barrichello
14,David,Coulthard,150,2001,4,3.0,David Coulthard
15,Jarno,Trulli,150,2001,5,2.0,Jarno Trulli
2,Nick,Heidfeld,150,2001,6,1.0,Nick Heidfeld
8,Kimi,Räikkönen,150,2001,7,0.0,Kimi Räikkönen
49,Heinz-Harald,Frentzen,150,2001,8,0.0,Heinz-Harald Frentzen
44,Olivier,Panis,150,2001,9,0.0,Olivier Panis
54,Luciano,Burti,150,2001,10,0.0,Luciano Burti
21,Giancarlo,Fisichella,150,2001,11,0.0,Giancarlo Fisichella
55,Jean,Alesi,150,2001,12,0.0,Jean Alesi
50,Jos,Verstappen,150,2001,13,0.0,Jos Verstappen
37,Pedro,de la Rosa,150,2001,14,0.0,Pedro de la Rosa
58,Tarso,Marques,150,2001,15,0.0,Tarso Marques
18,Jenson,Button,150,2001,16,0.0,Jenson Button
4,Fernando,Alonso,150,2001,17,0.0,Fernando Alonso
57,Mika,Häkkinen,151,2001,1,10.0,Mika Häkkinen
30,Michael,Schumacher,151,2001,2,6.0,Michael Schumacher
22,Rubens,Barrichello,151,2001,3,4.0,Rubens Barrichello
31,Juan,Pablo Montoya,151,2001,4,3.0,Juan Pablo Montoya
8,Kimi,Räikkönen,151,2001,5,2.0,Kimi Räikkönen
2,Nick,Heidfeld,151,2001,6,1.0,Nick Heidfeld
49,Heinz-Harald,Frentzen,151,2001,7,0.0,Heinz-Harald Frentzen
35,Jacques,Villeneuve,151,2001,8,0.0,Jacques Villeneuve
56,Eddie,Irvine,151,2001,9,0.0,Eddie Irvine
50,Jos,Verstappen,151,2001,10,0.0,Jos Verstappen
55,Jean,Alesi,151,2001,11,0.0,Jean Alesi
37,Pedro,de la Rosa,151,2001,12,0.0,Pedro de la Rosa
21,Giancarlo,Fisichella,151,2001,13,0.0,Giancarlo Fisichella
59,Enrique,Bernoldi,151,2001,14,0.0,Enrique Bernoldi
18,Jenson,Button,151,2001,15,0.0,Jenson Button
4,Fernando,Alonso,151,2001,16,0.0,Fernando Alonso
23,Ralf,Schumacher,152,2001,1,10.0,Ralf Schumacher
22,Rubens,Barrichello,152,2001,2,6.0,Rubens Barrichello
35,Jacques,Villeneuve,152,2001,3,4.0,Jacques Villeneuve
21,Giancarlo,Fisichella,152,2001,4,3.0,Giancarlo Fisichella
18,Jenson,Button,152,2001,5,2.0,Jenson Button
55,Jean,Alesi,152,2001,6,1.0,Jean Alesi
44,Olivier,Panis,152,2001,7,0.0,Olivier Panis
59,Enrique,Bernoldi,152,2001,8,0.0,Enrique Bernoldi
50,Jos,Verstappen,152,2001,9,0.0,Jos Verstappen
4,Fernando,Alonso,152,2001,10,0.0,Fernando Alonso
30,Michael,Schumacher,153,2001,1,10.0,Michael Schumacher
22,Rubens,Barrichello,153,2001,2,6.0,Rubens Barrichello
14,David,Coulthard,153,2001,3,4.0,David Coulthard
23,Ralf,Schumacher,153,2001,4,3.0,Ralf Schumacher
57,Mika,Häkkinen,153,2001,5,2.0,Mika Häkkinen
2,Nick,Heidfeld,153,2001,6,1.0,Nick Heidfeld
8,Kimi,Räikkönen,153,2001,7,0.0,Kimi Räikkönen
31,Juan,Pablo Montoya,153,2001,8,0.0,Juan Pablo Montoya
35,Jacques,Villeneuve,153,2001,9,0.0,Jacques Villeneuve
55,Jean,Alesi,153,2001,10,0.0,Jean Alesi
37,Pedro,de la Rosa,153,2001,11,0.0,Pedro de la Rosa
50,Jos,Verstappen,153,2001,12,0.0,Jos Verstappen
30,Michael,Schumacher,154,2001,1,10.0,Michael Schumacher
14,David,Coulthard,154,2001,2,6.0,David Coulthard
21,Giancarlo,Fisichella,154,2001,3,4.0,Giancarlo Fisichella
57,Mika,Häkkinen,154,2001,4,3.0,Mika Häkkinen
22,Rubens,Barrichello,154,2001,5,2.0,Rubens Barrichello
55,Jean,Alesi,154,2001,6,1.0,Jean Alesi
23,Ralf,Schumacher,154,2001,7,0.0,Ralf Schumacher
35,Jacques,Villeneuve,154,2001,8,0.0,Jacques Villeneuve
49,Heinz-Harald,Frentzen,154,2001,9,0.0,Heinz-Harald Frentzen
50,Jos,Verstappen,154,2001,10,0.0,Jos Verstappen
44,Olivier,Panis,154,2001,11,0.0,Olivier Panis
59,Enrique,Bernoldi,154,2001,12,0.0,Enrique Bernoldi
58,Tarso,Marques,154,2001,13,0.0,Tarso Marques
31,Juan,Pablo Montoya,155,2001,1,10.0,Juan Pablo Montoya
22,Rubens,Barrichello,155,2001,2,6.0,Rubens Barrichello
23,Ralf,Schumacher,155,2001,3,4.0,Ralf Schumacher
30,Michael,Schumacher,155,2001,4,3.0,Michael Schumacher
37,Pedro,de la Rosa,155,2001,5,2.0,Pedro de la Rosa
35,Jacques,Villeneuve,155,2001,6,1.0,Jacques Villeneuve
8,Kimi,Räikkönen,155,2001,7,0.0,Kimi Räikkönen
55,Jean,Alesi,155,2001,8,0.0,Jean Alesi
44,Olivier,Panis,155,2001,9,0.0,Olivier Panis
21,Giancarlo,Fisichella,155,2001,10,0.0,Giancarlo Fisichella
2,Nick,Heidfeld,155,2001,11,0.0,Nick Heidfeld
61,Tomáš,Enge,155,2001,12,0.0,Tomáš Enge
4,Fernando,Alonso,155,2001,13,0.0,Fernando Alonso
57,Mika,Häkkinen,156,2001,1,10.0,Mika Häkkinen
30,Michael,Schumacher,156,2001,2,6.0,Michael Schumacher
14,David,Coulthard,156,2001,3,4.0,David Coulthard
15,Jarno,Trulli,156,2001,4,3.0,Jarno Trulli
56,Eddie,Irvine,156,2001,5,2.0,Eddie Irvine
2,Nick,Heidfeld,156,2001,6,1.0,Nick Heidfeld
55,Jean,Alesi,156,2001,7,0.0,Jean Alesi
21,Giancarlo,Fisichella,156,2001,8,0.0,Giancarlo Fisichella
18,Jenson,Button,156,2001,9,0.0,Jenson Button
49,Heinz-Harald,Frentzen,156,2001,10,0.0,Heinz-Harald Frentzen
44,Olivier,Panis,156,2001,11,0.0,Olivier Panis
37,Pedro,de la Rosa,156,2001,12,0.0,Pedro de la Rosa
59,Enrique,Bernoldi,156,2001,13,0.0,Enrique Bernoldi
61,Tomáš,Enge,156,2001,14,0.0,Tomáš Enge
22,Rubens,Barrichello,156,2001,15,0.0,Rubens Barrichello
30,Michael,Schumacher,157,2001,1,10.0,Michael Schumacher
31,Juan,Pablo Montoya,157,2001,2,6.0,Juan Pablo Montoya
14,David,Coulthard,157,2001,3,4.0,David Coulthard
57,Mika,Häkkinen,157,2001,4,3.0,Mika Häkkinen
22,Rubens,Barrichello,157,2001,5,2.0,Rubens Barrichello
23,Ralf,Schumacher,157,2001,6,1.0,Ralf Schumacher
18,Jenson,Button,157,2001,7,0.0,Jenson Button
15,Jarno,Trulli,157,2001,8,0.0,Jarno Trulli
2,Nick,Heidfeld,157,2001,9,0.0,Nick Heidfeld
35,Jacques,Villeneuve,157,2001,10,0.0,Jacques Villeneuve
4,Fernando,Alonso,157,2001,11,0.0,Fernando Alonso
49,Heinz-Harald,Frentzen,157,2001,12,0.0,Heinz-Harald Frentzen
44,Olivier,Panis,157,2001,13,0.0,Olivier Panis
59,Enrique,Bernoldi,157,2001,14,0.0,Enrique Bernoldi
50,Jos,Verstappen,157,2001,15,0.0,Jos Verstappen
62,Alex,Yoong,157,2001,16,0.0,Alex Yoong
21,Giancarlo,Fisichella,157,2001,17,0.0,Giancarlo Fisichella
30,Michael,Schumacher,158,2000,1,10.0,Michael Schumacher
22,Rubens,Barrichello,158,2000,2,6.0,Rubens Barrichello
23,Ralf,Schumacher,158,2000,3,4.0,Ralf Schumacher
35,Jacques,Villeneuve,158,2000,4,3.0,Jacques Villeneuve
21,Giancarlo,Fisichella,158,2000,5,2.0,Giancarlo Fisichella
41,Ricardo,Zonta,158,2000,6,1.0,Ricardo Zonta
25,Alexander,Wurz,158,2000,7,0.0,Alexander Wurz
48,Marc,Gené,158,2000,8,0.0,Marc Gené
2,Nick,Heidfeld,158,2000,9,0.0,Nick Heidfeld
30,Michael,Schumacher,159,2000,1,10.0,Michael Schumacher
21,Giancarlo,Fisichella,159,2000,2,6.0,Giancarlo Fisichella
49,Heinz-Harald,Frentzen,159,2000,3,4.0,Heinz-Harald Frentzen
15,Jarno,Trulli,159,2000,4,3.0,Jarno Trulli
23,Ralf,Schumacher,159,2000,5,2.0,Ralf Schumacher
18,Jenson,Button,159,2000,6,1.0,Jenson Button
50,Jos,Verstappen,159,2000,7,0.0,Jos Verstappen
37,Pedro,de la Rosa,159,2000,8,0.0,Pedro de la Rosa
41,Ricardo,Zonta,159,2000,9,0.0,Ricardo Zonta
60,Gastón,Mazzacane,159,2000,10,0.0,Gastón Mazzacane
30,Michael,Schumacher,160,2000,1,10.0,Michael Schumacher
57,Mika,Häkkinen,160,2000,2,6.0,Mika Häkkinen
14,David,Coulthard,160,2000,3,4.0,David Coulthard
22,Rubens,Barrichello,160,2000,4,3.0,Rubens Barrichello
35,Jacques,Villeneuve,160,2000,5,2.0,Jacques Villeneuve
63,Mika,Salo,160,2000,6,1.0,Mika Salo
56,Eddie,Irvine,160,2000,7,0.0,Eddie Irvine
64,Pedro,Diniz,160,2000,8,0.0,Pedro Diniz
25,Alexander,Wurz,160,2000,9,0.0,Alexander Wurz
65,Johnny,Herbert,160,2000,10,0.0,Johnny Herbert
21,Giancarlo,Fisichella,160,2000,11,0.0,Giancarlo Fisichella
41,Ricardo,Zonta,160,2000,12,0.0,Ricardo Zonta
60,Gastón,Mazzacane,160,2000,13,0.0,Gastón Mazzacane
50,Jos,Verstappen,160,2000,14,0.0,Jos Verstappen
15,Jarno,Trulli,160,2000,15,0.0,Jarno Trulli
14,David,Coulthard,161,2000,1,10.0,David Coulthard
57,Mika,Häkkinen,161,2000,2,6.0,Mika Häkkinen
30,Michael,Schumacher,161,2000,3,4.0,Michael Schumacher
23,Ralf,Schumacher,161,2000,4,3.0,Ralf Schumacher
18,Jenson,Button,161,2000,5,2.0,Jenson Button
15,Jarno,Trulli,161,2000,6,1.0,Jarno Trulli
21,Giancarlo,Fisichella,161,2000,7,0.0,Giancarlo Fisichella
63,Mika,Salo,161,2000,8,0.0,Mika Salo
25,Alexander,Wurz,161,2000,9,0.0,Alexander Wurz
55,Jean,Alesi,161,2000,10,0.0,Jean Alesi
64,Pedro,Diniz,161,2000,11,0.0,Pedro Diniz
65,Johnny,Herbert,161,2000,12,0.0,Johnny Herbert
56,Eddie,Irvine,161,2000,13,0.0,Eddie Irvine
48,Marc,Gené,161,2000,14,0.0,Marc Gené
60,Gastón,Mazzacane,161,2000,15,0.0,Gastón Mazzacane
35,Jacques,Villeneuve,161,2000,16,0.0,Jacques Villeneuve
49,Heinz-Harald,Frentzen,161,2000,17,0.0,Heinz-Harald Frentzen
57,Mika,Häkkinen,162,2000,1,10.0,Mika Häkkinen
14,David,Coulthard,162,2000,2,6.0,David Coulthard
22,Rubens,Barrichello,162,2000,3,4.0,Rubens Barrichello
23,Ralf,Schumacher,162,2000,4,3.0,Ralf Schumacher
30,Michael,Schumacher,162,2000,5,2.0,Michael Schumacher
49,Heinz-Harald,Frentzen,162,2000,6,1.0,Heinz-Harald Frentzen
63,Mika,Salo,162,2000,7,0.0,Mika Salo
41,Ricardo,Zonta,162,2000,8,0.0,Ricardo Zonta
21,Giancarlo,Fisichella,162,2000,9,0.0,Giancarlo Fisichella
25,Alexander,Wurz,162,2000,10,0.0,Alexander Wurz
56,Eddie,Irvine,162,2000,11,0.0,Eddie Irvine
15,Jarno,Trulli,162,2000,12,0.0,Jarno Trulli
65,Johnny,Herbert,162,2000,13,0.0,Johnny Herbert
48,Marc,Gené,162,2000,14,0.0,Marc Gené
60,Gastón,Mazzacane,162,2000,15,0.0,Gastón Mazzacane
2,Nick,Heidfeld,162,2000,16,0.0,Nick Heidfeld
18,Jenson,Button,162,2000,17,0.0,Jenson Button
30,Michael,Schumacher,163,2000,1,10.0,Michael Schumacher
57,Mika,Häkkinen,163,2000,2,6.0,Mika Häkkinen
14,David,Coulthard,163,2000,3,4.0,David Coulthard
22,Rubens,Barrichello,163,2000,4,3.0,Rubens Barrichello
21,Giancarlo,Fisichella,163,2000,5,2.0,Giancarlo Fisichella
37,Pedro,de la Rosa,163,2000,6,1.0,Pedro de la Rosa
64,Pedro,Diniz,163,2000,7,0.0,Pedro Diniz
60,Gastón,Mazzacane,163,2000,8,0.0,Gastón Mazzacane
55,Jean,Alesi,163,2000,9,0.0,Jean Alesi
18,Jenson,Button,163,2000,10,0.0,Jenson Button
65,Johnny,Herbert,163,2000,11,0.0,Johnny Herbert
25,Alexander,Wurz,163,2000,12,0.0,Alexander Wurz
14,David,Coulthard,164,2000,1,10.0,David Coulthard
22,Rubens,Barrichello,164,2000,2,6.0,Rubens Barrichello
21,Giancarlo,Fisichella,164,2000,3,4.0,Giancarlo Fisichella
56,Eddie,Irvine,164,2000,4,3.0,Eddie Irvine
63,Mika,Salo,164,2000,5,2.0,Mika Salo
57,Mika,Häkkinen,164,2000,6,1.0,Mika Häkkinen
35,Jacques,Villeneuve,164,2000,7,0.0,Jacques Villeneuve
2,Nick,Heidfeld,164,2000,8,0.0,Nick Heidfeld
65,Johnny,Herbert,164,2000,9,0.0,Johnny Herbert
49,Heinz-Harald,Frentzen,164,2000,10,0.0,Heinz-Harald Frentzen
30,Michael,Schumacher,165,2000,1,10.0,Michael Schumacher
22,Rubens,Barrichello,165,2000,2,6.0,Rubens Barrichello
21,Giancarlo,Fisichella,165,2000,3,4.0,Giancarlo Fisichella
57,Mika,Häkkinen,165,2000,4,3.0,Mika Häkkinen
50,Jos,Verstappen,165,2000,5,2.0,Jos Verstappen
15,Jarno,Trulli,165,2000,6,1.0,Jarno Trulli
14,David,Coulthard,165,2000,7,0.0,David Coulthard
41,Ricardo,Zonta,165,2000,8,0.0,Ricardo Zonta
25,Alexander,Wurz,165,2000,9,0.0,Alexander Wurz
64,Pedro,Diniz,165,2000,10,0.0,Pedro Diniz
18,Jenson,Button,165,2000,11,0.0,Jenson Button
60,Gastón,Mazzacane,165,2000,12,0.0,Gastón Mazzacane
56,Eddie,Irvine,165,2000,13,0.0,Eddie Irvine
23,Ralf,Schumacher,165,2000,14,0.0,Ralf Schumacher
35,Jacques,Villeneuve,165,2000,15,0.0,Jacques Villeneuve
48,Marc,Gené,165,2000,16,0.0,Marc Gené
14,David,Coulthard,166,2000,1,10.0,David Coulthard
57,Mika,Häkkinen,166,2000,2,6.0,Mika Häkkinen
22,Rubens,Barrichello,166,2000,3,4.0,Rubens Barrichello
35,Jacques,Villeneuve,166,2000,4,3.0,Jacques Villeneuve
23,Ralf,Schumacher,166,2000,5,2.0,Ralf Schumacher
15,Jarno,Trulli,166,2000,6,1.0,Jarno Trulli
49,Heinz-Harald,Frentzen,166,2000,7,0.0,Heinz-Harald Frentzen
18,Jenson,Button,166,2000,8,0.0,Jenson Button
21,Giancarlo,Fisichella,166,2000,9,0.0,Giancarlo Fisichella
63,Mika,Salo,166,2000,10,0.0,Mika Salo
64,Pedro,Diniz,166,2000,11,0.0,Pedro Diniz
2,Nick,Heidfeld,166,2000,12,0.0,Nick Heidfeld
56,Eddie,Irvine,166,2000,13,0.0,Eddie Irvine
55,Jean,Alesi,166,2000,14,0.0,Jean Alesi
48,Marc,Gené,166,2000,15,0.0,Marc Gené
57,Mika,Häkkinen,167,2000,1,10.0,Mika Häkkinen
14,David,Coulthard,167,2000,2,6.0,David Coulthard
22,Rubens,Barrichello,167,2000,3,4.0,Rubens Barrichello
35,Jacques,Villeneuve,167,2000,4,3.0,Jacques Villeneuve
18,Jenson,Button,167,2000,5,2.0,Jenson Button
63,Mika,Salo,167,2000,6,1.0,Mika Salo
65,Johnny,Herbert,167,2000,7,0.0,Johnny Herbert
48,Marc,Gené,167,2000,8,0.0,Marc Gené
64,Pedro,Diniz,167,2000,9,0.0,Pedro Diniz
25,Alexander,Wurz,167,2000,10,0.0,Alexander Wurz
54,Luciano,Burti,167,2000,11,0.0,Luciano Burti
60,Gastón,Mazzacane,167,2000,12,0.0,Gastón Mazzacane
22,Rubens,Barrichello,168,2000,1,10.0,Rubens Barrichello
57,Mika,Häkkinen,168,2000,2,6.0,Mika Häkkinen
14,David,Coulthard,168,2000,3,4.0,David Coulthard
18,Jenson,Button,168,2000,4,3.0,Jenson Button
63,Mika,Salo,168,2000,5,2.0,Mika Salo
37,Pedro,de la Rosa,168,2000,6,1.0,Pedro de la Rosa
23,Ralf,Schumacher,168,2000,7,0.0,Ralf Schumacher
35,Jacques,Villeneuve,168,2000,8,0.0,Jacques Villeneuve
15,Jarno,Trulli,168,2000,9,0.0,Jarno Trulli
56,Eddie,Irvine,168,2000,10,0.0,Eddie Irvine
60,Gastón,Mazzacane,168,2000,11,0.0,Gastón Mazzacane
2,Nick,Heidfeld,168,2000,12,0.0,Nick Heidfeld
57,Mika,Häkkinen,169,2000,1,10.0,Mika Häkkinen
30,Michael,Schumacher,169,2000,2,6.0,Michael Schumacher
14,David,Coulthard,169,2000,3,4.0,David Coulthard
22,Rubens,Barrichello,169,2000,4,3.0,Rubens Barrichello
23,Ralf,Schumacher,169,2000,5,2.0,Ralf Schumacher
49,Heinz-Harald,Frentzen,169,2000,6,1.0,Heinz-Harald Frentzen
15,Jarno,Trulli,169,2000,7,0.0,Jarno Trulli
56,Eddie,Irvine,169,2000,8,0.0,Eddie Irvine
18,Jenson,Button,169,2000,9,0.0,Jenson Button
63,Mika,Salo,169,2000,10,0.0,Mika Salo
25,Alexander,Wurz,169,2000,11,0.0,Alexander Wurz
35,Jacques,Villeneuve,169,2000,12,0.0,Jacques Villeneuve
50,Jos,Verstappen,169,2000,13,0.0,Jos Verstappen
41,Ricardo,Zonta,169,2000,14,0.0,Ricardo Zonta
48,Marc,Gené,169,2000,15,0.0,Marc Gené
37,Pedro,de la Rosa,169,2000,16,0.0,Pedro de la Rosa
57,Mika,Häkkinen,170,2000,1,10.0,Mika Häkkinen
30,Michael,Schumacher,170,2000,2,6.0,Michael Schumacher
23,Ralf,Schumacher,170,2000,3,4.0,Ralf Schumacher
14,David,Coulthard,170,2000,4,3.0,David Coulthard
18,Jenson,Button,170,2000,5,2.0,Jenson Button
49,Heinz-Harald,Frentzen,170,2000,6,1.0,Heinz-Harald Frentzen
35,Jacques,Villeneuve,170,2000,7,0.0,Jacques Villeneuve
65,Johnny,Herbert,170,2000,8,0.0,Johnny Herbert
63,Mika,Salo,170,2000,9,0.0,Mika Salo
56,Eddie,Irvine,170,2000,10,0.0,Eddie Irvine
64,Pedro,Diniz,170,2000,11,0.0,Pedro Diniz
41,Ricardo,Zonta,170,2000,12,0.0,Ricardo Zonta
25,Alexander,Wurz,170,2000,13,0.0,Alexander Wurz
48,Marc,Gené,170,2000,14,0.0,Marc Gené
50,Jos,Verstappen,170,2000,15,0.0,Jos Verstappen
37,Pedro,de la Rosa,170,2000,16,0.0,Pedro de la Rosa
60,Gastón,Mazzacane,170,2000,17,0.0,Gastón Mazzacane
30,Michael,Schumacher,171,2000,1,10.0,Michael Schumacher
57,Mika,Häkkinen,171,2000,2,6.0,Mika Häkkinen
23,Ralf,Schumacher,171,2000,3,4.0,Ralf Schumacher
50,Jos,Verstappen,171,2000,4,3.0,Jos Verstappen
25,Alexander,Wurz,171,2000,5,2.0,Alexander Wurz
41,Ricardo,Zonta,171,2000,6,1.0,Ricardo Zonta
63,Mika,Salo,171,2000,7,0.0,Mika Salo
64,Pedro,Diniz,171,2000,8,0.0,Pedro Diniz
48,Marc,Gené,171,2000,9,0.0,Marc Gené
60,Gastón,Mazzacane,171,2000,10,0.0,Gastón Mazzacane
21,Giancarlo,Fisichella,171,2000,11,0.0,Giancarlo Fisichella
55,Jean,Alesi,171,2000,12,0.0,Jean Alesi
30,Michael,Schumacher,172,2000,1,10.0,Michael Schumacher
22,Rubens,Barrichello,172,2000,2,6.0,Rubens Barrichello
49,Heinz-Harald,Frentzen,172,2000,3,4.0,Heinz-Harald Frentzen
35,Jacques,Villeneuve,172,2000,4,3.0,Jacques Villeneuve
14,David,Coulthard,172,2000,5,2.0,David Coulthard
41,Ricardo,Zonta,172,2000,6,1.0,Ricardo Zonta
56,Eddie,Irvine,172,2000,7,0.0,Eddie Irvine
64,Pedro,Diniz,172,2000,8,0.0,Pedro Diniz
2,Nick,Heidfeld,172,2000,9,0.0,Nick Heidfeld
25,Alexander,Wurz,172,2000,10,0.0,Alexander Wurz
65,Johnny,Herbert,172,2000,11,0.0,Johnny Herbert
48,Marc,Gené,172,2000,12,0.0,Marc Gené
30,Michael,Schumacher,173,2000,1,10.0,Michael Schumacher
57,Mika,Häkkinen,173,2000,2,6.0,Mika Häkkinen
14,David,Coulthard,173,2000,3,4.0,David Coulthard
22,Rubens,Barrichello,173,2000,4,3.0,Rubens Barrichello
18,Jenson,Button,173,2000,5,2.0,Jenson Button
35,Jacques,Villeneuve,173,2000,6,1.0,Jacques Villeneuve
65,Johnny,Herbert,173,2000,7,0.0,Johnny Herbert
56,Eddie,Irvine,173,2000,8,0.0,Eddie Irvine
41,Ricardo,Zonta,173,2000,9,0.0,Ricardo Zonta
63,Mika,Salo,173,2000,10,0.0,Mika Salo
64,Pedro,Diniz,173,2000,11,0.0,Pedro Diniz
37,Pedro,de la Rosa,173,2000,12,0.0,Pedro de la Rosa
15,Jarno,Trulli,173,2000,13,0.0,Jarno Trulli
21,Giancarlo,Fisichella,173,2000,14,0.0,Giancarlo Fisichella
60,Gastón,Mazzacane,173,2000,15,0.0,Gastón Mazzacane
30,Michael,Schumacher,174,2000,1,10.0,Michael Schumacher
14,David,Coulthard,174,2000,2,6.0,David Coulthard
22,Rubens,Barrichello,174,2000,3,4.0,Rubens Barrichello
57,Mika,Häkkinen,174,2000,4,3.0,Mika Häkkinen
35,Jacques,Villeneuve,174,2000,5,2.0,Jacques Villeneuve
56,Eddie,Irvine,174,2000,6,1.0,Eddie Irvine
25,Alexander,Wurz,174,2000,7,0.0,Alexander Wurz
63,Mika,Salo,174,2000,8,0.0,Mika Salo
21,Giancarlo,Fisichella,174,2000,9,0.0,Giancarlo Fisichella
50,Jos,Verstappen,174,2000,10,0.0,Jos Verstappen
55,Jean,Alesi,174,2000,11,0.0,Jean Alesi
15,Jarno,Trulli,174,2000,12,0.0,Jarno Trulli
60,Gastón,Mazzacane,174,2000,13,0.0,Gastón Mazzacane
56,Eddie,Irvine,175,1999,1,10.0,Eddie Irvine
49,Heinz-Harald,Frentzen,175,1999,2,6.0,Heinz-Harald Frentzen
23,Ralf,Schumacher,175,1999,3,4.0,Ralf Schumacher
21,Giancarlo,Fisichella,175,1999,4,3.0,Giancarlo Fisichella
22,Rubens,Barrichello,175,1999,5,2.0,Rubens Barrichello
37,Pedro,de la Rosa,175,1999,6,1.0,Pedro de la Rosa
68,Toranosuke,Takagi,175,1999,7,0.0,Toranosuke Takagi
30,Michael,Schumacher,175,1999,8,0.0,Michael Schumacher
57,Mika,Häkkinen,176,1999,1,10.0,Mika Häkkinen
30,Michael,Schumacher,176,1999,2,6.0,Michael Schumacher
49,Heinz-Harald,Frentzen,176,1999,3,4.0,Heinz-Harald Frentzen
23,Ralf,Schumacher,176,1999,4,3.0,Ralf Schumacher
56,Eddie,Irvine,176,1999,5,2.0,Eddie Irvine
44,Olivier,Panis,176,1999,6,1.0,Olivier Panis
25,Alexander,Wurz,176,1999,7,0.0,Alexander Wurz
68,Toranosuke,Takagi,176,1999,8,0.0,Toranosuke Takagi
48,Marc,Gené,176,1999,9,0.0,Marc Gené
30,Michael,Schumacher,177,1999,1,10.0,Michael Schumacher
14,David,Coulthard,177,1999,2,6.0,David Coulthard
22,Rubens,Barrichello,177,1999,3,4.0,Rubens Barrichello
71,Damon,Hill,177,1999,4,3.0,Damon Hill
21,Giancarlo,Fisichella,177,1999,5,2.0,Giancarlo Fisichella
55,Jean,Alesi,177,1999,6,1.0,Jean Alesi
63,Mika,Salo,177,1999,7,0.0,Mika Salo
69,Luca,Badoer,177,1999,8,0.0,Luca Badoer
48,Marc,Gené,177,1999,9,0.0,Marc Gené
65,Johnny,Herbert,177,1999,10,0.0,Johnny Herbert
70,Alessandro,Zanardi,177,1999,11,0.0,Alessandro Zanardi
30,Michael,Schumacher,178,1999,1,10.0,Michael Schumacher
56,Eddie,Irvine,178,1999,2,6.0,Eddie Irvine
57,Mika,Häkkinen,178,1999,3,4.0,Mika Häkkinen
49,Heinz-Harald,Frentzen,178,1999,4,3.0,Heinz-Harald Frentzen
21,Giancarlo,Fisichella,178,1999,5,2.0,Giancarlo Fisichella
25,Alexander,Wurz,178,1999,6,1.0,Alexander Wurz
15,Jarno,Trulli,178,1999,7,0.0,Jarno Trulli
70,Alessandro,Zanardi,178,1999,8,0.0,Alessandro Zanardi
22,Rubens,Barrichello,178,1999,9,0.0,Rubens Barrichello
57,Mika,Häkkinen,179,1999,1,10.0,Mika Häkkinen
14,David,Coulthard,179,1999,2,6.0,David Coulthard
30,Michael,Schumacher,179,1999,3,4.0,Michael Schumacher
56,Eddie,Irvine,179,1999,4,3.0,Eddie Irvine
23,Ralf,Schumacher,179,1999,5,2.0,Ralf Schumacher
15,Jarno,Trulli,179,1999,6,1.0,Jarno Trulli
71,Damon,Hill,179,1999,7,0.0,Damon Hill
63,Mika,Salo,179,1999,8,0.0,Mika Salo
21,Giancarlo,Fisichella,179,1999,9,0.0,Giancarlo Fisichella
25,Alexander,Wurz,179,1999,10,0.0,Alexander Wurz
37,Pedro,de la Rosa,179,1999,11,0.0,Pedro de la Rosa
68,Toranosuke,Takagi,179,1999,12,0.0,Toranosuke Takagi
57,Mika,Häkkinen,180,1999,1,10.0,Mika Häkkinen
21,Giancarlo,Fisichella,180,1999,2,6.0,Giancarlo Fisichella
56,Eddie,Irvine,180,1999,3,4.0,Eddie Irvine
23,Ralf,Schumacher,180,1999,4,3.0,Ralf Schumacher
65,Johnny,Herbert,180,1999,5,2.0,Johnny Herbert
64,Pedro,Diniz,180,1999,6,1.0,Pedro Diniz
14,David,Coulthard,180,1999,7,0.0,David Coulthard
48,Marc,Gené,180,1999,8,0.0,Marc Gené
44,Olivier,Panis,180,1999,9,0.0,Olivier Panis
69,Luca,Badoer,180,1999,10,0.0,Luca Badoer
49,Heinz-Harald,Frentzen,180,1999,11,0.0,Heinz-Harald Frentzen
49,Heinz-Harald,Frentzen,181,1999,1,10.0,Heinz-Harald Frentzen
57,Mika,Häkkinen,181,1999,2,6.0,Mika Häkkinen
22,Rubens,Barrichello,181,1999,3,4.0,Rubens Barrichello
23,Ralf,Schumacher,181,1999,4,3.0,Ralf Schumacher
30,Michael,Schumacher,181,1999,5,2.0,Michael Schumacher
56,Eddie,Irvine,181,1999,6,1.0,Eddie Irvine
15,Jarno,Trulli,181,1999,7,0.0,Jarno Trulli
44,Olivier,Panis,181,1999,8,0.0,Olivier Panis
41,Ricardo,Zonta,181,1999,9,0.0,Ricardo Zonta
69,Luca,Badoer,181,1999,10,0.0,Luca Badoer
37,Pedro,de la Rosa,181,1999,11,0.0,Pedro de la Rosa
14,David,Coulthard,182,1999,1,10.0,David Coulthard
56,Eddie,Irvine,182,1999,2,6.0,Eddie Irvine
23,Ralf,Schumacher,182,1999,3,4.0,Ralf Schumacher
49,Heinz-Harald,Frentzen,182,1999,4,3.0,Heinz-Harald Frentzen
71,Damon,Hill,182,1999,5,2.0,Damon Hill
64,Pedro,Diniz,182,1999,6,1.0,Pedro Diniz
21,Giancarlo,Fisichella,182,1999,7,0.0,Giancarlo Fisichella
22,Rubens,Barrichello,182,1999,8,0.0,Rubens Barrichello
15,Jarno,Trulli,182,1999,9,0.0,Jarno Trulli
25,Alexander,Wurz,182,1999,10,0.0,Alexander Wurz
70,Alessandro,Zanardi,182,1999,11,0.0,Alessandro Zanardi
65,Johnny,Herbert,182,1999,12,0.0,Johnny Herbert
44,Olivier,Panis,182,1999,13,0.0,Olivier Panis
55,Jean,Alesi,182,1999,14,0.0,Jean Alesi
48,Marc,Gené,182,1999,15,0.0,Marc Gené
68,Toranosuke,Takagi,182,1999,16,0.0,Toranosuke Takagi
56,Eddie,Irvine,183,1999,1,10.0,Eddie Irvine
14,David,Coulthard,183,1999,2,6.0,David Coulthard
57,Mika,Häkkinen,183,1999,3,4.0,Mika Häkkinen
49,Heinz-Harald,Frentzen,183,1999,4,3.0,Heinz-Harald Frentzen
25,Alexander,Wurz,183,1999,5,2.0,Alexander Wurz
64,Pedro,Diniz,183,1999,6,1.0,Pedro Diniz
15,Jarno,Trulli,183,1999,7,0.0,Jarno Trulli
71,Damon,Hill,183,1999,8,0.0,Damon Hill
63,Mika,Salo,183,1999,9,0.0,Mika Salo
44,Olivier,Panis,183,1999,10,0.0,Olivier Panis
48,Marc,Gené,183,1999,11,0.0,Marc Gené
21,Giancarlo,Fisichella,183,1999,12,0.0,Giancarlo Fisichella
69,Luca,Badoer,183,1999,13,0.0,Luca Badoer
65,Johnny,Herbert,183,1999,14,0.0,Johnny Herbert
41,Ricardo,Zonta,183,1999,15,0.0,Ricardo Zonta
56,Eddie,Irvine,184,1999,1,10.0,Eddie Irvine
63,Mika,Salo,184,1999,2,6.0,Mika Salo
49,Heinz-Harald,Frentzen,184,1999,3,4.0,Heinz-Harald Frentzen
23,Ralf,Schumacher,184,1999,4,3.0,Ralf Schumacher
14,David,Coulthard,184,1999,5,2.0,David Coulthard
44,Olivier,Panis,184,1999,6,1.0,Olivier Panis
25,Alexander,Wurz,184,1999,7,0.0,Alexander Wurz
55,Jean,Alesi,184,1999,8,0.0,Jean Alesi
48,Marc,Gené,184,1999,9,0.0,Marc Gené
69,Luca,Badoer,184,1999,10,0.0,Luca Badoer
65,Johnny,Herbert,184,1999,11,0.0,Johnny Herbert
57,Mika,Häkkinen,185,1999,1,10.0,Mika Häkkinen
14,David,Coulthard,185,1999,2,6.0,David Coulthard
56,Eddie,Irvine,185,1999,3,4.0,Eddie Irvine
49,Heinz-Harald,Frentzen,185,1999,4,3.0,Heinz-Harald Frentzen
22,Rubens,Barrichello,185,1999,5,2.0,Rubens Barrichello
71,Damon,Hill,185,1999,6,1.0,Damon Hill
25,Alexander,Wurz,185,1999,7,0.0,Alexander Wurz
15,Jarno,Trulli,185,1999,8,0.0,Jarno Trulli
23,Ralf,Schumacher,185,1999,9,0.0,Ralf Schumacher
44,Olivier,Panis,185,1999,10,0.0,Olivier Panis
65,Johnny,Herbert,185,1999,11,0.0,Johnny Herbert
63,Mika,Salo,185,1999,12,0.0,Mika Salo
41,Ricardo,Zonta,185,1999,13,0.0,Ricardo Zonta
69,Luca,Badoer,185,1999,14,0.0,Luca Badoer
37,Pedro,de la Rosa,185,1999,15,0.0,Pedro de la Rosa
55,Jean,Alesi,185,1999,16,0.0,Jean Alesi
48,Marc,Gené,185,1999,17,0.0,Marc Gené
14,David,Coulthard,186,1999,1,10.0,David Coulthard
57,Mika,Häkkinen,186,1999,2,6.0,Mika Häkkinen
49,Heinz-Harald,Frentzen,186,1999,3,4.0,Heinz-Harald Frentzen
56,Eddie,Irvine,186,1999,4,3.0,Eddie Irvine
23,Ralf,Schumacher,186,1999,5,2.0,Ralf Schumacher
71,Damon,Hill,186,1999,6,1.0,Damon Hill
63,Mika,Salo,186,1999,7,0.0,Mika Salo
70,Alessandro,Zanardi,186,1999,8,0.0,Alessandro Zanardi
55,Jean,Alesi,186,1999,9,0.0,Jean Alesi
22,Rubens,Barrichello,186,1999,10,0.0,Rubens Barrichello
21,Giancarlo,Fisichella,186,1999,11,0.0,Giancarlo Fisichella
15,Jarno,Trulli,186,1999,12,0.0,Jarno Trulli
44,Olivier,Panis,186,1999,13,0.0,Olivier Panis
25,Alexander,Wurz,186,1999,14,0.0,Alexander Wurz
35,Jacques,Villeneuve,186,1999,15,0.0,Jacques Villeneuve
48,Marc,Gené,186,1999,16,0.0,Marc Gené
49,Heinz-Harald,Frentzen,187,1999,1,10.0,Heinz-Harald Frentzen
23,Ralf,Schumacher,187,1999,2,6.0,Ralf Schumacher
63,Mika,Salo,187,1999,3,4.0,Mika Salo
22,Rubens,Barrichello,187,1999,4,3.0,Rubens Barrichello
14,David,Coulthard,187,1999,5,2.0,David Coulthard
56,Eddie,Irvine,187,1999,6,1.0,Eddie Irvine
70,Alessandro,Zanardi,187,1999,7,0.0,Alessandro Zanardi
35,Jacques,Villeneuve,187,1999,8,0.0,Jacques Villeneuve
55,Jean,Alesi,187,1999,9,0.0,Jean Alesi
71,Damon,Hill,187,1999,10,0.0,Damon Hill
44,Olivier,Panis,187,1999,11,0.0,Olivier Panis
65,Johnny,Herbert,188,1999,1,10.0,Johnny Herbert
15,Jarno,Trulli,188,1999,2,6.0,Jarno Trulli
22,Rubens,Barrichello,188,1999,3,4.0,Rubens Barrichello
23,Ralf,Schumacher,188,1999,4,3.0,Ralf Schumacher
57,Mika,Häkkinen,188,1999,5,2.0,Mika Häkkinen
48,Marc,Gené,188,1999,6,1.0,Marc Gené
56,Eddie,Irvine,188,1999,7,0.0,Eddie Irvine
41,Ricardo,Zonta,188,1999,8,0.0,Ricardo Zonta
44,Olivier,Panis,188,1999,9,0.0,Olivier Panis
35,Jacques,Villeneuve,188,1999,10,0.0,Jacques Villeneuve
56,Eddie,Irvine,189,1999,1,10.0,Eddie Irvine
30,Michael,Schumacher,189,1999,2,6.0,Michael Schumacher
57,Mika,Häkkinen,189,1999,3,4.0,Mika Häkkinen
65,Johnny,Herbert,189,1999,4,3.0,Johnny Herbert
22,Rubens,Barrichello,189,1999,5,2.0,Rubens Barrichello
49,Heinz-Harald,Frentzen,189,1999,6,1.0,Heinz-Harald Frentzen
55,Jean,Alesi,189,1999,7,0.0,Jean Alesi
25,Alexander,Wurz,189,1999,8,0.0,Alexander Wurz
48,Marc,Gené,189,1999,9,0.0,Marc Gené
70,Alessandro,Zanardi,189,1999,10,0.0,Alessandro Zanardi
21,Giancarlo,Fisichella,189,1999,11,0.0,Giancarlo Fisichella
57,Mika,Häkkinen,190,1999,1,10.0,Mika Häkkinen
30,Michael,Schumacher,190,1999,2,6.0,Michael Schumacher
56,Eddie,Irvine,190,1999,3,4.0,Eddie Irvine
49,Heinz-Harald,Frentzen,190,1999,4,3.0,Heinz-Harald Frentzen
23,Ralf,Schumacher,190,1999,5,2.0,Ralf Schumacher
55,Jean,Alesi,190,1999,6,1.0,Jean Alesi
65,Johnny,Herbert,190,1999,7,0.0,Johnny Herbert
22,Rubens,Barrichello,190,1999,8,0.0,Rubens Barrichello
35,Jacques,Villeneuve,190,1999,9,0.0,Jacques Villeneuve
25,Alexander,Wurz,190,1999,10,0.0,Alexander Wurz
64,Pedro,Diniz,190,1999,11,0.0,Pedro Diniz
41,Ricardo,Zonta,190,1999,12,0.0,Ricardo Zonta
37,Pedro,de la Rosa,190,1999,13,0.0,Pedro de la Rosa
21,Giancarlo,Fisichella,190,1999,14,0.0,Giancarlo Fisichella
57,Mika,Häkkinen,191,1998,1,10.0,Mika Häkkinen
14,David,Coulthard,191,1998,2,6.0,David Coulthard
49,Heinz-Harald,Frentzen,191,1998,3,4.0,Heinz-Harald Frentzen
56,Eddie,Irvine,191,1998,4,3.0,Eddie Irvine
35,Jacques,Villeneuve,191,1998,5,2.0,Jacques Villeneuve
65,Johnny,Herbert,191,1998,6,1.0,Johnny Herbert
25,Alexander,Wurz,191,1998,7,0.0,Alexander Wurz
71,Damon,Hill,191,1998,8,0.0,Damon Hill
44,Olivier,Panis,191,1998,9,0.0,Olivier Panis
57,Mika,Häkkinen,192,1998,1,10.0,Mika Häkkinen
14,David,Coulthard,192,1998,2,6.0,David Coulthard
30,Michael,Schumacher,192,1998,3,4.0,Michael Schumacher
25,Alexander,Wurz,192,1998,4,3.0,Alexander Wurz
49,Heinz-Harald,Frentzen,192,1998,5,2.0,Heinz-Harald Frentzen
21,Giancarlo,Fisichella,192,1998,6,1.0,Giancarlo Fisichella
35,Jacques,Villeneuve,192,1998,7,0.0,Jacques Villeneuve
56,Eddie,Irvine,192,1998,8,0.0,Eddie Irvine
55,Jean,Alesi,192,1998,9,0.0,Jean Alesi
76,Jan,Magnussen,192,1998,10,0.0,Jan Magnussen
65,Johnny,Herbert,192,1998,11,0.0,Johnny Herbert
30,Michael,Schumacher,193,1998,1,10.0,Michael Schumacher
57,Mika,Häkkinen,193,1998,2,6.0,Mika Häkkinen
56,Eddie,Irvine,193,1998,3,4.0,Eddie Irvine
25,Alexander,Wurz,193,1998,4,3.0,Alexander Wurz
55,Jean,Alesi,193,1998,5,2.0,Jean Alesi
14,David,Coulthard,193,1998,6,1.0,David Coulthard
21,Giancarlo,Fisichella,193,1998,7,0.0,Giancarlo Fisichella
71,Damon,Hill,193,1998,8,0.0,Damon Hill
49,Heinz-Harald,Frentzen,193,1998,9,0.0,Heinz-Harald Frentzen
22,Rubens,Barrichello,193,1998,10,0.0,Rubens Barrichello
15,Jarno,Trulli,193,1998,11,0.0,Jarno Trulli
68,Toranosuke,Takagi,193,1998,12,0.0,Toranosuke Takagi
75,Shinji,Nakano,193,1998,13,0.0,Shinji Nakano
73,Ricardo,Rosset,193,1998,14,0.0,Ricardo Rosset
44,Olivier,Panis,193,1998,15,0.0,Olivier Panis
14,David,Coulthard,194,1998,1,10.0,David Coulthard
30,Michael,Schumacher,194,1998,2,6.0,Michael Schumacher
56,Eddie,Irvine,194,1998,3,4.0,Eddie Irvine
35,Jacques,Villeneuve,194,1998,4,3.0,Jacques Villeneuve
49,Heinz-Harald,Frentzen,194,1998,5,2.0,Heinz-Harald Frentzen
55,Jean,Alesi,194,1998,6,1.0,Jean Alesi
23,Ralf,Schumacher,194,1998,7,0.0,Ralf Schumacher
74,Esteban,Tuero,194,1998,8,0.0,Esteban Tuero
63,Mika,Salo,194,1998,9,0.0,Mika Salo
71,Damon,Hill,194,1998,10,0.0,Damon Hill
44,Olivier,Panis,194,1998,11,0.0,Olivier Panis
57,Mika,Häkkinen,195,1998,1,10.0,Mika Häkkinen
14,David,Coulthard,195,1998,2,6.0,David Coulthard
30,Michael,Schumacher,195,1998,3,4.0,Michael Schumacher
25,Alexander,Wurz,195,1998,4,3.0,Alexander Wurz
22,Rubens,Barrichello,195,1998,5,2.0,Rubens Barrichello
35,Jacques,Villeneuve,195,1998,6,1.0,Jacques Villeneuve
65,Johnny,Herbert,195,1998,7,0.0,Johnny Herbert
49,Heinz-Harald,Frentzen,195,1998,8,0.0,Heinz-Harald Frentzen
15,Jarno,Trulli,195,1998,9,0.0,Jarno Trulli
55,Jean,Alesi,195,1998,10,0.0,Jean Alesi
23,Ralf,Schumacher,195,1998,11,0.0,Ralf Schumacher
76,Jan,Magnussen,195,1998,12,0.0,Jan Magnussen
68,Toranosuke,Takagi,195,1998,13,0.0,Toranosuke Takagi
75,Shinji,Nakano,195,1998,14,0.0,Shinji Nakano
74,Esteban,Tuero,195,1998,15,0.0,Esteban Tuero
44,Olivier,Panis,195,1998,16,0.0,Olivier Panis
57,Mika,Häkkinen,196,1998,1,10.0,Mika Häkkinen
21,Giancarlo,Fisichella,196,1998,2,6.0,Giancarlo Fisichella
56,Eddie,Irvine,196,1998,3,4.0,Eddie Irvine
63,Mika,Salo,196,1998,4,3.0,Mika Salo
35,Jacques,Villeneuve,196,1998,5,2.0,Jacques Villeneuve
64,Pedro,Diniz,196,1998,6,1.0,Pedro Diniz
65,Johnny,Herbert,196,1998,7,0.0,Johnny Herbert
71,Damon,Hill,196,1998,8,0.0,Damon Hill
75,Shinji,Nakano,196,1998,9,0.0,Shinji Nakano
30,Michael,Schumacher,196,1998,10,0.0,Michael Schumacher
68,Toranosuke,Takagi,196,1998,11,0.0,Toranosuke Takagi
55,Jean,Alesi,196,1998,12,0.0,Jean Alesi
30,Michael,Schumacher,197,1998,1,10.0,Michael Schumacher
21,Giancarlo,Fisichella,197,1998,2,6.0,Giancarlo Fisichella
56,Eddie,Irvine,197,1998,3,4.0,Eddie Irvine
25,Alexander,Wurz,197,1998,4,3.0,Alexander Wurz
22,Rubens,Barrichello,197,1998,5,2.0,Rubens Barrichello
76,Jan,Magnussen,197,1998,6,1.0,Jan Magnussen
75,Shinji,Nakano,197,1998,7,0.0,Shinji Nakano
73,Ricardo,Rosset,197,1998,8,0.0,Ricardo Rosset
64,Pedro,Diniz,197,1998,9,0.0,Pedro Diniz
35,Jacques,Villeneuve,197,1998,10,0.0,Jacques Villeneuve
30,Michael,Schumacher,198,1998,1,10.0,Michael Schumacher
56,Eddie,Irvine,198,1998,2,6.0,Eddie Irvine
57,Mika,Häkkinen,198,1998,3,4.0,Mika Häkkinen
35,Jacques,Villeneuve,198,1998,4,3.0,Jacques Villeneuve
25,Alexander,Wurz,198,1998,5,2.0,Alexander Wurz
14,David,Coulthard,198,1998,6,1.0,David Coulthard
55,Jean,Alesi,198,1998,7,0.0,Jean Alesi
65,Johnny,Herbert,198,1998,8,0.0,Johnny Herbert
21,Giancarlo,Fisichella,198,1998,9,0.0,Giancarlo Fisichella
22,Rubens,Barrichello,198,1998,10,0.0,Rubens Barrichello
44,Olivier,Panis,198,1998,11,0.0,Olivier Panis
50,Jos,Verstappen,198,1998,12,0.0,Jos Verstappen
63,Mika,Salo,198,1998,13,0.0,Mika Salo
64,Pedro,Diniz,198,1998,14,0.0,Pedro Diniz
49,Heinz-Harald,Frentzen,198,1998,15,0.0,Heinz-Harald Frentzen
23,Ralf,Schumacher,198,1998,16,0.0,Ralf Schumacher
75,Shinji,Nakano,198,1998,17,0.0,Shinji Nakano
30,Michael,Schumacher,199,1998,1,10.0,Michael Schumacher
57,Mika,Häkkinen,199,1998,2,6.0,Mika Häkkinen
56,Eddie,Irvine,199,1998,3,4.0,Eddie Irvine
25,Alexander,Wurz,199,1998,4,3.0,Alexander Wurz
21,Giancarlo,Fisichella,199,1998,5,2.0,Giancarlo Fisichella
23,Ralf,Schumacher,199,1998,6,1.0,Ralf Schumacher
35,Jacques,Villeneuve,199,1998,7,0.0,Jacques Villeneuve
75,Shinji,Nakano,199,1998,8,0.0,Shinji Nakano
68,Toranosuke,Takagi,199,1998,9,0.0,Toranosuke Takagi
57,Mika,Häkkinen,200,1998,1,10.0,Mika Häkkinen
14,David,Coulthard,200,1998,2,6.0,David Coulthard
30,Michael,Schumacher,200,1998,3,4.0,Michael Schumacher
56,Eddie,Irvine,200,1998,4,3.0,Eddie Irvine
23,Ralf,Schumacher,200,1998,5,2.0,Ralf Schumacher
35,Jacques,Villeneuve,200,1998,6,1.0,Jacques Villeneuve
71,Damon,Hill,200,1998,7,0.0,Damon Hill
65,Johnny,Herbert,200,1998,8,0.0,Johnny Herbert
25,Alexander,Wurz,200,1998,9,0.0,Alexander Wurz
15,Jarno,Trulli,200,1998,10,0.0,Jarno Trulli
75,Shinji,Nakano,200,1998,11,0.0,Shinji Nakano
73,Ricardo,Rosset,200,1998,12,0.0,Ricardo Rosset
57,Mika,Häkkinen,201,1998,1,10.0,Mika Häkkinen
14,David,Coulthard,201,1998,2,6.0,David Coulthard
35,Jacques,Villeneuve,201,1998,3,4.0,Jacques Villeneuve
71,Damon,Hill,201,1998,4,3.0,Damon Hill
30,Michael,Schumacher,201,1998,5,2.0,Michael Schumacher
23,Ralf,Schumacher,201,1998,6,1.0,Ralf Schumacher
21,Giancarlo,Fisichella,201,1998,7,0.0,Giancarlo Fisichella
56,Eddie,Irvine,201,1998,8,0.0,Eddie Irvine
49,Heinz-Harald,Frentzen,201,1998,9,0.0,Heinz-Harald Frentzen
55,Jean,Alesi,201,1998,10,0.0,Jean Alesi
25,Alexander,Wurz,201,1998,11,0.0,Alexander Wurz
15,Jarno,Trulli,201,1998,12,0.0,Jarno Trulli
68,Toranosuke,Takagi,201,1998,13,0.0,Toranosuke Takagi
63,Mika,Salo,201,1998,14,0.0,Mika Salo
44,Olivier,Panis,201,1998,15,0.0,Olivier Panis
74,Esteban,Tuero,201,1998,16,0.0,Esteban Tuero
30,Michael,Schumacher,202,1998,1,10.0,Michael Schumacher
14,David,Coulthard,202,1998,2,6.0,David Coulthard
35,Jacques,Villeneuve,202,1998,3,4.0,Jacques Villeneuve
71,Damon,Hill,202,1998,4,3.0,Damon Hill
49,Heinz-Harald,Frentzen,202,1998,5,2.0,Heinz-Harald Frentzen
57,Mika,Häkkinen,202,1998,6,1.0,Mika Häkkinen
55,Jean,Alesi,202,1998,7,0.0,Jean Alesi
21,Giancarlo,Fisichella,202,1998,8,0.0,Giancarlo Fisichella
23,Ralf,Schumacher,202,1998,9,0.0,Ralf Schumacher
65,Johnny,Herbert,202,1998,10,0.0,Johnny Herbert
64,Pedro,Diniz,202,1998,11,0.0,Pedro Diniz
44,Olivier,Panis,202,1998,12,0.0,Olivier Panis
50,Jos,Verstappen,202,1998,13,0.0,Jos Verstappen
68,Toranosuke,Takagi,202,1998,14,0.0,Toranosuke Takagi
75,Shinji,Nakano,202,1998,15,0.0,Shinji Nakano
71,Damon,Hill,203,1998,1,10.0,Damon Hill
23,Ralf,Schumacher,203,1998,2,6.0,Ralf Schumacher
55,Jean,Alesi,203,1998,3,4.0,Jean Alesi
49,Heinz-Harald,Frentzen,203,1998,4,3.0,Heinz-Harald Frentzen
64,Pedro,Diniz,203,1998,5,2.0,Pedro Diniz
15,Jarno,Trulli,203,1998,6,1.0,Jarno Trulli
14,David,Coulthard,203,1998,7,0.0,David Coulthard
75,Shinji,Nakano,203,1998,8,0.0,Shinji Nakano
30,Michael,Schumacher,204,1998,1,10.0,Michael Schumacher
56,Eddie,Irvine,204,1998,2,6.0,Eddie Irvine
23,Ralf,Schumacher,204,1998,3,4.0,Ralf Schumacher
57,Mika,Häkkinen,204,1998,4,3.0,Mika Häkkinen
55,Jean,Alesi,204,1998,5,2.0,Jean Alesi
71,Damon,Hill,204,1998,6,1.0,Damon Hill
49,Heinz-Harald,Frentzen,204,1998,7,0.0,Heinz-Harald Frentzen
21,Giancarlo,Fisichella,204,1998,8,0.0,Giancarlo Fisichella
68,Toranosuke,Takagi,204,1998,9,0.0,Toranosuke Takagi
22,Rubens,Barrichello,204,1998,10,0.0,Rubens Barrichello
74,Esteban,Tuero,204,1998,11,0.0,Esteban Tuero
73,Ricardo,Rosset,204,1998,12,0.0,Ricardo Rosset
15,Jarno,Trulli,204,1998,13,0.0,Jarno Trulli
57,Mika,Häkkinen,205,1998,1,10.0,Mika Häkkinen
30,Michael,Schumacher,205,1998,2,6.0,Michael Schumacher
14,David,Coulthard,205,1998,3,4.0,David Coulthard
56,Eddie,Irvine,205,1998,4,3.0,Eddie Irvine
49,Heinz-Harald,Frentzen,205,1998,5,2.0,Heinz-Harald Frentzen
21,Giancarlo,Fisichella,205,1998,6,1.0,Giancarlo Fisichella
25,Alexander,Wurz,205,1998,7,0.0,Alexander Wurz
35,Jacques,Villeneuve,205,1998,8,0.0,Jacques Villeneuve
71,Damon,Hill,205,1998,9,0.0,Damon Hill
55,Jean,Alesi,205,1998,10,0.0,Jean Alesi
22,Rubens,Barrichello,205,1998,11,0.0,Rubens Barrichello
44,Olivier,Panis,205,1998,12,0.0,Olivier Panis
50,Jos,Verstappen,205,1998,13,0.0,Jos Verstappen
63,Mika,Salo,205,1998,14,0.0,Mika Salo
75,Shinji,Nakano,205,1998,15,0.0,Shinji Nakano
68,Toranosuke,Takagi,205,1998,16,0.0,Toranosuke Takagi
57,Mika,Häkkinen,206,1998,1,10.0,Mika Häkkinen
56,Eddie,Irvine,206,1998,2,6.0,Eddie Irvine
14,David,Coulthard,206,1998,3,4.0,David Coulthard
71,Damon,Hill,206,1998,4,3.0,Damon Hill
49,Heinz-Harald,Frentzen,206,1998,5,2.0,Heinz-Harald Frentzen
35,Jacques,Villeneuve,206,1998,6,1.0,Jacques Villeneuve
55,Jean,Alesi,206,1998,7,0.0,Jean Alesi
21,Giancarlo,Fisichella,206,1998,8,0.0,Giancarlo Fisichella
25,Alexander,Wurz,206,1998,9,0.0,Alexander Wurz
65,Johnny,Herbert,206,1998,10,0.0,Johnny Herbert
44,Olivier,Panis,206,1998,11,0.0,Olivier Panis
15,Jarno,Trulli,206,1998,12,0.0,Jarno Trulli
14,David,Coulthard,207,1997,1,10.0,David Coulthard
30,Michael,Schumacher,207,1997,2,6.0,Michael Schumacher
57,Mika,Häkkinen,207,1997,3,4.0,Mika Häkkinen
77,Gerhard,Berger,207,1997,4,3.0,Gerhard Berger
44,Olivier,Panis,207,1997,5,2.0,Olivier Panis
78,Nicola,Larini,207,1997,6,1.0,Nicola Larini
75,Shinji,Nakano,207,1997,7,0.0,Shinji Nakano
49,Heinz-Harald,Frentzen,207,1997,8,0.0,Heinz-Harald Frentzen
15,Jarno,Trulli,207,1997,9,0.0,Jarno Trulli
64,Pedro,Diniz,207,1997,10,0.0,Pedro Diniz
35,Jacques,Villeneuve,208,1997,1,10.0,Jacques Villeneuve
77,Gerhard,Berger,208,1997,2,6.0,Gerhard Berger
44,Olivier,Panis,208,1997,3,4.0,Olivier Panis
57,Mika,Häkkinen,208,1997,4,3.0,Mika Häkkinen
30,Michael,Schumacher,208,1997,5,2.0,Michael Schumacher
55,Jean,Alesi,208,1997,6,1.0,Jean Alesi
65,Johnny,Herbert,208,1997,7,0.0,Johnny Herbert
21,Giancarlo,Fisichella,208,1997,8,0.0,Giancarlo Fisichella
49,Heinz-Harald,Frentzen,208,1997,9,0.0,Heinz-Harald Frentzen
14,David,Coulthard,208,1997,10,0.0,David Coulthard
78,Nicola,Larini,208,1997,11,0.0,Nicola Larini
15,Jarno,Trulli,208,1997,12,0.0,Jarno Trulli
63,Mika,Salo,208,1997,13,0.0,Mika Salo
75,Shinji,Nakano,208,1997,14,0.0,Shinji Nakano
50,Jos,Verstappen,208,1997,15,0.0,Jos Verstappen
56,Eddie,Irvine,208,1997,16,0.0,Eddie Irvine
71,Damon,Hill,208,1997,17,0.0,Damon Hill
79,Ukyo,Katayama,208,1997,18,0.0,Ukyo Katayama
35,Jacques,Villeneuve,209,1997,1,10.0,Jacques Villeneuve
56,Eddie,Irvine,209,1997,2,6.0,Eddie Irvine
23,Ralf,Schumacher,209,1997,3,4.0,Ralf Schumacher
65,Johnny,Herbert,209,1997,4,3.0,Johnny Herbert
57,Mika,Häkkinen,209,1997,5,2.0,Mika Häkkinen
77,Gerhard,Berger,209,1997,6,1.0,Gerhard Berger
55,Jean,Alesi,209,1997,7,0.0,Jean Alesi
63,Mika,Salo,209,1997,8,0.0,Mika Salo
15,Jarno,Trulli,209,1997,9,0.0,Jarno Trulli
76,Jan,Magnussen,209,1997,10,0.0,Jan Magnussen
49,Heinz-Harald,Frentzen,210,1997,1,10.0,Heinz-Harald Frentzen
30,Michael,Schumacher,210,1997,2,6.0,Michael Schumacher
56,Eddie,Irvine,210,1997,3,4.0,Eddie Irvine
21,Giancarlo,Fisichella,210,1997,4,3.0,Giancarlo Fisichella
55,Jean,Alesi,210,1997,5,2.0,Jean Alesi
57,Mika,Häkkinen,210,1997,6,1.0,Mika Häkkinen
78,Nicola,Larini,210,1997,7,0.0,Nicola Larini
44,Olivier,Panis,210,1997,8,0.0,Olivier Panis
63,Mika,Salo,210,1997,9,0.0,Mika Salo
50,Jos,Verstappen,210,1997,10,0.0,Jos Verstappen
79,Ukyo,Katayama,210,1997,11,0.0,Ukyo Katayama
30,Michael,Schumacher,211,1997,1,10.0,Michael Schumacher
22,Rubens,Barrichello,211,1997,2,6.0,Rubens Barrichello
56,Eddie,Irvine,211,1997,3,4.0,Eddie Irvine
44,Olivier,Panis,211,1997,4,3.0,Olivier Panis
63,Mika,Salo,211,1997,5,2.0,Mika Salo
21,Giancarlo,Fisichella,211,1997,6,1.0,Giancarlo Fisichella
76,Jan,Magnussen,211,1997,7,0.0,Jan Magnussen
50,Jos,Verstappen,211,1997,8,0.0,Jos Verstappen
77,Gerhard,Berger,211,1997,9,0.0,Gerhard Berger
79,Ukyo,Katayama,211,1997,10,0.0,Ukyo Katayama
35,Jacques,Villeneuve,212,1997,1,10.0,Jacques Villeneuve
44,Olivier,Panis,212,1997,2,6.0,Olivier Panis
55,Jean,Alesi,212,1997,3,4.0,Jean Alesi
30,Michael,Schumacher,212,1997,4,3.0,Michael Schumacher
65,Johnny,Herbert,212,1997,5,2.0,Johnny Herbert
14,David,Coulthard,212,1997,6,1.0,David Coulthard
57,Mika,Häkkinen,212,1997,7,0.0,Mika Häkkinen
49,Heinz-Harald,Frentzen,212,1997,8,0.0,Heinz-Harald Frentzen
21,Giancarlo,Fisichella,212,1997,9,0.0,Giancarlo Fisichella
77,Gerhard,Berger,212,1997,10,0.0,Gerhard Berger
50,Jos,Verstappen,212,1997,11,0.0,Jos Verstappen
56,Eddie,Irvine,212,1997,12,0.0,Eddie Irvine
76,Jan,Magnussen,212,1997,13,0.0,Jan Magnussen
81,Gianni,Morbidelli,212,1997,14,0.0,Gianni Morbidelli
15,Jarno,Trulli,212,1997,15,0.0,Jarno Trulli
30,Michael,Schumacher,213,1997,1,10.0,Michael Schumacher
55,Jean,Alesi,213,1997,2,6.0,Jean Alesi
21,Giancarlo,Fisichella,213,1997,3,4.0,Giancarlo Fisichella
49,Heinz-Harald,Frentzen,213,1997,4,3.0,Heinz-Harald Frentzen
65,Johnny,Herbert,213,1997,5,2.0,Johnny Herbert
75,Shinji,Nakano,213,1997,6,1.0,Shinji Nakano
14,David,Coulthard,213,1997,7,0.0,David Coulthard
64,Pedro,Diniz,213,1997,8,0.0,Pedro Diniz
71,Damon,Hill,213,1997,9,0.0,Damon Hill
81,Gianni,Morbidelli,213,1997,10,0.0,Gianni Morbidelli
44,Olivier,Panis,213,1997,11,0.0,Olivier Panis
30,Michael,Schumacher,214,1997,1,10.0,Michael Schumacher
49,Heinz-Harald,Frentzen,214,1997,2,6.0,Heinz-Harald Frentzen
56,Eddie,Irvine,214,1997,3,4.0,Eddie Irvine
35,Jacques,Villeneuve,214,1997,4,3.0,Jacques Villeneuve
55,Jean,Alesi,214,1997,5,2.0,Jean Alesi
23,Ralf,Schumacher,214,1997,6,1.0,Ralf Schumacher
14,David,Coulthard,214,1997,7,0.0,David Coulthard
65,Johnny,Herbert,214,1997,8,0.0,Johnny Herbert
21,Giancarlo,Fisichella,214,1997,9,0.0,Giancarlo Fisichella
15,Jarno,Trulli,214,1997,10,0.0,Jarno Trulli
79,Ukyo,Katayama,214,1997,11,0.0,Ukyo Katayama
71,Damon,Hill,214,1997,12,0.0,Damon Hill
35,Jacques,Villeneuve,215,1997,1,10.0,Jacques Villeneuve
55,Jean,Alesi,215,1997,2,6.0,Jean Alesi
25,Alexander,Wurz,215,1997,3,4.0,Alexander Wurz
14,David,Coulthard,215,1997,4,3.0,David Coulthard
23,Ralf,Schumacher,215,1997,5,2.0,Ralf Schumacher
71,Damon,Hill,215,1997,6,1.0,Damon Hill
21,Giancarlo,Fisichella,215,1997,7,0.0,Giancarlo Fisichella
15,Jarno,Trulli,215,1997,8,0.0,Jarno Trulli
82,Norberto,Fontana,215,1997,9,0.0,Norberto Fontana
58,Tarso,Marques,215,1997,10,0.0,Tarso Marques
75,Shinji,Nakano,215,1997,11,0.0,Shinji Nakano
77,Gerhard,Berger,216,1997,1,10.0,Gerhard Berger
30,Michael,Schumacher,216,1997,2,6.0,Michael Schumacher
57,Mika,Häkkinen,216,1997,3,4.0,Mika Häkkinen
15,Jarno,Trulli,216,1997,4,3.0,Jarno Trulli
23,Ralf,Schumacher,216,1997,5,2.0,Ralf Schumacher
55,Jean,Alesi,216,1997,6,1.0,Jean Alesi
75,Shinji,Nakano,216,1997,7,0.0,Shinji Nakano
71,Damon,Hill,216,1997,8,0.0,Damon Hill
82,Norberto,Fontana,216,1997,9,0.0,Norberto Fontana
50,Jos,Verstappen,216,1997,10,0.0,Jos Verstappen
21,Giancarlo,Fisichella,216,1997,11,0.0,Giancarlo Fisichella
35,Jacques,Villeneuve,217,1997,1,10.0,Jacques Villeneuve
71,Damon,Hill,217,1997,2,6.0,Damon Hill
65,Johnny,Herbert,217,1997,3,4.0,Johnny Herbert
30,Michael,Schumacher,217,1997,4,3.0,Michael Schumacher
23,Ralf,Schumacher,217,1997,5,2.0,Ralf Schumacher
75,Shinji,Nakano,217,1997,6,1.0,Shinji Nakano
15,Jarno,Trulli,217,1997,7,0.0,Jarno Trulli
77,Gerhard,Berger,217,1997,8,0.0,Gerhard Berger
56,Eddie,Irvine,217,1997,9,0.0,Eddie Irvine
79,Ukyo,Katayama,217,1997,10,0.0,Ukyo Katayama
55,Jean,Alesi,217,1997,11,0.0,Jean Alesi
58,Tarso,Marques,217,1997,12,0.0,Tarso Marques
63,Mika,Salo,217,1997,13,0.0,Mika Salo
30,Michael,Schumacher,218,1997,1,10.0,Michael Schumacher
21,Giancarlo,Fisichella,218,1997,2,6.0,Giancarlo Fisichella
49,Heinz-Harald,Frentzen,218,1997,3,4.0,Heinz-Harald Frentzen
65,Johnny,Herbert,218,1997,4,3.0,Johnny Herbert
35,Jacques,Villeneuve,218,1997,5,2.0,Jacques Villeneuve
77,Gerhard,Berger,218,1997,6,1.0,Gerhard Berger
64,Pedro,Diniz,218,1997,7,0.0,Pedro Diniz
55,Jean,Alesi,218,1997,8,0.0,Jean Alesi
81,Gianni,Morbidelli,218,1997,9,0.0,Gianni Morbidelli
56,Eddie,Irvine,218,1997,10,0.0,Eddie Irvine
63,Mika,Salo,218,1997,11,0.0,Mika Salo
76,Jan,Magnussen,218,1997,12,0.0,Jan Magnussen
71,Damon,Hill,218,1997,13,0.0,Damon Hill
79,Ukyo,Katayama,218,1997,14,0.0,Ukyo Katayama
15,Jarno,Trulli,218,1997,15,0.0,Jarno Trulli
14,David,Coulthard,219,1997,1,10.0,David Coulthard
55,Jean,Alesi,219,1997,2,6.0,Jean Alesi
49,Heinz-Harald,Frentzen,219,1997,3,4.0,Heinz-Harald Frentzen
21,Giancarlo,Fisichella,219,1997,4,3.0,Giancarlo Fisichella
35,Jacques,Villeneuve,219,1997,5,2.0,Jacques Villeneuve
30,Michael,Schumacher,219,1997,6,1.0,Michael Schumacher
77,Gerhard,Berger,219,1997,7,0.0,Gerhard Berger
56,Eddie,Irvine,219,1997,8,0.0,Eddie Irvine
57,Mika,Häkkinen,219,1997,9,0.0,Mika Häkkinen
15,Jarno,Trulli,219,1997,10,0.0,Jarno Trulli
75,Shinji,Nakano,219,1997,11,0.0,Shinji Nakano
81,Gianni,Morbidelli,219,1997,12,0.0,Gianni Morbidelli
22,Rubens,Barrichello,219,1997,13,0.0,Rubens Barrichello
58,Tarso,Marques,219,1997,14,0.0,Tarso Marques
35,Jacques,Villeneuve,220,1997,1,10.0,Jacques Villeneuve
14,David,Coulthard,220,1997,2,6.0,David Coulthard
49,Heinz-Harald,Frentzen,220,1997,3,4.0,Heinz-Harald Frentzen
21,Giancarlo,Fisichella,220,1997,4,3.0,Giancarlo Fisichella
23,Ralf,Schumacher,220,1997,5,2.0,Ralf Schumacher
30,Michael,Schumacher,220,1997,6,1.0,Michael Schumacher
71,Damon,Hill,220,1997,7,0.0,Damon Hill
65,Johnny,Herbert,220,1997,8,0.0,Johnny Herbert
81,Gianni,Morbidelli,220,1997,9,0.0,Gianni Morbidelli
77,Gerhard,Berger,220,1997,10,0.0,Gerhard Berger
79,Ukyo,Katayama,220,1997,11,0.0,Ukyo Katayama
50,Jos,Verstappen,220,1997,12,0.0,Jos Verstappen
64,Pedro,Diniz,220,1997,13,0.0,Pedro Diniz
22,Rubens,Barrichello,220,1997,14,0.0,Rubens Barrichello
35,Jacques,Villeneuve,221,1997,1,10.0,Jacques Villeneuve
55,Jean,Alesi,221,1997,2,6.0,Jean Alesi
49,Heinz-Harald,Frentzen,221,1997,3,4.0,Heinz-Harald Frentzen
77,Gerhard,Berger,221,1997,4,3.0,Gerhard Berger
64,Pedro,Diniz,221,1997,5,2.0,Pedro Diniz
44,Olivier,Panis,221,1997,6,1.0,Olivier Panis
65,Johnny,Herbert,221,1997,7,0.0,Johnny Herbert
71,Damon,Hill,221,1997,8,0.0,Damon Hill
81,Gianni,Morbidelli,221,1997,9,0.0,Gianni Morbidelli
63,Mika,Salo,221,1997,10,0.0,Mika Salo
30,Michael,Schumacher,222,1997,1,10.0,Michael Schumacher
49,Heinz-Harald,Frentzen,222,1997,2,6.0,Heinz-Harald Frentzen
56,Eddie,Irvine,222,1997,3,4.0,Eddie Irvine
57,Mika,Häkkinen,222,1997,4,3.0,Mika Häkkinen
55,Jean,Alesi,222,1997,5,2.0,Jean Alesi
65,Johnny,Herbert,222,1997,6,1.0,Johnny Herbert
21,Giancarlo,Fisichella,222,1997,7,0.0,Giancarlo Fisichella
77,Gerhard,Berger,222,1997,8,0.0,Gerhard Berger
23,Ralf,Schumacher,222,1997,9,0.0,Ralf Schumacher
14,David,Coulthard,222,1997,10,0.0,David Coulthard
71,Damon,Hill,222,1997,11,0.0,Damon Hill
64,Pedro,Diniz,222,1997,12,0.0,Pedro Diniz
50,Jos,Verstappen,222,1997,13,0.0,Jos Verstappen
57,Mika,Häkkinen,223,1997,1,10.0,Mika Häkkinen
14,David,Coulthard,223,1997,2,6.0,David Coulthard
35,Jacques,Villeneuve,223,1997,3,4.0,Jacques Villeneuve
77,Gerhard,Berger,223,1997,4,3.0,Gerhard Berger
56,Eddie,Irvine,223,1997,5,2.0,Eddie Irvine
49,Heinz-Harald,Frentzen,223,1997,6,1.0,Heinz-Harald Frentzen
44,Olivier,Panis,223,1997,7,0.0,Olivier Panis
65,Johnny,Herbert,223,1997,8,0.0,Johnny Herbert
76,Jan,Magnussen,223,1997,9,0.0,Jan Magnussen
75,Shinji,Nakano,223,1997,10,0.0,Shinji Nakano
21,Giancarlo,Fisichella,223,1997,11,0.0,Giancarlo Fisichella
63,Mika,Salo,223,1997,12,0.0,Mika Salo
55,Jean,Alesi,223,1997,13,0.0,Jean Alesi
82,Norberto,Fontana,223,1997,14,0.0,Norberto Fontana
58,Tarso,Marques,223,1997,15,0.0,Tarso Marques
50,Jos,Verstappen,223,1997,16,0.0,Jos Verstappen
79,Ukyo,Katayama,223,1997,17,0.0,Ukyo Katayama
71,Damon,Hill,224,1996,1,10.0,Damon Hill
35,Jacques,Villeneuve,224,1996,2,6.0,Jacques Villeneuve
56,Eddie,Irvine,224,1996,3,4.0,Eddie Irvine
77,Gerhard,Berger,224,1996,4,3.0,Gerhard Berger
57,Mika,Häkkinen,224,1996,5,2.0,Mika Häkkinen
63,Mika,Salo,224,1996,6,1.0,Mika Salo
44,Olivier,Panis,224,1996,7,0.0,Olivier Panis
49,Heinz-Harald,Frentzen,224,1996,8,0.0,Heinz-Harald Frentzen
73,Ricardo,Rosset,224,1996,9,0.0,Ricardo Rosset
64,Pedro,Diniz,224,1996,10,0.0,Pedro Diniz
79,Ukyo,Katayama,224,1996,11,0.0,Ukyo Katayama
71,Damon,Hill,225,1996,1,10.0,Damon Hill
55,Jean,Alesi,225,1996,2,6.0,Jean Alesi
30,Michael,Schumacher,225,1996,3,4.0,Michael Schumacher
57,Mika,Häkkinen,225,1996,4,3.0,Mika Häkkinen
63,Mika,Salo,225,1996,5,2.0,Mika Salo
44,Olivier,Panis,225,1996,6,1.0,Olivier Panis
56,Eddie,Irvine,225,1996,7,0.0,Eddie Irvine
64,Pedro,Diniz,225,1996,8,0.0,Pedro Diniz
79,Ukyo,Katayama,225,1996,9,0.0,Ukyo Katayama
83,Pedro,Lamy,225,1996,10,0.0,Pedro Lamy
69,Luca,Badoer,225,1996,11,0.0,Luca Badoer
84,Martin,Brundle,225,1996,12,0.0,Martin Brundle
71,Damon,Hill,226,1996,1,10.0,Damon Hill
35,Jacques,Villeneuve,226,1996,2,6.0,Jacques Villeneuve
55,Jean,Alesi,226,1996,3,4.0,Jean Alesi
22,Rubens,Barrichello,226,1996,4,3.0,Rubens Barrichello
56,Eddie,Irvine,226,1996,5,2.0,Eddie Irvine
50,Jos,Verstappen,226,1996,6,1.0,Jos Verstappen
14,David,Coulthard,226,1996,7,0.0,David Coulthard
44,Olivier,Panis,226,1996,8,0.0,Olivier Panis
65,Johnny,Herbert,226,1996,9,0.0,Johnny Herbert
85,Andrea,Montermini,226,1996,10,0.0,Andrea Montermini
35,Jacques,Villeneuve,227,1996,1,10.0,Jacques Villeneuve
30,Michael,Schumacher,227,1996,2,6.0,Michael Schumacher
14,David,Coulthard,227,1996,3,4.0,David Coulthard
71,Damon,Hill,227,1996,4,3.0,Damon Hill
22,Rubens,Barrichello,227,1996,5,2.0,Rubens Barrichello
84,Martin,Brundle,227,1996,6,1.0,Martin Brundle
65,Johnny,Herbert,227,1996,7,0.0,Johnny Herbert
57,Mika,Häkkinen,227,1996,8,0.0,Mika Häkkinen
77,Gerhard,Berger,227,1996,9,0.0,Gerhard Berger
64,Pedro,Diniz,227,1996,10,0.0,Pedro Diniz
73,Ricardo,Rosset,227,1996,11,0.0,Ricardo Rosset
83,Pedro,Lamy,227,1996,12,0.0,Pedro Lamy
21,Giancarlo,Fisichella,227,1996,13,0.0,Giancarlo Fisichella
71,Damon,Hill,228,1996,1,10.0,Damon Hill
30,Michael,Schumacher,228,1996,2,6.0,Michael Schumacher
77,Gerhard,Berger,228,1996,3,4.0,Gerhard Berger
56,Eddie,Irvine,228,1996,4,3.0,Eddie Irvine
22,Rubens,Barrichello,228,1996,5,2.0,Rubens Barrichello
55,Jean,Alesi,228,1996,6,1.0,Jean Alesi
64,Pedro,Diniz,228,1996,7,0.0,Pedro Diniz
57,Mika,Häkkinen,228,1996,8,0.0,Mika Häkkinen
83,Pedro,Lamy,228,1996,9,0.0,Pedro Lamy
69,Luca,Badoer,228,1996,10,0.0,Luca Badoer
35,Jacques,Villeneuve,228,1996,11,0.0,Jacques Villeneuve
44,Olivier,Panis,229,1996,1,10.0,Olivier Panis
14,David,Coulthard,229,1996,2,6.0,David Coulthard
65,Johnny,Herbert,229,1996,3,4.0,Johnny Herbert
49,Heinz-Harald,Frentzen,229,1996,4,3.0,Heinz-Harald Frentzen
63,Mika,Salo,229,1996,5,2.0,Mika Salo
57,Mika,Häkkinen,229,1996,6,1.0,Mika Häkkinen
56,Eddie,Irvine,229,1996,7,0.0,Eddie Irvine
30,Michael,Schumacher,230,1996,1,10.0,Michael Schumacher
55,Jean,Alesi,230,1996,2,6.0,Jean Alesi
35,Jacques,Villeneuve,230,1996,3,4.0,Jacques Villeneuve
49,Heinz-Harald,Frentzen,230,1996,4,3.0,Heinz-Harald Frentzen
57,Mika,Häkkinen,230,1996,5,2.0,Mika Häkkinen
64,Pedro,Diniz,230,1996,6,1.0,Pedro Diniz
71,Damon,Hill,231,1996,1,10.0,Damon Hill
35,Jacques,Villeneuve,231,1996,2,6.0,Jacques Villeneuve
55,Jean,Alesi,231,1996,3,4.0,Jean Alesi
14,David,Coulthard,231,1996,4,3.0,David Coulthard
57,Mika,Häkkinen,231,1996,5,2.0,Mika Häkkinen
84,Martin,Brundle,231,1996,6,1.0,Martin Brundle
65,Johnny,Herbert,231,1996,7,0.0,Johnny Herbert
21,Giancarlo,Fisichella,231,1996,8,0.0,Giancarlo Fisichella
71,Damon,Hill,232,1996,1,10.0,Damon Hill
35,Jacques,Villeneuve,232,1996,2,6.0,Jacques Villeneuve
55,Jean,Alesi,232,1996,3,4.0,Jean Alesi
77,Gerhard,Berger,232,1996,4,3.0,Gerhard Berger
57,Mika,Häkkinen,232,1996,5,2.0,Mika Häkkinen
14,David,Coulthard,232,1996,6,1.0,David Coulthard
44,Olivier,Panis,232,1996,7,0.0,Olivier Panis
84,Martin,Brundle,232,1996,8,0.0,Martin Brundle
22,Rubens,Barrichello,232,1996,9,0.0,Rubens Barrichello
63,Mika,Salo,232,1996,10,0.0,Mika Salo
73,Ricardo,Rosset,232,1996,11,0.0,Ricardo Rosset
83,Pedro,Lamy,232,1996,12,0.0,Pedro Lamy
35,Jacques,Villeneuve,233,1996,1,10.0,Jacques Villeneuve
77,Gerhard,Berger,233,1996,2,6.0,Gerhard Berger
57,Mika,Häkkinen,233,1996,3,4.0,Mika Häkkinen
22,Rubens,Barrichello,233,1996,4,3.0,Rubens Barrichello
14,David,Coulthard,233,1996,5,2.0,David Coulthard
84,Martin,Brundle,233,1996,6,1.0,Martin Brundle
63,Mika,Salo,233,1996,7,0.0,Mika Salo
49,Heinz-Harald,Frentzen,233,1996,8,0.0,Heinz-Harald Frentzen
65,Johnny,Herbert,233,1996,9,0.0,Johnny Herbert
50,Jos,Verstappen,233,1996,10,0.0,Jos Verstappen
21,Giancarlo,Fisichella,233,1996,11,0.0,Giancarlo Fisichella
71,Damon,Hill,234,1996,1,10.0,Damon Hill
55,Jean,Alesi,234,1996,2,6.0,Jean Alesi
35,Jacques,Villeneuve,234,1996,3,4.0,Jacques Villeneuve
30,Michael,Schumacher,234,1996,4,3.0,Michael Schumacher
14,David,Coulthard,234,1996,5,2.0,David Coulthard
22,Rubens,Barrichello,234,1996,6,1.0,Rubens Barrichello
44,Olivier,Panis,234,1996,7,0.0,Olivier Panis
49,Heinz-Harald,Frentzen,234,1996,8,0.0,Heinz-Harald Frentzen
63,Mika,Salo,234,1996,9,0.0,Mika Salo
84,Martin,Brundle,234,1996,10,0.0,Martin Brundle
73,Ricardo,Rosset,234,1996,11,0.0,Ricardo Rosset
83,Pedro,Lamy,234,1996,12,0.0,Pedro Lamy
77,Gerhard,Berger,234,1996,13,0.0,Gerhard Berger
35,Jacques,Villeneuve,235,1996,1,10.0,Jacques Villeneuve
71,Damon,Hill,235,1996,2,6.0,Damon Hill
55,Jean,Alesi,235,1996,3,4.0,Jean Alesi
57,Mika,Häkkinen,235,1996,4,3.0,Mika Häkkinen
44,Olivier,Panis,235,1996,5,2.0,Olivier Panis
22,Rubens,Barrichello,235,1996,6,1.0,Rubens Barrichello
79,Ukyo,Katayama,235,1996,7,0.0,Ukyo Katayama
73,Ricardo,Rosset,235,1996,8,0.0,Ricardo Rosset
30,Michael,Schumacher,235,1996,9,0.0,Michael Schumacher
86,Giovanni,Lavaggi,235,1996,10,0.0,Giovanni Lavaggi
30,Michael,Schumacher,236,1996,1,10.0,Michael Schumacher
35,Jacques,Villeneuve,236,1996,2,6.0,Jacques Villeneuve
57,Mika,Häkkinen,236,1996,3,4.0,Mika Häkkinen
55,Jean,Alesi,236,1996,4,3.0,Jean Alesi
71,Damon,Hill,236,1996,5,2.0,Damon Hill
77,Gerhard,Berger,236,1996,6,1.0,Gerhard Berger
63,Mika,Salo,236,1996,7,0.0,Mika Salo
79,Ukyo,Katayama,236,1996,8,0.0,Ukyo Katayama
73,Ricardo,Rosset,236,1996,9,0.0,Ricardo Rosset
83,Pedro,Lamy,236,1996,10,0.0,Pedro Lamy
30,Michael,Schumacher,237,1996,1,10.0,Michael Schumacher
55,Jean,Alesi,237,1996,2,6.0,Jean Alesi
57,Mika,Häkkinen,237,1996,3,4.0,Mika Häkkinen
84,Martin,Brundle,237,1996,4,3.0,Martin Brundle
22,Rubens,Barrichello,237,1996,5,2.0,Rubens Barrichello
64,Pedro,Diniz,237,1996,6,1.0,Pedro Diniz
35,Jacques,Villeneuve,237,1996,7,0.0,Jacques Villeneuve
50,Jos,Verstappen,237,1996,8,0.0,Jos Verstappen
65,Johnny,Herbert,237,1996,9,0.0,Johnny Herbert
79,Ukyo,Katayama,237,1996,10,0.0,Ukyo Katayama
35,Jacques,Villeneuve,238,1996,1,10.0,Jacques Villeneuve
71,Damon,Hill,238,1996,2,6.0,Damon Hill
30,Michael,Schumacher,238,1996,3,4.0,Michael Schumacher
55,Jean,Alesi,238,1996,4,3.0,Jean Alesi
56,Eddie,Irvine,238,1996,5,2.0,Eddie Irvine
77,Gerhard,Berger,238,1996,6,1.0,Gerhard Berger
49,Heinz-Harald,Frentzen,238,1996,7,0.0,Heinz-Harald Frentzen
65,Johnny,Herbert,238,1996,8,0.0,Johnny Herbert
84,Martin,Brundle,238,1996,9,0.0,Martin Brundle
44,Olivier,Panis,238,1996,10,0.0,Olivier Panis
63,Mika,Salo,238,1996,11,0.0,Mika Salo
79,Ukyo,Katayama,238,1996,12,0.0,Ukyo Katayama
14,David,Coulthard,238,1996,13,0.0,David Coulthard
73,Ricardo,Rosset,238,1996,14,0.0,Ricardo Rosset
86,Giovanni,Lavaggi,238,1996,15,0.0,Giovanni Lavaggi
83,Pedro,Lamy,238,1996,16,0.0,Pedro Lamy
71,Damon,Hill,239,1996,1,10.0,Damon Hill
30,Michael,Schumacher,239,1996,2,6.0,Michael Schumacher
57,Mika,Häkkinen,239,1996,3,4.0,Mika Häkkinen
77,Gerhard,Berger,239,1996,4,3.0,Gerhard Berger
84,Martin,Brundle,239,1996,5,2.0,Martin Brundle
49,Heinz-Harald,Frentzen,239,1996,6,1.0,Heinz-Harald Frentzen
44,Olivier,Panis,239,1996,7,0.0,Olivier Panis
14,David,Coulthard,239,1996,8,0.0,David Coulthard
22,Rubens,Barrichello,239,1996,9,0.0,Rubens Barrichello
65,Johnny,Herbert,239,1996,10,0.0,Johnny Herbert
50,Jos,Verstappen,239,1996,11,0.0,Jos Verstappen
83,Pedro,Lamy,239,1996,12,0.0,Pedro Lamy
73,Ricardo,Rosset,239,1996,13,0.0,Ricardo Rosset
30,Michael,Schumacher,240,1995,1,10.0,Michael Schumacher
14,David,Coulthard,240,1995,2,6.0,David Coulthard
77,Gerhard,Berger,240,1995,3,4.0,Gerhard Berger
57,Mika,Häkkinen,240,1995,4,3.0,Mika Häkkinen
55,Jean,Alesi,240,1995,5,2.0,Jean Alesi
87,Mark,Blundell,240,1995,6,1.0,Mark Blundell
63,Mika,Salo,240,1995,7,0.0,Mika Salo
88,Aguri,Suzuki,240,1995,8,0.0,Aguri Suzuki
85,Andrea,Montermini,240,1995,9,0.0,Andrea Montermini
64,Pedro,Diniz,240,1995,10,0.0,Pedro Diniz
71,Damon,Hill,241,1995,1,10.0,Damon Hill
55,Jean,Alesi,241,1995,2,6.0,Jean Alesi
30,Michael,Schumacher,241,1995,3,4.0,Michael Schumacher
65,Johnny,Herbert,241,1995,4,3.0,Johnny Herbert
49,Heinz-Harald,Frentzen,241,1995,5,2.0,Heinz-Harald Frentzen
77,Gerhard,Berger,241,1995,6,1.0,Gerhard Berger
44,Olivier,Panis,241,1995,7,0.0,Olivier Panis
79,Ukyo,Katayama,241,1995,8,0.0,Ukyo Katayama
93,Domenico,Schiattarella,241,1995,9,0.0,Domenico Schiattarella
71,Damon,Hill,242,1995,1,10.0,Damon Hill
55,Jean,Alesi,242,1995,2,6.0,Jean Alesi
77,Gerhard,Berger,242,1995,3,4.0,Gerhard Berger
14,David,Coulthard,242,1995,4,3.0,David Coulthard
57,Mika,Häkkinen,242,1995,5,2.0,Mika Häkkinen
49,Heinz-Harald,Frentzen,242,1995,6,1.0,Heinz-Harald Frentzen
65,Johnny,Herbert,242,1995,7,0.0,Johnny Herbert
56,Eddie,Irvine,242,1995,8,0.0,Eddie Irvine
44,Olivier,Panis,242,1995,9,0.0,Olivier Panis
95,Nigel,Mansell,242,1995,10,0.0,Nigel Mansell
88,Aguri,Suzuki,242,1995,11,0.0,Aguri Suzuki
94,Pierluigi,Martini,242,1995,12,0.0,Pierluigi Martini
81,Gianni,Morbidelli,242,1995,13,0.0,Gianni Morbidelli
69,Luca,Badoer,242,1995,14,0.0,Luca Badoer
30,Michael,Schumacher,243,1995,1,10.0,Michael Schumacher
65,Johnny,Herbert,243,1995,2,6.0,Johnny Herbert
77,Gerhard,Berger,243,1995,3,4.0,Gerhard Berger
71,Damon,Hill,243,1995,4,3.0,Damon Hill
56,Eddie,Irvine,243,1995,5,2.0,Eddie Irvine
44,Olivier,Panis,243,1995,6,1.0,Olivier Panis
22,Rubens,Barrichello,243,1995,7,0.0,Rubens Barrichello
49,Heinz-Harald,Frentzen,243,1995,8,0.0,Heinz-Harald Frentzen
84,Martin,Brundle,243,1995,9,0.0,Martin Brundle
63,Mika,Salo,243,1995,10,0.0,Mika Salo
81,Gianni,Morbidelli,243,1995,11,0.0,Gianni Morbidelli
50,Jos,Verstappen,243,1995,12,0.0,Jos Verstappen
91,Karl,Wendlinger,243,1995,13,0.0,Karl Wendlinger
94,Pierluigi,Martini,243,1995,14,0.0,Pierluigi Martini
93,Domenico,Schiattarella,243,1995,15,0.0,Domenico Schiattarella
30,Michael,Schumacher,244,1995,1,10.0,Michael Schumacher
71,Damon,Hill,244,1995,2,6.0,Damon Hill
77,Gerhard,Berger,244,1995,3,4.0,Gerhard Berger
65,Johnny,Herbert,244,1995,4,3.0,Johnny Herbert
87,Mark,Blundell,244,1995,5,2.0,Mark Blundell
49,Heinz-Harald,Frentzen,244,1995,6,1.0,Heinz-Harald Frentzen
94,Pierluigi,Martini,244,1995,7,0.0,Pierluigi Martini
96,Jean-Christophe,Boullion,244,1995,8,0.0,Jean-Christophe Boullion
81,Gianni,Morbidelli,244,1995,9,0.0,Gianni Morbidelli
64,Pedro,Diniz,244,1995,10,0.0,Pedro Diniz
55,Jean,Alesi,245,1995,1,10.0,Jean Alesi
22,Rubens,Barrichello,245,1995,2,6.0,Rubens Barrichello
56,Eddie,Irvine,245,1995,3,4.0,Eddie Irvine
44,Olivier,Panis,245,1995,4,3.0,Olivier Panis
30,Michael,Schumacher,245,1995,5,2.0,Michael Schumacher
81,Gianni,Morbidelli,245,1995,6,1.0,Gianni Morbidelli
63,Mika,Salo,245,1995,7,0.0,Mika Salo
69,Luca,Badoer,245,1995,8,0.0,Luca Badoer
89,Taki,Inoue,245,1995,9,0.0,Taki Inoue
84,Martin,Brundle,245,1995,10,0.0,Martin Brundle
77,Gerhard,Berger,245,1995,11,0.0,Gerhard Berger
30,Michael,Schumacher,246,1995,1,10.0,Michael Schumacher
71,Damon,Hill,246,1995,2,6.0,Damon Hill
14,David,Coulthard,246,1995,3,4.0,David Coulthard
84,Martin,Brundle,246,1995,4,3.0,Martin Brundle
55,Jean,Alesi,246,1995,5,2.0,Jean Alesi
22,Rubens,Barrichello,246,1995,6,1.0,Rubens Barrichello
57,Mika,Häkkinen,246,1995,7,0.0,Mika Häkkinen
44,Olivier,Panis,246,1995,8,0.0,Olivier Panis
56,Eddie,Irvine,246,1995,9,0.0,Eddie Irvine
49,Heinz-Harald,Frentzen,246,1995,10,0.0,Heinz-Harald Frentzen
87,Mark,Blundell,246,1995,11,0.0,Mark Blundell
77,Gerhard,Berger,246,1995,12,0.0,Gerhard Berger
69,Luca,Badoer,246,1995,13,0.0,Luca Badoer
81,Gianni,Morbidelli,246,1995,14,0.0,Gianni Morbidelli
63,Mika,Salo,246,1995,15,0.0,Mika Salo
90,Roberto,Moreno,246,1995,16,0.0,Roberto Moreno
65,Johnny,Herbert,247,1995,1,10.0,Johnny Herbert
55,Jean,Alesi,247,1995,2,6.0,Jean Alesi
14,David,Coulthard,247,1995,3,4.0,David Coulthard
44,Olivier,Panis,247,1995,4,3.0,Olivier Panis
87,Mark,Blundell,247,1995,5,2.0,Mark Blundell
49,Heinz-Harald,Frentzen,247,1995,6,1.0,Heinz-Harald Frentzen
94,Pierluigi,Martini,247,1995,7,0.0,Pierluigi Martini
63,Mika,Salo,247,1995,8,0.0,Mika Salo
96,Jean-Christophe,Boullion,247,1995,9,0.0,Jean-Christophe Boullion
69,Luca,Badoer,247,1995,10,0.0,Luca Badoer
22,Rubens,Barrichello,247,1995,11,0.0,Rubens Barrichello
92,Bertrand,Gachot,247,1995,12,0.0,Bertrand Gachot
30,Michael,Schumacher,248,1995,1,10.0,Michael Schumacher
14,David,Coulthard,248,1995,2,6.0,David Coulthard
77,Gerhard,Berger,248,1995,3,4.0,Gerhard Berger
65,Johnny,Herbert,248,1995,4,3.0,Johnny Herbert
96,Jean-Christophe,Boullion,248,1995,5,2.0,Jean-Christophe Boullion
88,Aguri,Suzuki,248,1995,6,1.0,Aguri Suzuki
79,Ukyo,Katayama,248,1995,7,0.0,Ukyo Katayama
85,Andrea,Montermini,248,1995,8,0.0,Andrea Montermini
56,Eddie,Irvine,248,1995,9,0.0,Eddie Irvine
71,Damon,Hill,249,1995,1,10.0,Damon Hill
14,David,Coulthard,249,1995,2,6.0,David Coulthard
77,Gerhard,Berger,249,1995,3,4.0,Gerhard Berger
65,Johnny,Herbert,249,1995,4,3.0,Johnny Herbert
49,Heinz-Harald,Frentzen,249,1995,5,2.0,Heinz-Harald Frentzen
44,Olivier,Panis,249,1995,6,1.0,Olivier Panis
22,Rubens,Barrichello,249,1995,7,0.0,Rubens Barrichello
69,Luca,Badoer,249,1995,8,0.0,Luca Badoer
83,Pedro,Lamy,249,1995,9,0.0,Pedro Lamy
96,Jean-Christophe,Boullion,249,1995,10,0.0,Jean-Christophe Boullion
30,Michael,Schumacher,249,1995,11,0.0,Michael Schumacher
85,Andrea,Montermini,249,1995,12,0.0,Andrea Montermini
30,Michael,Schumacher,250,1995,1,10.0,Michael Schumacher
71,Damon,Hill,250,1995,2,6.0,Damon Hill
84,Martin,Brundle,250,1995,3,4.0,Martin Brundle
49,Heinz-Harald,Frentzen,250,1995,4,3.0,Heinz-Harald Frentzen
87,Mark,Blundell,250,1995,5,2.0,Mark Blundell
22,Rubens,Barrichello,250,1995,6,1.0,Rubens Barrichello
65,Johnny,Herbert,250,1995,7,0.0,Johnny Herbert
63,Mika,Salo,250,1995,8,0.0,Mika Salo
44,Olivier,Panis,250,1995,9,0.0,Olivier Panis
83,Pedro,Lamy,250,1995,10,0.0,Pedro Lamy
96,Jean-Christophe,Boullion,250,1995,11,0.0,Jean-Christophe Boullion
89,Taki,Inoue,250,1995,12,0.0,Taki Inoue
64,Pedro,Diniz,250,1995,13,0.0,Pedro Diniz
90,Roberto,Moreno,250,1995,14,0.0,Roberto Moreno
65,Johnny,Herbert,251,1995,1,10.0,Johnny Herbert
57,Mika,Häkkinen,251,1995,2,6.0,Mika Häkkinen
49,Heinz-Harald,Frentzen,251,1995,3,4.0,Heinz-Harald Frentzen
87,Mark,Blundell,251,1995,4,3.0,Mark Blundell
63,Mika,Salo,251,1995,5,2.0,Mika Salo
96,Jean-Christophe,Boullion,251,1995,6,1.0,Jean-Christophe Boullion
97,Massimiliano,Papis,251,1995,7,0.0,Massimiliano Papis
89,Taki,Inoue,251,1995,8,0.0,Taki Inoue
64,Pedro,Diniz,251,1995,9,0.0,Pedro Diniz
79,Ukyo,Katayama,251,1995,10,0.0,Ukyo Katayama
14,David,Coulthard,252,1995,1,10.0,David Coulthard
30,Michael,Schumacher,252,1995,2,6.0,Michael Schumacher
71,Damon,Hill,252,1995,3,4.0,Damon Hill
77,Gerhard,Berger,252,1995,4,3.0,Gerhard Berger
55,Jean,Alesi,252,1995,5,2.0,Jean Alesi
49,Heinz-Harald,Frentzen,252,1995,6,1.0,Heinz-Harald Frentzen
65,Johnny,Herbert,252,1995,7,0.0,Johnny Herbert
84,Martin,Brundle,252,1995,8,0.0,Martin Brundle
87,Mark,Blundell,252,1995,9,0.0,Mark Blundell
56,Eddie,Irvine,252,1995,10,0.0,Eddie Irvine
22,Rubens,Barrichello,252,1995,11,0.0,Rubens Barrichello
96,Jean-Christophe,Boullion,252,1995,12,0.0,Jean-Christophe Boullion
63,Mika,Salo,252,1995,13,0.0,Mika Salo
69,Luca,Badoer,252,1995,14,0.0,Luca Badoer
89,Taki,Inoue,252,1995,15,0.0,Taki Inoue
64,Pedro,Diniz,252,1995,16,0.0,Pedro Diniz
90,Roberto,Moreno,252,1995,17,0.0,Roberto Moreno
30,Michael,Schumacher,253,1995,1,10.0,Michael Schumacher
55,Jean,Alesi,253,1995,2,6.0,Jean Alesi
14,David,Coulthard,253,1995,3,4.0,David Coulthard
22,Rubens,Barrichello,253,1995,4,3.0,Rubens Barrichello
65,Johnny,Herbert,253,1995,5,2.0,Johnny Herbert
56,Eddie,Irvine,253,1995,6,1.0,Eddie Irvine
84,Martin,Brundle,253,1995,7,0.0,Martin Brundle
57,Mika,Häkkinen,253,1995,8,0.0,Mika Häkkinen
83,Pedro,Lamy,253,1995,9,0.0,Pedro Lamy
63,Mika,Salo,253,1995,10,0.0,Mika Salo
69,Luca,Badoer,253,1995,11,0.0,Luca Badoer
97,Massimiliano,Papis,253,1995,12,0.0,Massimiliano Papis
64,Pedro,Diniz,253,1995,13,0.0,Pedro Diniz
99,Gabriele,Tarquini,253,1995,14,0.0,Gabriele Tarquini
98,Jean-Denis,Délétraz,253,1995,15,0.0,Jean-Denis Délétraz
30,Michael,Schumacher,254,1995,1,10.0,Michael Schumacher
14,David,Coulthard,254,1995,2,6.0,David Coulthard
71,Damon,Hill,254,1995,3,4.0,Damon Hill
77,Gerhard,Berger,254,1995,4,3.0,Gerhard Berger
55,Jean,Alesi,254,1995,5,2.0,Jean Alesi
65,Johnny,Herbert,254,1995,6,1.0,Johnny Herbert
49,Heinz-Harald,Frentzen,254,1995,7,0.0,Heinz-Harald Frentzen
44,Olivier,Panis,254,1995,8,0.0,Olivier Panis
87,Mark,Blundell,254,1995,9,0.0,Mark Blundell
76,Jan,Magnussen,254,1995,10,0.0,Jan Magnussen
56,Eddie,Irvine,254,1995,11,0.0,Eddie Irvine
63,Mika,Salo,254,1995,12,0.0,Mika Salo
83,Pedro,Lamy,254,1995,13,0.0,Pedro Lamy
79,Ukyo,Katayama,254,1995,14,0.0,Ukyo Katayama
69,Luca,Badoer,254,1995,15,0.0,Luca Badoer
90,Roberto,Moreno,254,1995,16,0.0,Roberto Moreno
64,Pedro,Diniz,254,1995,17,0.0,Pedro Diniz
30,Michael,Schumacher,255,1995,1,10.0,Michael Schumacher
57,Mika,Häkkinen,255,1995,2,6.0,Mika Häkkinen
65,Johnny,Herbert,255,1995,3,4.0,Johnny Herbert
56,Eddie,Irvine,255,1995,4,3.0,Eddie Irvine
44,Olivier,Panis,255,1995,5,2.0,Olivier Panis
63,Mika,Salo,255,1995,6,1.0,Mika Salo
87,Mark,Blundell,255,1995,7,0.0,Mark Blundell
49,Heinz-Harald,Frentzen,255,1995,8,0.0,Heinz-Harald Frentzen
69,Luca,Badoer,255,1995,9,0.0,Luca Badoer
91,Karl,Wendlinger,255,1995,10,0.0,Karl Wendlinger
83,Pedro,Lamy,255,1995,11,0.0,Pedro Lamy
89,Taki,Inoue,255,1995,12,0.0,Taki Inoue
71,Damon,Hill,256,1995,1,10.0,Damon Hill
44,Olivier,Panis,256,1995,2,6.0,Olivier Panis
81,Gianni,Morbidelli,256,1995,3,4.0,Gianni Morbidelli
87,Mark,Blundell,256,1995,4,3.0,Mark Blundell
63,Mika,Salo,256,1995,5,2.0,Mika Salo
83,Pedro,Lamy,256,1995,6,1.0,Pedro Lamy
64,Pedro,Diniz,256,1995,7,0.0,Pedro Diniz
92,Bertrand,Gachot,256,1995,8,0.0,Bertrand Gachot
30,Michael,Schumacher,257,1994,1,10.0,Michael Schumacher
71,Damon,Hill,257,1994,2,6.0,Damon Hill
55,Jean,Alesi,257,1994,3,4.0,Jean Alesi
22,Rubens,Barrichello,257,1994,4,3.0,Rubens Barrichello
79,Ukyo,Katayama,257,1994,5,2.0,Ukyo Katayama
91,Karl,Wendlinger,257,1994,6,1.0,Karl Wendlinger
65,Johnny,Herbert,257,1994,7,0.0,Johnny Herbert
94,Pierluigi,Martini,257,1994,8,0.0,Pierluigi Martini
100,Érik,Comas,257,1994,9,0.0,Érik Comas
83,Pedro,Lamy,257,1994,10,0.0,Pedro Lamy
44,Olivier,Panis,257,1994,11,0.0,Olivier Panis
101,David,Brabham,257,1994,12,0.0,David Brabham
30,Michael,Schumacher,258,1994,1,10.0,Michael Schumacher
77,Gerhard,Berger,258,1994,2,6.0,Gerhard Berger
22,Rubens,Barrichello,258,1994,3,4.0,Rubens Barrichello
104,Christian,Fittipaldi,258,1994,4,3.0,Christian Fittipaldi
49,Heinz-Harald,Frentzen,258,1994,5,2.0,Heinz-Harald Frentzen
100,Érik,Comas,258,1994,6,1.0,Érik Comas
65,Johnny,Herbert,258,1994,7,0.0,Johnny Herbert
83,Pedro,Lamy,258,1994,8,0.0,Pedro Lamy
44,Olivier,Panis,258,1994,9,0.0,Olivier Panis
103,Éric,Bernard,258,1994,10,0.0,Éric Bernard
107,Roland,Ratzenberger,258,1994,11,0.0,Roland Ratzenberger
30,Michael,Schumacher,259,1994,1,10.0,Michael Schumacher
78,Nicola,Larini,259,1994,2,6.0,Nicola Larini
57,Mika,Häkkinen,259,1994,3,4.0,Mika Häkkinen
91,Karl,Wendlinger,259,1994,4,3.0,Karl Wendlinger
79,Ukyo,Katayama,259,1994,5,2.0,Ukyo Katayama
71,Damon,Hill,259,1994,6,1.0,Damon Hill
49,Heinz-Harald,Frentzen,259,1994,7,0.0,Heinz-Harald Frentzen
84,Martin,Brundle,259,1994,8,0.0,Martin Brundle
87,Mark,Blundell,259,1994,9,0.0,Mark Blundell
65,Johnny,Herbert,259,1994,10,0.0,Johnny Herbert
44,Olivier,Panis,259,1994,11,0.0,Olivier Panis
103,Éric,Bernard,259,1994,12,0.0,Éric Bernard
104,Christian,Fittipaldi,259,1994,13,0.0,Christian Fittipaldi
30,Michael,Schumacher,260,1994,1,10.0,Michael Schumacher
84,Martin,Brundle,260,1994,2,6.0,Martin Brundle
77,Gerhard,Berger,260,1994,3,4.0,Gerhard Berger
110,Andrea,de Cesaris,260,1994,4,3.0,Andrea de Cesaris
55,Jean,Alesi,260,1994,5,2.0,Jean Alesi
105,Michele,Alboreto,260,1994,6,1.0,Michele Alboreto
109,Jyrki,Järvilehto,260,1994,7,0.0,Jyrki Järvilehto
106,Olivier,Beretta,260,1994,8,0.0,Olivier Beretta
44,Olivier,Panis,260,1994,9,0.0,Olivier Panis
100,Érik,Comas,260,1994,10,0.0,Érik Comas
83,Pedro,Lamy,260,1994,11,0.0,Pedro Lamy
71,Damon,Hill,261,1994,1,10.0,Damon Hill
30,Michael,Schumacher,261,1994,2,6.0,Michael Schumacher
87,Mark,Blundell,261,1994,3,4.0,Mark Blundell
55,Jean,Alesi,261,1994,4,3.0,Jean Alesi
94,Pierluigi,Martini,261,1994,5,2.0,Pierluigi Martini
56,Eddie,Irvine,261,1994,6,1.0,Eddie Irvine
44,Olivier,Panis,261,1994,7,0.0,Olivier Panis
103,Éric,Bernard,261,1994,8,0.0,Éric Bernard
70,Alessandro,Zanardi,261,1994,9,0.0,Alessandro Zanardi
101,David,Brabham,261,1994,10,0.0,David Brabham
84,Martin,Brundle,261,1994,11,0.0,Martin Brundle
30,Michael,Schumacher,262,1994,1,10.0,Michael Schumacher
71,Damon,Hill,262,1994,2,6.0,Damon Hill
55,Jean,Alesi,262,1994,3,4.0,Jean Alesi
77,Gerhard,Berger,262,1994,4,3.0,Gerhard Berger
14,David,Coulthard,262,1994,5,2.0,David Coulthard
109,Jyrki,Järvilehto,262,1994,6,1.0,Jyrki Järvilehto
22,Rubens,Barrichello,262,1994,7,0.0,Rubens Barrichello
65,Johnny,Herbert,262,1994,8,0.0,Johnny Herbert
94,Pierluigi,Martini,262,1994,9,0.0,Pierluigi Martini
87,Mark,Blundell,262,1994,10,0.0,Mark Blundell
105,Michele,Alboreto,262,1994,11,0.0,Michele Alboreto
44,Olivier,Panis,262,1994,12,0.0,Olivier Panis
103,Éric,Bernard,262,1994,13,0.0,Éric Bernard
101,David,Brabham,262,1994,14,0.0,David Brabham
70,Alessandro,Zanardi,262,1994,15,0.0,Alessandro Zanardi
30,Michael,Schumacher,263,1994,1,10.0,Michael Schumacher
71,Damon,Hill,263,1994,2,6.0,Damon Hill
77,Gerhard,Berger,263,1994,3,4.0,Gerhard Berger
49,Heinz-Harald,Frentzen,263,1994,4,3.0,Heinz-Harald Frentzen
94,Pierluigi,Martini,263,1994,5,2.0,Pierluigi Martini
110,Andrea,de Cesaris,263,1994,6,1.0,Andrea de Cesaris
65,Johnny,Herbert,263,1994,7,0.0,Johnny Herbert
104,Christian,Fittipaldi,263,1994,8,0.0,Christian Fittipaldi
111,Jean-Marc,Gounon,263,1994,9,0.0,Jean-Marc Gounon
87,Mark,Blundell,263,1994,10,0.0,Mark Blundell
100,Érik,Comas,263,1994,11,0.0,Érik Comas
71,Damon,Hill,264,1994,1,10.0,Damon Hill
55,Jean,Alesi,264,1994,2,6.0,Jean Alesi
57,Mika,Häkkinen,264,1994,3,4.0,Mika Häkkinen
22,Rubens,Barrichello,264,1994,4,3.0,Rubens Barrichello
14,David,Coulthard,264,1994,5,2.0,David Coulthard
79,Ukyo,Katayama,264,1994,6,1.0,Ukyo Katayama
49,Heinz-Harald,Frentzen,264,1994,7,0.0,Heinz-Harald Frentzen
50,Jos,Verstappen,264,1994,8,0.0,Jos Verstappen
104,Christian,Fittipaldi,264,1994,9,0.0,Christian Fittipaldi
94,Pierluigi,Martini,264,1994,10,0.0,Pierluigi Martini
65,Johnny,Herbert,264,1994,11,0.0,Johnny Herbert
44,Olivier,Panis,264,1994,12,0.0,Olivier Panis
103,Éric,Bernard,264,1994,13,0.0,Éric Bernard
106,Olivier,Beretta,264,1994,14,0.0,Olivier Beretta
101,David,Brabham,264,1994,15,0.0,David Brabham
111,Jean-Marc,Gounon,264,1994,16,0.0,Jean-Marc Gounon
77,Gerhard,Berger,265,1994,1,10.0,Gerhard Berger
44,Olivier,Panis,265,1994,2,6.0,Olivier Panis
103,Éric,Bernard,265,1994,3,4.0,Éric Bernard
104,Christian,Fittipaldi,265,1994,4,3.0,Christian Fittipaldi
81,Gianni,Morbidelli,265,1994,5,2.0,Gianni Morbidelli
100,Érik,Comas,265,1994,6,1.0,Érik Comas
106,Olivier,Beretta,265,1994,7,0.0,Olivier Beretta
71,Damon,Hill,265,1994,8,0.0,Damon Hill
30,Michael,Schumacher,266,1994,1,10.0,Michael Schumacher
71,Damon,Hill,266,1994,2,6.0,Damon Hill
50,Jos,Verstappen,266,1994,3,4.0,Jos Verstappen
84,Martin,Brundle,266,1994,4,3.0,Martin Brundle
87,Mark,Blundell,266,1994,5,2.0,Mark Blundell
44,Olivier,Panis,266,1994,6,1.0,Olivier Panis
105,Michele,Alboreto,266,1994,7,0.0,Michele Alboreto
100,Érik,Comas,266,1994,8,0.0,Érik Comas
106,Olivier,Beretta,266,1994,9,0.0,Olivier Beretta
103,Éric,Bernard,266,1994,10,0.0,Éric Bernard
101,David,Brabham,266,1994,11,0.0,David Brabham
77,Gerhard,Berger,266,1994,12,0.0,Gerhard Berger
70,Alessandro,Zanardi,266,1994,13,0.0,Alessandro Zanardi
104,Christian,Fittipaldi,266,1994,14,0.0,Christian Fittipaldi
71,Damon,Hill,267,1994,1,10.0,Damon Hill
57,Mika,Häkkinen,267,1994,2,6.0,Mika Häkkinen
50,Jos,Verstappen,267,1994,3,4.0,Jos Verstappen
14,David,Coulthard,267,1994,4,3.0,David Coulthard
87,Mark,Blundell,267,1994,5,2.0,Mark Blundell
81,Gianni,Morbidelli,267,1994,6,1.0,Gianni Morbidelli
44,Olivier,Panis,267,1994,7,0.0,Olivier Panis
94,Pierluigi,Martini,267,1994,8,0.0,Pierluigi Martini
105,Michele,Alboreto,267,1994,9,0.0,Michele Alboreto
103,Éric,Bernard,267,1994,10,0.0,Éric Bernard
111,Jean-Marc,Gounon,267,1994,11,0.0,Jean-Marc Gounon
65,Johnny,Herbert,267,1994,12,0.0,Johnny Herbert
56,Eddie,Irvine,267,1994,13,0.0,Eddie Irvine
71,Damon,Hill,268,1994,1,10.0,Damon Hill
77,Gerhard,Berger,268,1994,2,6.0,Gerhard Berger
57,Mika,Häkkinen,268,1994,3,4.0,Mika Häkkinen
22,Rubens,Barrichello,268,1994,4,3.0,Rubens Barrichello
84,Martin,Brundle,268,1994,5,2.0,Martin Brundle
14,David,Coulthard,268,1994,6,1.0,David Coulthard
103,Éric,Bernard,268,1994,7,0.0,Éric Bernard
100,Érik,Comas,268,1994,8,0.0,Érik Comas
109,Jyrki,Järvilehto,268,1994,9,0.0,Jyrki Järvilehto
44,Olivier,Panis,268,1994,10,0.0,Olivier Panis
71,Damon,Hill,269,1994,1,10.0,Damon Hill
14,David,Coulthard,269,1994,2,6.0,David Coulthard
57,Mika,Häkkinen,269,1994,3,4.0,Mika Häkkinen
22,Rubens,Barrichello,269,1994,4,3.0,Rubens Barrichello
50,Jos,Verstappen,269,1994,5,2.0,Jos Verstappen
84,Martin,Brundle,269,1994,6,1.0,Martin Brundle
56,Eddie,Irvine,269,1994,7,0.0,Eddie Irvine
104,Christian,Fittipaldi,269,1994,8,0.0,Christian Fittipaldi
81,Gianni,Morbidelli,269,1994,9,0.0,Gianni Morbidelli
103,Éric,Bernard,269,1994,10,0.0,Éric Bernard
65,Johnny,Herbert,269,1994,11,0.0,Johnny Herbert
94,Pierluigi,Martini,269,1994,12,0.0,Pierluigi Martini
105,Michele,Alboreto,269,1994,13,0.0,Michele Alboreto
114,Yannick,Dalmas,269,1994,14,0.0,Yannick Dalmas
111,Jean-Marc,Gounon,269,1994,15,0.0,Jean-Marc Gounon
113,Philippe,Adams,269,1994,16,0.0,Philippe Adams
30,Michael,Schumacher,270,1994,1,10.0,Michael Schumacher
71,Damon,Hill,270,1994,2,6.0,Damon Hill
57,Mika,Häkkinen,270,1994,3,4.0,Mika Häkkinen
56,Eddie,Irvine,270,1994,4,3.0,Eddie Irvine
77,Gerhard,Berger,270,1994,5,2.0,Gerhard Berger
49,Heinz-Harald,Frentzen,270,1994,6,1.0,Heinz-Harald Frentzen
79,Ukyo,Katayama,270,1994,7,0.0,Ukyo Katayama
65,Johnny,Herbert,270,1994,8,0.0,Johnny Herbert
44,Olivier,Panis,270,1994,9,0.0,Olivier Panis
55,Jean,Alesi,270,1994,10,0.0,Jean Alesi
81,Gianni,Morbidelli,270,1994,11,0.0,Gianni Morbidelli
22,Rubens,Barrichello,270,1994,12,0.0,Rubens Barrichello
87,Mark,Blundell,270,1994,13,0.0,Mark Blundell
105,Michele,Alboreto,270,1994,14,0.0,Michele Alboreto
94,Pierluigi,Martini,270,1994,15,0.0,Pierluigi Martini
70,Alessandro,Zanardi,270,1994,16,0.0,Alessandro Zanardi
104,Christian,Fittipaldi,270,1994,17,0.0,Christian Fittipaldi
103,Éric,Bernard,270,1994,18,0.0,Éric Bernard
93,Domenico,Schiattarella,270,1994,19,0.0,Domenico Schiattarella
71,Damon,Hill,271,1994,1,10.0,Damon Hill
30,Michael,Schumacher,271,1994,2,6.0,Michael Schumacher
55,Jean,Alesi,271,1994,3,4.0,Jean Alesi
95,Nigel,Mansell,271,1994,4,3.0,Nigel Mansell
56,Eddie,Irvine,271,1994,5,2.0,Eddie Irvine
49,Heinz-Harald,Frentzen,271,1994,6,1.0,Heinz-Harald Frentzen
57,Mika,Häkkinen,271,1994,7,0.0,Mika Häkkinen
104,Christian,Fittipaldi,271,1994,8,0.0,Christian Fittipaldi
100,Érik,Comas,271,1994,9,0.0,Érik Comas
63,Mika,Salo,271,1994,10,0.0,Mika Salo
44,Olivier,Panis,271,1994,11,0.0,Olivier Panis
101,David,Brabham,271,1994,12,0.0,David Brabham
70,Alessandro,Zanardi,271,1994,13,0.0,Alessandro Zanardi
95,Nigel,Mansell,272,1994,1,10.0,Nigel Mansell
77,Gerhard,Berger,272,1994,2,6.0,Gerhard Berger
84,Martin,Brundle,272,1994,3,4.0,Martin Brundle
22,Rubens,Barrichello,272,1994,4,3.0,Rubens Barrichello
44,Olivier,Panis,272,1994,5,2.0,Olivier Panis
55,Jean,Alesi,272,1994,6,1.0,Jean Alesi
49,Heinz-Harald,Frentzen,272,1994,7,0.0,Heinz-Harald Frentzen
104,Christian,Fittipaldi,272,1994,8,0.0,Christian Fittipaldi
94,Pierluigi,Martini,272,1994,9,0.0,Pierluigi Martini
109,Jyrki,Järvilehto,272,1994,10,0.0,Jyrki Järvilehto
116,Franck,Lagorce,272,1994,11,0.0,Franck Lagorce
57,Mika,Häkkinen,272,1994,12,0.0,Mika Häkkinen
117,Alain,Prost,273,1993,1,10.0,Alain Prost
102,Ayrton,Senna,273,1993,2,6.0,Ayrton Senna
87,Mark,Blundell,273,1993,3,4.0,Mark Blundell
104,Christian,Fittipaldi,273,1993,4,3.0,Christian Fittipaldi
109,Jyrki,Järvilehto,273,1993,5,2.0,Jyrki Järvilehto
77,Gerhard,Berger,273,1993,6,1.0,Gerhard Berger
118,Derek,Warwick,273,1993,7,0.0,Derek Warwick
102,Ayrton,Senna,274,1993,1,10.0,Ayrton Senna
71,Damon,Hill,274,1993,2,6.0,Damon Hill
30,Michael,Schumacher,274,1993,3,4.0,Michael Schumacher
65,Johnny,Herbert,274,1993,4,3.0,Johnny Herbert
87,Mark,Blundell,274,1993,5,2.0,Mark Blundell
70,Alessandro,Zanardi,274,1993,6,1.0,Alessandro Zanardi
112,Philippe,Alliot,274,1993,7,0.0,Philippe Alliot
55,Jean,Alesi,274,1993,8,0.0,Jean Alesi
118,Derek,Warwick,274,1993,9,0.0,Derek Warwick
100,Érik,Comas,274,1993,10,0.0,Érik Comas
105,Michele,Alboreto,274,1993,11,0.0,Michele Alboreto
69,Luca,Badoer,274,1993,12,0.0,Luca Badoer
102,Ayrton,Senna,275,1993,1,10.0,Ayrton Senna
71,Damon,Hill,275,1993,2,6.0,Damon Hill
117,Alain,Prost,275,1993,3,4.0,Alain Prost
65,Johnny,Herbert,275,1993,4,3.0,Johnny Herbert
119,Riccardo,Patrese,275,1993,5,2.0,Riccardo Patrese
120,Fabrizio,Barbazza,275,1993,6,1.0,Fabrizio Barbazza
104,Christian,Fittipaldi,275,1993,7,0.0,Christian Fittipaldi
70,Alessandro,Zanardi,275,1993,8,0.0,Alessandro Zanardi
100,Érik,Comas,275,1993,9,0.0,Érik Comas
22,Rubens,Barrichello,275,1993,10,0.0,Rubens Barrichello
105,Michele,Alboreto,275,1993,11,0.0,Michele Alboreto
117,Alain,Prost,276,1993,1,10.0,Alain Prost
30,Michael,Schumacher,276,1993,2,6.0,Michael Schumacher
84,Martin,Brundle,276,1993,3,4.0,Martin Brundle
109,Jyrki,Järvilehto,276,1993,4,3.0,Jyrki Järvilehto
112,Philippe,Alliot,276,1993,5,2.0,Philippe Alliot
120,Fabrizio,Barbazza,276,1993,6,1.0,Fabrizio Barbazza
69,Luca,Badoer,276,1993,7,0.0,Luca Badoer
65,Johnny,Herbert,276,1993,8,0.0,Johnny Herbert
88,Aguri,Suzuki,276,1993,9,0.0,Aguri Suzuki
117,Alain,Prost,277,1993,1,10.0,Alain Prost
102,Ayrton,Senna,277,1993,2,6.0,Ayrton Senna
30,Michael,Schumacher,277,1993,3,4.0,Michael Schumacher
119,Riccardo,Patrese,277,1993,4,3.0,Riccardo Patrese
121,Michael,Andretti,277,1993,5,2.0,Michael Andretti
77,Gerhard,Berger,277,1993,6,1.0,Gerhard Berger
87,Mark,Blundell,277,1993,7,0.0,Mark Blundell
104,Christian,Fittipaldi,277,1993,8,0.0,Christian Fittipaldi
100,Érik,Comas,277,1993,9,0.0,Érik Comas
88,Aguri,Suzuki,277,1993,10,0.0,Aguri Suzuki
123,Thierry,Boutsen,277,1993,11,0.0,Thierry Boutsen
22,Rubens,Barrichello,277,1993,12,0.0,Rubens Barrichello
118,Derek,Warwick,277,1993,13,0.0,Derek Warwick
70,Alessandro,Zanardi,277,1993,14,0.0,Alessandro Zanardi
102,Ayrton,Senna,278,1993,1,10.0,Ayrton Senna
71,Damon,Hill,278,1993,2,6.0,Damon Hill
55,Jean,Alesi,278,1993,3,4.0,Jean Alesi
117,Alain,Prost,278,1993,4,3.0,Alain Prost
104,Christian,Fittipaldi,278,1993,5,2.0,Christian Fittipaldi
84,Martin,Brundle,278,1993,6,1.0,Martin Brundle
70,Alessandro,Zanardi,278,1993,7,0.0,Alessandro Zanardi
121,Michael,Andretti,278,1993,8,0.0,Michael Andretti
22,Rubens,Barrichello,278,1993,9,0.0,Rubens Barrichello
110,Andrea,de Cesaris,278,1993,10,0.0,Andrea de Cesaris
120,Fabrizio,Barbazza,278,1993,11,0.0,Fabrizio Barbazza
112,Philippe,Alliot,278,1993,12,0.0,Philippe Alliot
91,Karl,Wendlinger,278,1993,13,0.0,Karl Wendlinger
77,Gerhard,Berger,278,1993,14,0.0,Gerhard Berger
117,Alain,Prost,279,1993,1,10.0,Alain Prost
30,Michael,Schumacher,279,1993,2,6.0,Michael Schumacher
71,Damon,Hill,279,1993,3,4.0,Damon Hill
77,Gerhard,Berger,279,1993,4,3.0,Gerhard Berger
84,Martin,Brundle,279,1993,5,2.0,Martin Brundle
91,Karl,Wendlinger,279,1993,6,1.0,Karl Wendlinger
109,Jyrki,Järvilehto,279,1993,7,0.0,Jyrki Järvilehto
100,Érik,Comas,279,1993,8,0.0,Érik Comas
104,Christian,Fittipaldi,279,1993,9,0.0,Christian Fittipaldi
65,Johnny,Herbert,279,1993,10,0.0,Johnny Herbert
70,Alessandro,Zanardi,279,1993,11,0.0,Alessandro Zanardi
123,Thierry,Boutsen,279,1993,12,0.0,Thierry Boutsen
88,Aguri,Suzuki,279,1993,13,0.0,Aguri Suzuki
121,Michael,Andretti,279,1993,14,0.0,Michael Andretti
69,Luca,Badoer,279,1993,15,0.0,Luca Badoer
118,Derek,Warwick,279,1993,16,0.0,Derek Warwick
79,Ukyo,Katayama,279,1993,17,0.0,Ukyo Katayama
102,Ayrton,Senna,279,1993,18,0.0,Ayrton Senna
117,Alain,Prost,280,1993,1,10.0,Alain Prost
71,Damon,Hill,280,1993,2,6.0,Damon Hill
30,Michael,Schumacher,280,1993,3,4.0,Michael Schumacher
102,Ayrton,Senna,280,1993,4,3.0,Ayrton Senna
84,Martin,Brundle,280,1993,5,2.0,Martin Brundle
121,Michael,Andretti,280,1993,6,1.0,Michael Andretti
22,Rubens,Barrichello,280,1993,7,0.0,Rubens Barrichello
104,Christian,Fittipaldi,280,1993,8,0.0,Christian Fittipaldi
112,Philippe,Alliot,280,1993,9,0.0,Philippe Alliot
119,Riccardo,Patrese,280,1993,10,0.0,Riccardo Patrese
123,Thierry,Boutsen,280,1993,11,0.0,Thierry Boutsen
88,Aguri,Suzuki,280,1993,12,0.0,Aguri Suzuki
118,Derek,Warwick,280,1993,13,0.0,Derek Warwick
77,Gerhard,Berger,280,1993,14,0.0,Gerhard Berger
110,Andrea,de Cesaris,280,1993,15,0.0,Andrea de Cesaris
100,Érik,Comas,280,1993,16,0.0,Érik Comas
117,Alain,Prost,281,1993,1,10.0,Alain Prost
30,Michael,Schumacher,281,1993,2,6.0,Michael Schumacher
119,Riccardo,Patrese,281,1993,3,4.0,Riccardo Patrese
65,Johnny,Herbert,281,1993,4,3.0,Johnny Herbert
102,Ayrton,Senna,281,1993,5,2.0,Ayrton Senna
118,Derek,Warwick,281,1993,6,1.0,Derek Warwick
87,Mark,Blundell,281,1993,7,0.0,Mark Blundell
109,Jyrki,Järvilehto,281,1993,8,0.0,Jyrki Järvilehto
55,Jean,Alesi,281,1993,9,0.0,Jean Alesi
22,Rubens,Barrichello,281,1993,10,0.0,Rubens Barrichello
112,Philippe,Alliot,281,1993,11,0.0,Philippe Alliot
104,Christian,Fittipaldi,281,1993,12,0.0,Christian Fittipaldi
79,Ukyo,Katayama,281,1993,13,0.0,Ukyo Katayama
84,Martin,Brundle,281,1993,14,0.0,Martin Brundle
117,Alain,Prost,282,1993,1,10.0,Alain Prost
30,Michael,Schumacher,282,1993,2,6.0,Michael Schumacher
87,Mark,Blundell,282,1993,3,4.0,Mark Blundell
102,Ayrton,Senna,282,1993,4,3.0,Ayrton Senna
119,Riccardo,Patrese,282,1993,5,2.0,Riccardo Patrese
77,Gerhard,Berger,282,1993,6,1.0,Gerhard Berger
55,Jean,Alesi,282,1993,7,0.0,Jean Alesi
84,Martin,Brundle,282,1993,8,0.0,Martin Brundle
91,Karl,Wendlinger,282,1993,9,0.0,Karl Wendlinger
65,Johnny,Herbert,282,1993,10,0.0,Johnny Herbert
104,Christian,Fittipaldi,282,1993,11,0.0,Christian Fittipaldi
112,Philippe,Alliot,282,1993,12,0.0,Philippe Alliot
123,Thierry,Boutsen,282,1993,13,0.0,Thierry Boutsen
94,Pierluigi,Martini,282,1993,14,0.0,Pierluigi Martini
71,Damon,Hill,282,1993,15,0.0,Damon Hill
105,Michele,Alboreto,282,1993,16,0.0,Michele Alboreto
118,Derek,Warwick,282,1993,17,0.0,Derek Warwick
71,Damon,Hill,283,1993,1,10.0,Damon Hill
119,Riccardo,Patrese,283,1993,2,6.0,Riccardo Patrese
77,Gerhard,Berger,283,1993,3,4.0,Gerhard Berger
118,Derek,Warwick,283,1993,4,3.0,Derek Warwick
84,Martin,Brundle,283,1993,5,2.0,Martin Brundle
91,Karl,Wendlinger,283,1993,6,1.0,Karl Wendlinger
87,Mark,Blundell,283,1993,7,0.0,Mark Blundell
112,Philippe,Alliot,283,1993,8,0.0,Philippe Alliot
123,Thierry,Boutsen,283,1993,9,0.0,Thierry Boutsen
79,Ukyo,Katayama,283,1993,10,0.0,Ukyo Katayama
110,Andrea,de Cesaris,283,1993,11,0.0,Andrea de Cesaris
117,Alain,Prost,283,1993,12,0.0,Alain Prost
71,Damon,Hill,284,1993,1,10.0,Damon Hill
30,Michael,Schumacher,284,1993,2,6.0,Michael Schumacher
117,Alain,Prost,284,1993,3,4.0,Alain Prost
102,Ayrton,Senna,284,1993,4,3.0,Ayrton Senna
65,Johnny,Herbert,284,1993,5,2.0,Johnny Herbert
119,Riccardo,Patrese,284,1993,6,1.0,Riccardo Patrese
84,Martin,Brundle,284,1993,7,0.0,Martin Brundle
121,Michael,Andretti,284,1993,8,0.0,Michael Andretti
109,Jyrki,Järvilehto,284,1993,9,0.0,Jyrki Järvilehto
77,Gerhard,Berger,284,1993,10,0.0,Gerhard Berger
87,Mark,Blundell,284,1993,11,0.0,Mark Blundell
112,Philippe,Alliot,284,1993,12,0.0,Philippe Alliot
69,Luca,Badoer,284,1993,13,0.0,Luca Badoer
105,Michele,Alboreto,284,1993,14,0.0,Michele Alboreto
79,Ukyo,Katayama,284,1993,15,0.0,Ukyo Katayama
71,Damon,Hill,285,1993,1,10.0,Damon Hill
55,Jean,Alesi,285,1993,2,6.0,Jean Alesi
121,Michael,Andretti,285,1993,3,4.0,Michael Andretti
91,Karl,Wendlinger,285,1993,4,3.0,Karl Wendlinger
119,Riccardo,Patrese,285,1993,5,2.0,Riccardo Patrese
100,Érik,Comas,285,1993,6,1.0,Érik Comas
94,Pierluigi,Martini,285,1993,7,0.0,Pierluigi Martini
104,Christian,Fittipaldi,285,1993,8,0.0,Christian Fittipaldi
112,Philippe,Alliot,285,1993,9,0.0,Philippe Alliot
69,Luca,Badoer,285,1993,10,0.0,Luca Badoer
83,Pedro,Lamy,285,1993,11,0.0,Pedro Lamy
117,Alain,Prost,285,1993,12,0.0,Alain Prost
110,Andrea,de Cesaris,285,1993,13,0.0,Andrea de Cesaris
79,Ukyo,Katayama,285,1993,14,0.0,Ukyo Katayama
30,Michael,Schumacher,286,1993,1,10.0,Michael Schumacher
117,Alain,Prost,286,1993,2,6.0,Alain Prost
71,Damon,Hill,286,1993,3,4.0,Damon Hill
55,Jean,Alesi,286,1993,4,3.0,Jean Alesi
91,Karl,Wendlinger,286,1993,5,2.0,Karl Wendlinger
84,Martin,Brundle,286,1993,6,1.0,Martin Brundle
109,Jyrki,Järvilehto,286,1993,7,0.0,Jyrki Järvilehto
94,Pierluigi,Martini,286,1993,8,0.0,Pierluigi Martini
104,Christian,Fittipaldi,286,1993,9,0.0,Christian Fittipaldi
112,Philippe,Alliot,286,1993,10,0.0,Philippe Alliot
100,Érik,Comas,286,1993,11,0.0,Érik Comas
110,Andrea,de Cesaris,286,1993,12,0.0,Andrea de Cesaris
22,Rubens,Barrichello,286,1993,13,0.0,Rubens Barrichello
69,Luca,Badoer,286,1993,14,0.0,Luca Badoer
118,Derek,Warwick,286,1993,15,0.0,Derek Warwick
119,Riccardo,Patrese,286,1993,16,0.0,Riccardo Patrese
102,Ayrton,Senna,287,1993,1,10.0,Ayrton Senna
117,Alain,Prost,287,1993,2,6.0,Alain Prost
57,Mika,Häkkinen,287,1993,3,4.0,Mika Häkkinen
71,Damon,Hill,287,1993,4,3.0,Damon Hill
22,Rubens,Barrichello,287,1993,5,2.0,Rubens Barrichello
56,Eddie,Irvine,287,1993,6,1.0,Eddie Irvine
87,Mark,Blundell,287,1993,7,0.0,Mark Blundell
109,Jyrki,Järvilehto,287,1993,8,0.0,Jyrki Järvilehto
84,Martin,Brundle,287,1993,9,0.0,Martin Brundle
94,Pierluigi,Martini,287,1993,10,0.0,Pierluigi Martini
65,Johnny,Herbert,287,1993,11,0.0,Johnny Herbert
126,Toshio,Suzuki,287,1993,12,0.0,Toshio Suzuki
83,Pedro,Lamy,287,1993,13,0.0,Pedro Lamy
118,Derek,Warwick,287,1993,14,0.0,Derek Warwick
102,Ayrton,Senna,288,1993,1,10.0,Ayrton Senna
117,Alain,Prost,288,1993,2,6.0,Alain Prost
71,Damon,Hill,288,1993,3,4.0,Damon Hill
55,Jean,Alesi,288,1993,4,3.0,Jean Alesi
77,Gerhard,Berger,288,1993,5,2.0,Gerhard Berger
84,Martin,Brundle,288,1993,6,1.0,Martin Brundle
88,Aguri,Suzuki,288,1993,7,0.0,Aguri Suzuki
119,Riccardo,Patrese,288,1993,8,0.0,Riccardo Patrese
87,Mark,Blundell,288,1993,9,0.0,Mark Blundell
118,Derek,Warwick,288,1993,10,0.0,Derek Warwick
22,Rubens,Barrichello,288,1993,11,0.0,Rubens Barrichello
100,Érik,Comas,288,1993,12,0.0,Érik Comas
110,Andrea,de Cesaris,288,1993,13,0.0,Andrea de Cesaris
126,Toshio,Suzuki,288,1993,14,0.0,Toshio Suzuki
91,Karl,Wendlinger,288,1993,15,0.0,Karl Wendlinger
95,Nigel,Mansell,289,1992,1,10.0,Nigel Mansell
119,Riccardo,Patrese,289,1992,2,6.0,Riccardo Patrese
102,Ayrton,Senna,289,1992,3,4.0,Ayrton Senna
30,Michael,Schumacher,289,1992,4,3.0,Michael Schumacher
77,Gerhard,Berger,289,1992,5,2.0,Gerhard Berger
65,Johnny,Herbert,289,1992,6,1.0,Johnny Herbert
100,Érik,Comas,289,1992,7,0.0,Érik Comas
88,Aguri,Suzuki,289,1992,8,0.0,Aguri Suzuki
57,Mika,Häkkinen,289,1992,9,0.0,Mika Häkkinen
105,Michele,Alboreto,289,1992,10,0.0,Michele Alboreto
127,Maurício,Gugelmin,289,1992,11,0.0,Maurício Gugelmin
79,Ukyo,Katayama,289,1992,12,0.0,Ukyo Katayama
128,Eric,van de Poele,289,1992,13,0.0,Eric van de Poele
95,Nigel,Mansell,290,1992,1,10.0,Nigel Mansell
119,Riccardo,Patrese,290,1992,2,6.0,Riccardo Patrese
30,Michael,Schumacher,290,1992,3,4.0,Michael Schumacher
77,Gerhard,Berger,290,1992,4,3.0,Gerhard Berger
110,Andrea,de Cesaris,290,1992,5,2.0,Andrea de Cesaris
57,Mika,Häkkinen,290,1992,6,1.0,Mika Häkkinen
65,Johnny,Herbert,290,1992,7,0.0,Johnny Herbert
109,Jyrki,Järvilehto,290,1992,8,0.0,Jyrki Järvilehto
100,Érik,Comas,290,1992,9,0.0,Érik Comas
123,Thierry,Boutsen,290,1992,10,0.0,Thierry Boutsen
92,Bertrand,Gachot,290,1992,11,0.0,Bertrand Gachot
79,Ukyo,Katayama,290,1992,12,0.0,Ukyo Katayama
105,Michele,Alboreto,290,1992,13,0.0,Michele Alboreto
95,Nigel,Mansell,291,1992,1,10.0,Nigel Mansell
119,Riccardo,Patrese,291,1992,2,6.0,Riccardo Patrese
30,Michael,Schumacher,291,1992,3,4.0,Michael Schumacher
55,Jean,Alesi,291,1992,4,3.0,Jean Alesi
122,Ivan,Capelli,291,1992,5,2.0,Ivan Capelli
105,Michele,Alboreto,291,1992,6,1.0,Michele Alboreto
81,Gianni,Morbidelli,291,1992,7,0.0,Gianni Morbidelli
109,Jyrki,Järvilehto,291,1992,8,0.0,Jyrki Järvilehto
79,Ukyo,Katayama,291,1992,9,0.0,Ukyo Katayama
57,Mika,Häkkinen,291,1992,10,0.0,Mika Häkkinen
95,Nigel,Mansell,292,1992,1,10.0,Nigel Mansell
30,Michael,Schumacher,292,1992,2,6.0,Michael Schumacher
55,Jean,Alesi,292,1992,3,4.0,Jean Alesi
77,Gerhard,Berger,292,1992,4,3.0,Gerhard Berger
105,Michele,Alboreto,292,1992,5,2.0,Michele Alboreto
94,Pierluigi,Martini,292,1992,6,1.0,Pierluigi Martini
88,Aguri,Suzuki,292,1992,7,0.0,Aguri Suzuki
91,Karl,Wendlinger,292,1992,8,0.0,Karl Wendlinger
102,Ayrton,Senna,292,1992,9,0.0,Ayrton Senna
122,Ivan,Capelli,292,1992,10,0.0,Ivan Capelli
104,Christian,Fittipaldi,292,1992,11,0.0,Christian Fittipaldi
108,Paul,Belmondo,292,1992,12,0.0,Paul Belmondo
95,Nigel,Mansell,293,1992,1,10.0,Nigel Mansell
119,Riccardo,Patrese,293,1992,2,6.0,Riccardo Patrese
102,Ayrton,Senna,293,1992,3,4.0,Ayrton Senna
84,Martin,Brundle,293,1992,4,3.0,Martin Brundle
105,Michele,Alboreto,293,1992,5,2.0,Michele Alboreto
94,Pierluigi,Martini,293,1992,6,1.0,Pierluigi Martini
127,Maurício,Gugelmin,293,1992,7,0.0,Maurício Gugelmin
129,Olivier,Grouillard,293,1992,8,0.0,Olivier Grouillard
100,Érik,Comas,293,1992,9,0.0,Érik Comas
88,Aguri,Suzuki,293,1992,10,0.0,Aguri Suzuki
109,Jyrki,Järvilehto,293,1992,11,0.0,Jyrki Järvilehto
91,Karl,Wendlinger,293,1992,12,0.0,Karl Wendlinger
108,Paul,Belmondo,293,1992,13,0.0,Paul Belmondo
110,Andrea,de Cesaris,293,1992,14,0.0,Andrea de Cesaris
102,Ayrton,Senna,294,1992,1,10.0,Ayrton Senna
95,Nigel,Mansell,294,1992,2,6.0,Nigel Mansell
119,Riccardo,Patrese,294,1992,3,4.0,Riccardo Patrese
30,Michael,Schumacher,294,1992,4,3.0,Michael Schumacher
84,Martin,Brundle,294,1992,5,2.0,Martin Brundle
92,Bertrand,Gachot,294,1992,6,1.0,Bertrand Gachot
105,Michele,Alboreto,294,1992,7,0.0,Michele Alboreto
104,Christian,Fittipaldi,294,1992,8,0.0,Christian Fittipaldi
109,Jyrki,Järvilehto,294,1992,9,0.0,Jyrki Järvilehto
100,Érik,Comas,294,1992,10,0.0,Érik Comas
88,Aguri,Suzuki,294,1992,11,0.0,Aguri Suzuki
123,Thierry,Boutsen,294,1992,12,0.0,Thierry Boutsen
77,Gerhard,Berger,295,1992,1,10.0,Gerhard Berger
30,Michael,Schumacher,295,1992,2,6.0,Michael Schumacher
55,Jean,Alesi,295,1992,3,4.0,Jean Alesi
91,Karl,Wendlinger,295,1992,4,3.0,Karl Wendlinger
110,Andrea,de Cesaris,295,1992,5,2.0,Andrea de Cesaris
100,Érik,Comas,295,1992,6,1.0,Érik Comas
105,Michele,Alboreto,295,1992,7,0.0,Michele Alboreto
94,Pierluigi,Martini,295,1992,8,0.0,Pierluigi Martini
109,Jyrki,Järvilehto,295,1992,9,0.0,Jyrki Järvilehto
123,Thierry,Boutsen,295,1992,10,0.0,Thierry Boutsen
81,Gianni,Morbidelli,295,1992,11,0.0,Gianni Morbidelli
129,Olivier,Grouillard,295,1992,12,0.0,Olivier Grouillard
104,Christian,Fittipaldi,295,1992,13,0.0,Christian Fittipaldi
108,Paul,Belmondo,295,1992,14,0.0,Paul Belmondo
95,Nigel,Mansell,296,1992,1,10.0,Nigel Mansell
119,Riccardo,Patrese,296,1992,2,6.0,Riccardo Patrese
84,Martin,Brundle,296,1992,3,4.0,Martin Brundle
57,Mika,Häkkinen,296,1992,4,3.0,Mika Häkkinen
100,Érik,Comas,296,1992,5,2.0,Érik Comas
65,Johnny,Herbert,296,1992,6,1.0,Johnny Herbert
105,Michele,Alboreto,296,1992,7,0.0,Michele Alboreto
81,Gianni,Morbidelli,296,1992,8,0.0,Gianni Morbidelli
109,Jyrki,Järvilehto,296,1992,9,0.0,Jyrki Järvilehto
94,Pierluigi,Martini,296,1992,10,0.0,Pierluigi Martini
129,Olivier,Grouillard,296,1992,11,0.0,Olivier Grouillard
95,Nigel,Mansell,297,1992,1,10.0,Nigel Mansell
119,Riccardo,Patrese,297,1992,2,6.0,Riccardo Patrese
84,Martin,Brundle,297,1992,3,4.0,Martin Brundle
30,Michael,Schumacher,297,1992,4,3.0,Michael Schumacher
77,Gerhard,Berger,297,1992,5,2.0,Gerhard Berger
57,Mika,Häkkinen,297,1992,6,1.0,Mika Häkkinen
105,Michele,Alboreto,297,1992,7,0.0,Michele Alboreto
100,Érik,Comas,297,1992,8,0.0,Érik Comas
122,Ivan,Capelli,297,1992,9,0.0,Ivan Capelli
123,Thierry,Boutsen,297,1992,10,0.0,Thierry Boutsen
129,Olivier,Grouillard,297,1992,11,0.0,Olivier Grouillard
88,Aguri,Suzuki,297,1992,12,0.0,Aguri Suzuki
109,Jyrki,Järvilehto,297,1992,13,0.0,Jyrki Järvilehto
99,Gabriele,Tarquini,297,1992,14,0.0,Gabriele Tarquini
94,Pierluigi,Martini,297,1992,15,0.0,Pierluigi Martini
71,Damon,Hill,297,1992,16,0.0,Damon Hill
81,Gianni,Morbidelli,297,1992,17,0.0,Gianni Morbidelli
95,Nigel,Mansell,298,1992,1,10.0,Nigel Mansell
102,Ayrton,Senna,298,1992,2,6.0,Ayrton Senna
30,Michael,Schumacher,298,1992,3,4.0,Michael Schumacher
84,Martin,Brundle,298,1992,4,3.0,Martin Brundle
55,Jean,Alesi,298,1992,5,2.0,Jean Alesi
100,Érik,Comas,298,1992,6,1.0,Érik Comas
123,Thierry,Boutsen,298,1992,7,0.0,Thierry Boutsen
119,Riccardo,Patrese,298,1992,8,0.0,Riccardo Patrese
105,Michele,Alboreto,298,1992,9,0.0,Michele Alboreto
109,Jyrki,Järvilehto,298,1992,10,0.0,Jyrki Järvilehto
94,Pierluigi,Martini,298,1992,11,0.0,Pierluigi Martini
81,Gianni,Morbidelli,298,1992,12,0.0,Gianni Morbidelli
108,Paul,Belmondo,298,1992,13,0.0,Paul Belmondo
92,Bertrand,Gachot,298,1992,14,0.0,Bertrand Gachot
127,Maurício,Gugelmin,298,1992,15,0.0,Maurício Gugelmin
91,Karl,Wendlinger,298,1992,16,0.0,Karl Wendlinger
102,Ayrton,Senna,299,1992,1,10.0,Ayrton Senna
95,Nigel,Mansell,299,1992,2,6.0,Nigel Mansell
77,Gerhard,Berger,299,1992,3,4.0,Gerhard Berger
57,Mika,Häkkinen,299,1992,4,3.0,Mika Häkkinen
84,Martin,Brundle,299,1992,5,2.0,Martin Brundle
122,Ivan,Capelli,299,1992,6,1.0,Ivan Capelli
105,Michele,Alboreto,299,1992,7,0.0,Michele Alboreto
110,Andrea,de Cesaris,299,1992,8,0.0,Andrea de Cesaris
108,Paul,Belmondo,299,1992,9,0.0,Paul Belmondo
127,Maurício,Gugelmin,299,1992,10,0.0,Maurício Gugelmin
71,Damon,Hill,299,1992,11,0.0,Damon Hill
30,Michael,Schumacher,300,1992,1,10.0,Michael Schumacher
95,Nigel,Mansell,300,1992,2,6.0,Nigel Mansell
119,Riccardo,Patrese,300,1992,3,4.0,Riccardo Patrese
84,Martin,Brundle,300,1992,4,3.0,Martin Brundle
102,Ayrton,Senna,300,1992,5,2.0,Ayrton Senna
57,Mika,Häkkinen,300,1992,6,1.0,Mika Häkkinen
109,Jyrki,Järvilehto,300,1992,7,0.0,Jyrki Järvilehto
110,Andrea,de Cesaris,300,1992,8,0.0,Andrea de Cesaris
88,Aguri,Suzuki,300,1992,9,0.0,Aguri Suzuki
128,Eric,van de Poele,300,1992,10,0.0,Eric van de Poele
91,Karl,Wendlinger,300,1992,11,0.0,Karl Wendlinger
125,Emanuele,Naspetti,300,1992,12,0.0,Emanuele Naspetti
65,Johnny,Herbert,300,1992,13,0.0,Johnny Herbert
127,Maurício,Gugelmin,300,1992,14,0.0,Maurício Gugelmin
131,Stefano,Modena,300,1992,15,0.0,Stefano Modena
81,Gianni,Morbidelli,300,1992,16,0.0,Gianni Morbidelli
79,Ukyo,Katayama,300,1992,17,0.0,Ukyo Katayama
92,Bertrand,Gachot,300,1992,18,0.0,Bertrand Gachot
102,Ayrton,Senna,301,1992,1,10.0,Ayrton Senna
84,Martin,Brundle,301,1992,2,6.0,Martin Brundle
30,Michael,Schumacher,301,1992,3,4.0,Michael Schumacher
77,Gerhard,Berger,301,1992,4,3.0,Gerhard Berger
119,Riccardo,Patrese,301,1992,5,2.0,Riccardo Patrese
110,Andrea,de Cesaris,301,1992,6,1.0,Andrea de Cesaris
105,Michele,Alboreto,301,1992,7,0.0,Michele Alboreto
94,Pierluigi,Martini,301,1992,8,0.0,Pierluigi Martini
79,Ukyo,Katayama,301,1992,9,0.0,Ukyo Katayama
91,Karl,Wendlinger,301,1992,10,0.0,Karl Wendlinger
109,Jyrki,Järvilehto,301,1992,11,0.0,Jyrki Järvilehto
95,Nigel,Mansell,302,1992,1,10.0,Nigel Mansell
77,Gerhard,Berger,302,1992,2,6.0,Gerhard Berger
102,Ayrton,Senna,302,1992,3,4.0,Ayrton Senna
84,Martin,Brundle,302,1992,4,3.0,Martin Brundle
57,Mika,Häkkinen,302,1992,5,2.0,Mika Häkkinen
105,Michele,Alboreto,302,1992,6,1.0,Michele Alboreto
30,Michael,Schumacher,302,1992,7,0.0,Michael Schumacher
123,Thierry,Boutsen,302,1992,8,0.0,Thierry Boutsen
110,Andrea,de Cesaris,302,1992,9,0.0,Andrea de Cesaris
88,Aguri,Suzuki,302,1992,10,0.0,Aguri Suzuki
125,Emanuele,Naspetti,302,1992,11,0.0,Emanuele Naspetti
104,Christian,Fittipaldi,302,1992,12,0.0,Christian Fittipaldi
131,Stefano,Modena,302,1992,13,0.0,Stefano Modena
81,Gianni,Morbidelli,302,1992,14,0.0,Gianni Morbidelli
119,Riccardo,Patrese,303,1992,1,10.0,Riccardo Patrese
77,Gerhard,Berger,303,1992,2,6.0,Gerhard Berger
84,Martin,Brundle,303,1992,3,4.0,Martin Brundle
110,Andrea,de Cesaris,303,1992,4,3.0,Andrea de Cesaris
55,Jean,Alesi,303,1992,5,2.0,Jean Alesi
104,Christian,Fittipaldi,303,1992,6,1.0,Christian Fittipaldi
131,Stefano,Modena,303,1992,7,0.0,Stefano Modena
88,Aguri,Suzuki,303,1992,8,0.0,Aguri Suzuki
109,Jyrki,Järvilehto,303,1992,9,0.0,Jyrki Järvilehto
94,Pierluigi,Martini,303,1992,10,0.0,Pierluigi Martini
79,Ukyo,Katayama,303,1992,11,0.0,Ukyo Katayama
78,Nicola,Larini,303,1992,12,0.0,Nicola Larini
125,Emanuele,Naspetti,303,1992,13,0.0,Emanuele Naspetti
81,Gianni,Morbidelli,303,1992,14,0.0,Gianni Morbidelli
105,Michele,Alboreto,303,1992,15,0.0,Michele Alboreto
77,Gerhard,Berger,304,1992,1,10.0,Gerhard Berger
30,Michael,Schumacher,304,1992,2,6.0,Michael Schumacher
84,Martin,Brundle,304,1992,3,4.0,Martin Brundle
55,Jean,Alesi,304,1992,4,3.0,Jean Alesi
123,Thierry,Boutsen,304,1992,5,2.0,Thierry Boutsen
131,Stefano,Modena,304,1992,6,1.0,Stefano Modena
57,Mika,Häkkinen,304,1992,7,0.0,Mika Häkkinen
88,Aguri,Suzuki,304,1992,8,0.0,Aguri Suzuki
104,Christian,Fittipaldi,304,1992,9,0.0,Christian Fittipaldi
81,Gianni,Morbidelli,304,1992,10,0.0,Gianni Morbidelli
78,Nicola,Larini,304,1992,11,0.0,Nicola Larini
136,Jan,Lammers,304,1992,12,0.0,Jan Lammers
65,Johnny,Herbert,304,1992,13,0.0,Johnny Herbert
102,Ayrton,Senna,305,1991,1,10.0,Ayrton Senna
117,Alain,Prost,305,1991,2,6.0,Alain Prost
137,Nelson,Piquet,305,1991,3,4.0,Nelson Piquet
131,Stefano,Modena,305,1991,4,3.0,Stefano Modena
138,Satoru,Nakajima,305,1991,5,2.0,Satoru Nakajima
88,Aguri,Suzuki,305,1991,6,1.0,Aguri Suzuki
78,Nicola,Larini,305,1991,7,0.0,Nicola Larini
99,Gabriele,Tarquini,305,1991,8,0.0,Gabriele Tarquini
94,Pierluigi,Martini,305,1991,9,0.0,Pierluigi Martini
92,Bertrand,Gachot,305,1991,10,0.0,Bertrand Gachot
84,Martin,Brundle,305,1991,11,0.0,Martin Brundle
55,Jean,Alesi,305,1991,12,0.0,Jean Alesi
57,Mika,Häkkinen,305,1991,13,0.0,Mika Häkkinen
102,Ayrton,Senna,306,1991,1,10.0,Ayrton Senna
119,Riccardo,Patrese,306,1991,2,6.0,Riccardo Patrese
77,Gerhard,Berger,306,1991,3,4.0,Gerhard Berger
117,Alain,Prost,306,1991,4,3.0,Alain Prost
137,Nelson,Piquet,306,1991,5,2.0,Nelson Piquet
55,Jean,Alesi,306,1991,6,1.0,Jean Alesi
90,Roberto,Moreno,306,1991,7,0.0,Roberto Moreno
81,Gianni,Morbidelli,306,1991,8,0.0,Gianni Morbidelli
57,Mika,Häkkinen,306,1991,9,0.0,Mika Häkkinen
123,Thierry,Boutsen,306,1991,10,0.0,Thierry Boutsen
139,Emanuele,Pirro,306,1991,11,0.0,Emanuele Pirro
84,Martin,Brundle,306,1991,12,0.0,Martin Brundle
92,Bertrand,Gachot,306,1991,13,0.0,Bertrand Gachot
102,Ayrton,Senna,307,1991,1,10.0,Ayrton Senna
77,Gerhard,Berger,307,1991,2,6.0,Gerhard Berger
109,Jyrki,Järvilehto,307,1991,3,4.0,Jyrki Järvilehto
94,Pierluigi,Martini,307,1991,4,3.0,Pierluigi Martini
57,Mika,Häkkinen,307,1991,5,2.0,Mika Häkkinen
141,Julian,Bailey,307,1991,6,1.0,Julian Bailey
123,Thierry,Boutsen,307,1991,7,0.0,Thierry Boutsen
87,Mark,Blundell,307,1991,8,0.0,Mark Blundell
128,Eric,van de Poele,307,1991,9,0.0,Eric van de Poele
100,Érik,Comas,307,1991,10,0.0,Érik Comas
84,Martin,Brundle,307,1991,11,0.0,Martin Brundle
127,Maurício,Gugelmin,307,1991,12,0.0,Maurício Gugelmin
90,Roberto,Moreno,307,1991,13,0.0,Roberto Moreno
102,Ayrton,Senna,308,1991,1,10.0,Ayrton Senna
95,Nigel,Mansell,308,1991,2,6.0,Nigel Mansell
55,Jean,Alesi,308,1991,3,4.0,Jean Alesi
90,Roberto,Moreno,308,1991,4,3.0,Roberto Moreno
117,Alain,Prost,308,1991,5,2.0,Alain Prost
139,Emanuele,Pirro,308,1991,6,1.0,Emanuele Pirro
123,Thierry,Boutsen,308,1991,7,0.0,Thierry Boutsen
92,Bertrand,Gachot,308,1991,8,0.0,Bertrand Gachot
103,Éric,Bernard,308,1991,9,0.0,Éric Bernard
100,Érik,Comas,308,1991,10,0.0,Érik Comas
109,Jyrki,Järvilehto,308,1991,11,0.0,Jyrki Järvilehto
94,Pierluigi,Martini,308,1991,12,0.0,Pierluigi Martini
137,Nelson,Piquet,309,1991,1,10.0,Nelson Piquet
131,Stefano,Modena,309,1991,2,6.0,Stefano Modena
119,Riccardo,Patrese,309,1991,3,4.0,Riccardo Patrese
110,Andrea,de Cesaris,309,1991,4,3.0,Andrea de Cesaris
92,Bertrand,Gachot,309,1991,5,2.0,Bertrand Gachot
95,Nigel,Mansell,309,1991,6,1.0,Nigel Mansell
94,Pierluigi,Martini,309,1991,7,0.0,Pierluigi Martini
100,Érik,Comas,309,1991,8,0.0,Érik Comas
139,Emanuele,Pirro,309,1991,9,0.0,Emanuele Pirro
138,Satoru,Nakajima,309,1991,10,0.0,Satoru Nakajima
119,Riccardo,Patrese,310,1991,1,10.0,Riccardo Patrese
95,Nigel,Mansell,310,1991,2,6.0,Nigel Mansell
102,Ayrton,Senna,310,1991,3,4.0,Ayrton Senna
110,Andrea,de Cesaris,310,1991,4,3.0,Andrea de Cesaris
90,Roberto,Moreno,310,1991,5,2.0,Roberto Moreno
103,Éric,Bernard,310,1991,6,1.0,Éric Bernard
81,Gianni,Morbidelli,310,1991,7,0.0,Gianni Morbidelli
123,Thierry,Boutsen,310,1991,8,0.0,Thierry Boutsen
57,Mika,Häkkinen,310,1991,9,0.0,Mika Häkkinen
65,Johnny,Herbert,310,1991,10,0.0,Johnny Herbert
131,Stefano,Modena,310,1991,11,0.0,Stefano Modena
138,Satoru,Nakajima,310,1991,12,0.0,Satoru Nakajima
95,Nigel,Mansell,311,1991,1,10.0,Nigel Mansell
117,Alain,Prost,311,1991,2,6.0,Alain Prost
102,Ayrton,Senna,311,1991,3,4.0,Ayrton Senna
55,Jean,Alesi,311,1991,4,3.0,Jean Alesi
119,Riccardo,Patrese,311,1991,5,2.0,Riccardo Patrese
110,Andrea,de Cesaris,311,1991,6,1.0,Andrea de Cesaris
127,Maurício,Gugelmin,311,1991,7,0.0,Maurício Gugelmin
137,Nelson,Piquet,311,1991,8,0.0,Nelson Piquet
94,Pierluigi,Martini,311,1991,9,0.0,Pierluigi Martini
65,Johnny,Herbert,311,1991,10,0.0,Johnny Herbert
100,Érik,Comas,311,1991,11,0.0,Érik Comas
123,Thierry,Boutsen,311,1991,12,0.0,Thierry Boutsen
95,Nigel,Mansell,312,1991,1,10.0,Nigel Mansell
77,Gerhard,Berger,312,1991,2,6.0,Gerhard Berger
117,Alain,Prost,312,1991,3,4.0,Alain Prost
102,Ayrton,Senna,312,1991,4,3.0,Ayrton Senna
137,Nelson,Piquet,312,1991,5,2.0,Nelson Piquet
92,Bertrand,Gachot,312,1991,6,1.0,Bertrand Gachot
131,Stefano,Modena,312,1991,7,0.0,Stefano Modena
138,Satoru,Nakajima,312,1991,8,0.0,Satoru Nakajima
94,Pierluigi,Martini,312,1991,9,0.0,Pierluigi Martini
139,Emanuele,Pirro,312,1991,10,0.0,Emanuele Pirro
81,Gianni,Morbidelli,312,1991,11,0.0,Gianni Morbidelli
57,Mika,Häkkinen,312,1991,12,0.0,Mika Häkkinen
109,Jyrki,Järvilehto,312,1991,13,0.0,Jyrki Järvilehto
65,Johnny,Herbert,312,1991,14,0.0,Johnny Herbert
95,Nigel,Mansell,313,1991,1,10.0,Nigel Mansell
119,Riccardo,Patrese,313,1991,2,6.0,Riccardo Patrese
55,Jean,Alesi,313,1991,3,4.0,Jean Alesi
77,Gerhard,Berger,313,1991,4,3.0,Gerhard Berger
110,Andrea,de Cesaris,313,1991,5,2.0,Andrea de Cesaris
92,Bertrand,Gachot,313,1991,6,1.0,Bertrand Gachot
102,Ayrton,Senna,313,1991,7,0.0,Ayrton Senna
90,Roberto,Moreno,313,1991,8,0.0,Roberto Moreno
123,Thierry,Boutsen,313,1991,9,0.0,Thierry Boutsen
139,Emanuele,Pirro,313,1991,10,0.0,Emanuele Pirro
84,Martin,Brundle,313,1991,11,0.0,Martin Brundle
87,Mark,Blundell,313,1991,12,0.0,Mark Blundell
131,Stefano,Modena,313,1991,13,0.0,Stefano Modena
102,Ayrton,Senna,314,1991,1,10.0,Ayrton Senna
95,Nigel,Mansell,314,1991,2,6.0,Nigel Mansell
119,Riccardo,Patrese,314,1991,3,4.0,Riccardo Patrese
77,Gerhard,Berger,314,1991,4,3.0,Gerhard Berger
55,Jean,Alesi,314,1991,5,2.0,Jean Alesi
122,Ivan,Capelli,314,1991,6,1.0,Ivan Capelli
110,Andrea,de Cesaris,314,1991,7,0.0,Andrea de Cesaris
90,Roberto,Moreno,314,1991,8,0.0,Roberto Moreno
92,Bertrand,Gachot,314,1991,9,0.0,Bertrand Gachot
100,Érik,Comas,314,1991,10,0.0,Érik Comas
127,Maurício,Gugelmin,314,1991,11,0.0,Maurício Gugelmin
131,Stefano,Modena,314,1991,12,0.0,Stefano Modena
81,Gianni,Morbidelli,314,1991,13,0.0,Gianni Morbidelli
57,Mika,Häkkinen,314,1991,14,0.0,Mika Häkkinen
138,Satoru,Nakajima,314,1991,15,0.0,Satoru Nakajima
78,Nicola,Larini,314,1991,16,0.0,Nicola Larini
123,Thierry,Boutsen,314,1991,17,0.0,Thierry Boutsen
102,Ayrton,Senna,315,1991,1,10.0,Ayrton Senna
77,Gerhard,Berger,315,1991,2,6.0,Gerhard Berger
137,Nelson,Piquet,315,1991,3,4.0,Nelson Piquet
90,Roberto,Moreno,315,1991,4,3.0,Roberto Moreno
119,Riccardo,Patrese,315,1991,5,2.0,Riccardo Patrese
87,Mark,Blundell,315,1991,6,1.0,Mark Blundell
65,Johnny,Herbert,315,1991,7,0.0,Johnny Herbert
139,Emanuele,Pirro,315,1991,8,0.0,Emanuele Pirro
84,Martin,Brundle,315,1991,9,0.0,Martin Brundle
129,Olivier,Grouillard,315,1991,10,0.0,Olivier Grouillard
123,Thierry,Boutsen,315,1991,11,0.0,Thierry Boutsen
94,Pierluigi,Martini,315,1991,12,0.0,Pierluigi Martini
110,Andrea,de Cesaris,315,1991,13,0.0,Andrea de Cesaris
95,Nigel,Mansell,316,1991,1,10.0,Nigel Mansell
102,Ayrton,Senna,316,1991,2,6.0,Ayrton Senna
117,Alain,Prost,316,1991,3,4.0,Alain Prost
77,Gerhard,Berger,316,1991,4,3.0,Gerhard Berger
30,Michael,Schumacher,316,1991,5,2.0,Michael Schumacher
137,Nelson,Piquet,316,1991,6,1.0,Nelson Piquet
110,Andrea,de Cesaris,316,1991,7,0.0,Andrea de Cesaris
122,Ivan,Capelli,316,1991,8,0.0,Ivan Capelli
81,Gianni,Morbidelli,316,1991,9,0.0,Gianni Morbidelli
139,Emanuele,Pirro,316,1991,10,0.0,Emanuele Pirro
100,Érik,Comas,316,1991,11,0.0,Érik Comas
87,Mark,Blundell,316,1991,12,0.0,Mark Blundell
84,Martin,Brundle,316,1991,13,0.0,Martin Brundle
57,Mika,Häkkinen,316,1991,14,0.0,Mika Häkkinen
127,Maurício,Gugelmin,316,1991,15,0.0,Maurício Gugelmin
78,Nicola,Larini,316,1991,16,0.0,Nicola Larini
119,Riccardo,Patrese,317,1991,1,10.0,Riccardo Patrese
102,Ayrton,Senna,317,1991,2,6.0,Ayrton Senna
55,Jean,Alesi,317,1991,3,4.0,Jean Alesi
94,Pierluigi,Martini,317,1991,4,3.0,Pierluigi Martini
137,Nelson,Piquet,317,1991,5,2.0,Nelson Piquet
30,Michael,Schumacher,317,1991,6,1.0,Michael Schumacher
127,Maurício,Gugelmin,317,1991,7,0.0,Maurício Gugelmin
110,Andrea,de Cesaris,317,1991,8,0.0,Andrea de Cesaris
81,Gianni,Morbidelli,317,1991,9,0.0,Gianni Morbidelli
90,Roberto,Moreno,317,1991,10,0.0,Roberto Moreno
100,Érik,Comas,317,1991,11,0.0,Érik Comas
84,Martin,Brundle,317,1991,12,0.0,Martin Brundle
138,Satoru,Nakajima,317,1991,13,0.0,Satoru Nakajima
57,Mika,Häkkinen,317,1991,14,0.0,Mika Häkkinen
105,Michele,Alboreto,317,1991,15,0.0,Michele Alboreto
123,Thierry,Boutsen,317,1991,16,0.0,Thierry Boutsen
122,Ivan,Capelli,317,1991,17,0.0,Ivan Capelli
95,Nigel,Mansell,318,1991,1,10.0,Nigel Mansell
117,Alain,Prost,318,1991,2,6.0,Alain Prost
119,Riccardo,Patrese,318,1991,3,4.0,Riccardo Patrese
55,Jean,Alesi,318,1991,4,3.0,Jean Alesi
102,Ayrton,Senna,318,1991,5,2.0,Ayrton Senna
30,Michael,Schumacher,318,1991,6,1.0,Michael Schumacher
127,Maurício,Gugelmin,318,1991,7,0.0,Maurício Gugelmin
109,Jyrki,Järvilehto,318,1991,8,0.0,Jyrki Järvilehto
70,Alessandro,Zanardi,318,1991,9,0.0,Alessandro Zanardi
84,Martin,Brundle,318,1991,10,0.0,Martin Brundle
137,Nelson,Piquet,318,1991,11,0.0,Nelson Piquet
99,Gabriele,Tarquini,318,1991,12,0.0,Gabriele Tarquini
94,Pierluigi,Martini,318,1991,13,0.0,Pierluigi Martini
81,Gianni,Morbidelli,318,1991,14,0.0,Gianni Morbidelli
139,Emanuele,Pirro,318,1991,15,0.0,Emanuele Pirro
131,Stefano,Modena,318,1991,16,0.0,Stefano Modena
138,Satoru,Nakajima,318,1991,17,0.0,Satoru Nakajima
77,Gerhard,Berger,319,1991,1,10.0,Gerhard Berger
102,Ayrton,Senna,319,1991,2,6.0,Ayrton Senna
119,Riccardo,Patrese,319,1991,3,4.0,Riccardo Patrese
117,Alain,Prost,319,1991,4,3.0,Alain Prost
84,Martin,Brundle,319,1991,5,2.0,Martin Brundle
131,Stefano,Modena,319,1991,6,1.0,Stefano Modena
137,Nelson,Piquet,319,1991,7,0.0,Nelson Piquet
127,Maurício,Gugelmin,319,1991,8,0.0,Maurício Gugelmin
123,Thierry,Boutsen,319,1991,9,0.0,Thierry Boutsen
133,Alex,Caffi,319,1991,10,0.0,Alex Caffi
99,Gabriele,Tarquini,319,1991,11,0.0,Gabriele Tarquini
102,Ayrton,Senna,320,1991,1,5.0,Ayrton Senna
95,Nigel,Mansell,320,1991,2,3.0,Nigel Mansell
77,Gerhard,Berger,320,1991,3,2.0,Gerhard Berger
137,Nelson,Piquet,320,1991,4,1.5,Nelson Piquet
119,Riccardo,Patrese,320,1991,5,1.0,Riccardo Patrese
81,Gianni,Morbidelli,320,1991,6,0.5,Gianni Morbidelli
139,Emanuele,Pirro,320,1991,7,0.0,Emanuele Pirro
110,Andrea,de Cesaris,320,1991,8,0.0,Andrea de Cesaris
70,Alessandro,Zanardi,320,1991,9,0.0,Alessandro Zanardi
131,Stefano,Modena,320,1991,10,0.0,Stefano Modena
65,Johnny,Herbert,320,1991,11,0.0,Johnny Herbert
109,Jyrki,Järvilehto,320,1991,12,0.0,Jyrki Järvilehto
105,Michele,Alboreto,320,1991,13,0.0,Michele Alboreto
127,Maurício,Gugelmin,320,1991,14,0.0,Maurício Gugelmin
133,Alex,Caffi,320,1991,15,0.0,Alex Caffi
90,Roberto,Moreno,320,1991,16,0.0,Roberto Moreno
87,Mark,Blundell,320,1991,17,0.0,Mark Blundell
100,Érik,Comas,320,1991,18,0.0,Érik Comas
57,Mika,Häkkinen,320,1991,19,0.0,Mika Häkkinen
91,Karl,Wendlinger,320,1991,20,0.0,Karl Wendlinger
102,Ayrton,Senna,321,1990,1,9.0,Ayrton Senna
55,Jean,Alesi,321,1990,2,6.0,Jean Alesi
123,Thierry,Boutsen,321,1990,3,4.0,Thierry Boutsen
137,Nelson,Piquet,321,1990,4,3.0,Nelson Piquet
131,Stefano,Modena,321,1990,5,2.0,Stefano Modena
138,Satoru,Nakajima,321,1990,6,1.0,Satoru Nakajima
94,Pierluigi,Martini,321,1990,7,0.0,Pierluigi Martini
103,Éric,Bernard,321,1990,8,0.0,Éric Bernard
119,Riccardo,Patrese,321,1990,9,0.0,Riccardo Patrese
105,Michele,Alboreto,321,1990,10,0.0,Michele Alboreto
145,Alessandro,Nannini,321,1990,11,0.0,Alessandro Nannini
146,Bernd,Schneider,321,1990,12,0.0,Bernd Schneider
90,Roberto,Moreno,321,1990,13,0.0,Roberto Moreno
127,Maurício,Gugelmin,321,1990,14,0.0,Maurício Gugelmin
117,Alain,Prost,322,1990,1,9.0,Alain Prost
77,Gerhard,Berger,322,1990,2,6.0,Gerhard Berger
102,Ayrton,Senna,322,1990,3,4.0,Ayrton Senna
95,Nigel,Mansell,322,1990,4,3.0,Nigel Mansell
123,Thierry,Boutsen,322,1990,5,2.0,Thierry Boutsen
137,Nelson,Piquet,322,1990,6,1.0,Nelson Piquet
55,Jean,Alesi,322,1990,7,0.0,Jean Alesi
138,Satoru,Nakajima,322,1990,8,0.0,Satoru Nakajima
94,Pierluigi,Martini,322,1990,9,0.0,Pierluigi Martini
145,Alessandro,Nannini,322,1990,10,0.0,Alessandro Nannini
78,Nicola,Larini,322,1990,11,0.0,Nicola Larini
112,Philippe,Alliot,322,1990,12,0.0,Philippe Alliot
119,Riccardo,Patrese,322,1990,13,0.0,Riccardo Patrese
81,Gianni,Morbidelli,322,1990,14,0.0,Gianni Morbidelli
119,Riccardo,Patrese,323,1990,1,9.0,Riccardo Patrese
77,Gerhard,Berger,323,1990,2,6.0,Gerhard Berger
145,Alessandro,Nannini,323,1990,3,4.0,Alessandro Nannini
117,Alain,Prost,323,1990,4,3.0,Alain Prost
137,Nelson,Piquet,323,1990,5,2.0,Nelson Piquet
55,Jean,Alesi,323,1990,6,1.0,Jean Alesi
118,Derek,Warwick,323,1990,7,0.0,Derek Warwick
151,Martin,Donnelly,323,1990,8,0.0,Martin Donnelly
112,Philippe,Alliot,323,1990,9,0.0,Philippe Alliot
78,Nicola,Larini,323,1990,10,0.0,Nicola Larini
147,Paolo,Barilla,323,1990,11,0.0,Paolo Barilla
109,Jyrki,Järvilehto,323,1990,12,0.0,Jyrki Järvilehto
103,Éric,Bernard,323,1990,13,0.0,Éric Bernard
102,Ayrton,Senna,324,1990,1,9.0,Ayrton Senna
55,Jean,Alesi,324,1990,2,6.0,Jean Alesi
77,Gerhard,Berger,324,1990,3,4.0,Gerhard Berger
123,Thierry,Boutsen,324,1990,4,3.0,Thierry Boutsen
133,Alex,Caffi,324,1990,5,2.0,Alex Caffi
103,Éric,Bernard,324,1990,6,1.0,Éric Bernard
148,Gregor,Foitek,324,1990,7,0.0,Gregor Foitek
102,Ayrton,Senna,325,1990,1,9.0,Ayrton Senna
137,Nelson,Piquet,325,1990,2,6.0,Nelson Piquet
95,Nigel,Mansell,325,1990,3,4.0,Nigel Mansell
77,Gerhard,Berger,325,1990,4,3.0,Gerhard Berger
117,Alain,Prost,325,1990,5,2.0,Alain Prost
118,Derek,Warwick,325,1990,6,1.0,Derek Warwick
131,Stefano,Modena,325,1990,7,0.0,Stefano Modena
133,Alex,Caffi,325,1990,8,0.0,Alex Caffi
103,Éric,Bernard,325,1990,9,0.0,Éric Bernard
122,Ivan,Capelli,325,1990,10,0.0,Ivan Capelli
138,Satoru,Nakajima,325,1990,11,0.0,Satoru Nakajima
88,Aguri,Suzuki,325,1990,12,0.0,Aguri Suzuki
129,Olivier,Grouillard,325,1990,13,0.0,Olivier Grouillard
117,Alain,Prost,326,1990,1,9.0,Alain Prost
95,Nigel,Mansell,326,1990,2,6.0,Nigel Mansell
77,Gerhard,Berger,326,1990,3,4.0,Gerhard Berger
145,Alessandro,Nannini,326,1990,4,3.0,Alessandro Nannini
123,Thierry,Boutsen,326,1990,5,2.0,Thierry Boutsen
137,Nelson,Piquet,326,1990,6,1.0,Nelson Piquet
55,Jean,Alesi,326,1990,7,0.0,Jean Alesi
151,Martin,Donnelly,326,1990,8,0.0,Martin Donnelly
119,Riccardo,Patrese,326,1990,9,0.0,Riccardo Patrese
118,Derek,Warwick,326,1990,10,0.0,Derek Warwick
131,Stefano,Modena,326,1990,11,0.0,Stefano Modena
94,Pierluigi,Martini,326,1990,12,0.0,Pierluigi Martini
110,Andrea,de Cesaris,326,1990,13,0.0,Andrea de Cesaris
147,Paolo,Barilla,326,1990,14,0.0,Paolo Barilla
148,Gregor,Foitek,326,1990,15,0.0,Gregor Foitek
78,Nicola,Larini,326,1990,16,0.0,Nicola Larini
105,Michele,Alboreto,326,1990,17,0.0,Michele Alboreto
112,Philippe,Alliot,326,1990,18,0.0,Philippe Alliot
129,Olivier,Grouillard,326,1990,19,0.0,Olivier Grouillard
102,Ayrton,Senna,326,1990,20,0.0,Ayrton Senna
117,Alain,Prost,327,1990,1,9.0,Alain Prost
122,Ivan,Capelli,327,1990,2,6.0,Ivan Capelli
102,Ayrton,Senna,327,1990,3,4.0,Ayrton Senna
137,Nelson,Piquet,327,1990,4,3.0,Nelson Piquet
77,Gerhard,Berger,327,1990,5,2.0,Gerhard Berger
119,Riccardo,Patrese,327,1990,6,1.0,Riccardo Patrese
88,Aguri,Suzuki,327,1990,7,0.0,Aguri Suzuki
103,Éric,Bernard,327,1990,8,0.0,Éric Bernard
112,Philippe,Alliot,327,1990,9,0.0,Philippe Alliot
105,Michele,Alboreto,327,1990,10,0.0,Michele Alboreto
118,Derek,Warwick,327,1990,11,0.0,Derek Warwick
151,Martin,Donnelly,327,1990,12,0.0,Martin Donnelly
131,Stefano,Modena,327,1990,13,0.0,Stefano Modena
78,Nicola,Larini,327,1990,14,0.0,Nicola Larini
101,David,Brabham,327,1990,15,0.0,David Brabham
145,Alessandro,Nannini,327,1990,16,0.0,Alessandro Nannini
114,Yannick,Dalmas,327,1990,17,0.0,Yannick Dalmas
95,Nigel,Mansell,327,1990,18,0.0,Nigel Mansell
117,Alain,Prost,328,1990,1,9.0,Alain Prost
123,Thierry,Boutsen,328,1990,2,6.0,Thierry Boutsen
102,Ayrton,Senna,328,1990,3,4.0,Ayrton Senna
103,Éric,Bernard,328,1990,4,3.0,Éric Bernard
137,Nelson,Piquet,328,1990,5,2.0,Nelson Piquet
88,Aguri,Suzuki,328,1990,6,1.0,Aguri Suzuki
133,Alex,Caffi,328,1990,7,0.0,Alex Caffi
55,Jean,Alesi,328,1990,8,0.0,Jean Alesi
131,Stefano,Modena,328,1990,9,0.0,Stefano Modena
78,Nicola,Larini,328,1990,10,0.0,Nicola Larini
139,Emanuele,Pirro,328,1990,11,0.0,Emanuele Pirro
147,Paolo,Barilla,328,1990,12,0.0,Paolo Barilla
112,Philippe,Alliot,328,1990,13,0.0,Philippe Alliot
77,Gerhard,Berger,328,1990,14,0.0,Gerhard Berger
102,Ayrton,Senna,329,1990,1,9.0,Ayrton Senna
145,Alessandro,Nannini,329,1990,2,6.0,Alessandro Nannini
77,Gerhard,Berger,329,1990,3,4.0,Gerhard Berger
117,Alain,Prost,329,1990,4,3.0,Alain Prost
119,Riccardo,Patrese,329,1990,5,2.0,Riccardo Patrese
123,Thierry,Boutsen,329,1990,6,1.0,Thierry Boutsen
122,Ivan,Capelli,329,1990,7,0.0,Ivan Capelli
118,Derek,Warwick,329,1990,8,0.0,Derek Warwick
133,Alex,Caffi,329,1990,9,0.0,Alex Caffi
78,Nicola,Larini,329,1990,10,0.0,Nicola Larini
55,Jean,Alesi,329,1990,11,0.0,Jean Alesi
123,Thierry,Boutsen,330,1990,1,9.0,Thierry Boutsen
102,Ayrton,Senna,330,1990,2,6.0,Ayrton Senna
137,Nelson,Piquet,330,1990,3,4.0,Nelson Piquet
119,Riccardo,Patrese,330,1990,4,3.0,Riccardo Patrese
118,Derek,Warwick,330,1990,5,2.0,Derek Warwick
103,Éric,Bernard,330,1990,6,1.0,Éric Bernard
151,Martin,Donnelly,330,1990,7,0.0,Martin Donnelly
127,Maurício,Gugelmin,330,1990,8,0.0,Maurício Gugelmin
133,Alex,Caffi,330,1990,9,0.0,Alex Caffi
139,Emanuele,Pirro,330,1990,10,0.0,Emanuele Pirro
78,Nicola,Larini,330,1990,11,0.0,Nicola Larini
105,Michele,Alboreto,330,1990,12,0.0,Michele Alboreto
99,Gabriele,Tarquini,330,1990,13,0.0,Gabriele Tarquini
112,Philippe,Alliot,330,1990,14,0.0,Philippe Alliot
147,Paolo,Barilla,330,1990,15,0.0,Paolo Barilla
77,Gerhard,Berger,330,1990,16,0.0,Gerhard Berger
95,Nigel,Mansell,330,1990,17,0.0,Nigel Mansell
102,Ayrton,Senna,331,1990,1,9.0,Ayrton Senna
117,Alain,Prost,331,1990,2,6.0,Alain Prost
77,Gerhard,Berger,331,1990,3,4.0,Gerhard Berger
145,Alessandro,Nannini,331,1990,4,3.0,Alessandro Nannini
137,Nelson,Piquet,331,1990,5,2.0,Nelson Piquet
127,Maurício,Gugelmin,331,1990,6,1.0,Maurício Gugelmin
122,Ivan,Capelli,331,1990,7,0.0,Ivan Capelli
55,Jean,Alesi,331,1990,8,0.0,Jean Alesi
103,Éric,Bernard,331,1990,9,0.0,Éric Bernard
133,Alex,Caffi,331,1990,10,0.0,Alex Caffi
118,Derek,Warwick,331,1990,11,0.0,Derek Warwick
151,Martin,Donnelly,331,1990,12,0.0,Martin Donnelly
105,Michele,Alboreto,331,1990,13,0.0,Michele Alboreto
78,Nicola,Larini,331,1990,14,0.0,Nicola Larini
94,Pierluigi,Martini,331,1990,15,0.0,Pierluigi Martini
129,Olivier,Grouillard,331,1990,16,0.0,Olivier Grouillard
131,Stefano,Modena,331,1990,17,0.0,Stefano Modena
102,Ayrton,Senna,332,1990,1,9.0,Ayrton Senna
117,Alain,Prost,332,1990,2,6.0,Alain Prost
77,Gerhard,Berger,332,1990,3,4.0,Gerhard Berger
95,Nigel,Mansell,332,1990,4,3.0,Nigel Mansell
119,Riccardo,Patrese,332,1990,5,2.0,Riccardo Patrese
138,Satoru,Nakajima,332,1990,6,1.0,Satoru Nakajima
137,Nelson,Piquet,332,1990,7,0.0,Nelson Piquet
145,Alessandro,Nannini,332,1990,8,0.0,Alessandro Nannini
133,Alex,Caffi,332,1990,9,0.0,Alex Caffi
110,Andrea,de Cesaris,332,1990,10,0.0,Andrea de Cesaris
78,Nicola,Larini,332,1990,11,0.0,Nicola Larini
105,Michele,Alboreto,332,1990,12,0.0,Michele Alboreto
112,Philippe,Alliot,332,1990,13,0.0,Philippe Alliot
95,Nigel,Mansell,333,1990,1,9.0,Nigel Mansell
102,Ayrton,Senna,333,1990,2,6.0,Ayrton Senna
117,Alain,Prost,333,1990,3,4.0,Alain Prost
77,Gerhard,Berger,333,1990,4,3.0,Gerhard Berger
137,Nelson,Piquet,333,1990,5,2.0,Nelson Piquet
145,Alessandro,Nannini,333,1990,6,1.0,Alessandro Nannini
119,Riccardo,Patrese,333,1990,7,0.0,Riccardo Patrese
55,Jean,Alesi,333,1990,8,0.0,Jean Alesi
105,Michele,Alboreto,333,1990,9,0.0,Michele Alboreto
78,Nicola,Larini,333,1990,10,0.0,Nicola Larini
94,Pierluigi,Martini,333,1990,11,0.0,Pierluigi Martini
127,Maurício,Gugelmin,333,1990,12,0.0,Maurício Gugelmin
133,Alex,Caffi,333,1990,13,0.0,Alex Caffi
88,Aguri,Suzuki,333,1990,14,0.0,Aguri Suzuki
139,Emanuele,Pirro,333,1990,15,0.0,Emanuele Pirro
117,Alain,Prost,334,1990,1,9.0,Alain Prost
95,Nigel,Mansell,334,1990,2,6.0,Nigel Mansell
145,Alessandro,Nannini,334,1990,3,4.0,Alessandro Nannini
123,Thierry,Boutsen,334,1990,4,3.0,Thierry Boutsen
119,Riccardo,Patrese,334,1990,5,2.0,Riccardo Patrese
88,Aguri,Suzuki,334,1990,6,1.0,Aguri Suzuki
78,Nicola,Larini,334,1990,7,0.0,Nicola Larini
127,Maurício,Gugelmin,334,1990,8,0.0,Maurício Gugelmin
114,Yannick,Dalmas,334,1990,9,0.0,Yannick Dalmas
105,Michele,Alboreto,334,1990,10,0.0,Michele Alboreto
137,Nelson,Piquet,335,1990,1,9.0,Nelson Piquet
90,Roberto,Moreno,335,1990,2,6.0,Roberto Moreno
88,Aguri,Suzuki,335,1990,3,4.0,Aguri Suzuki
119,Riccardo,Patrese,335,1990,4,3.0,Riccardo Patrese
123,Thierry,Boutsen,335,1990,5,2.0,Thierry Boutsen
138,Satoru,Nakajima,335,1990,6,1.0,Satoru Nakajima
78,Nicola,Larini,335,1990,7,0.0,Nicola Larini
94,Pierluigi,Martini,335,1990,8,0.0,Pierluigi Martini
133,Alex,Caffi,335,1990,9,0.0,Alex Caffi
112,Philippe,Alliot,335,1990,10,0.0,Philippe Alliot
137,Nelson,Piquet,336,1990,1,9.0,Nelson Piquet
95,Nigel,Mansell,336,1990,2,6.0,Nigel Mansell
117,Alain,Prost,336,1990,3,4.0,Alain Prost
77,Gerhard,Berger,336,1990,4,3.0,Gerhard Berger
123,Thierry,Boutsen,336,1990,5,2.0,Thierry Boutsen
119,Riccardo,Patrese,336,1990,6,1.0,Riccardo Patrese
90,Roberto,Moreno,336,1990,7,0.0,Roberto Moreno
55,Jean,Alesi,336,1990,8,0.0,Jean Alesi
94,Pierluigi,Martini,336,1990,9,0.0,Pierluigi Martini
78,Nicola,Larini,336,1990,10,0.0,Nicola Larini
112,Philippe,Alliot,336,1990,11,0.0,Philippe Alliot
131,Stefano,Modena,336,1990,12,0.0,Stefano Modena
129,Olivier,Grouillard,336,1990,13,0.0,Olivier Grouillard
18,Jenson,Button,1,2009,1,10.0,Jenson Button
22,Rubens,Barrichello,1,2009,2,8.0,Rubens Barrichello
15,Jarno,Trulli,1,2009,3,6.0,Jarno Trulli
10,Timo,Glock,1,2009,4,5.0,Timo Glock
4,Fernando,Alonso,1,2009,5,4.0,Fernando Alonso
3,Nico,Rosberg,1,2009,6,3.0,Nico Rosberg
67,Sébastien,Buemi,1,2009,7,2.0,Sébastien Buemi
7,Sébastien,Bourdais,1,2009,8,1.0,Sébastien Bourdais
16,Adrian,Sutil,1,2009,9,0.0,Adrian Sutil
2,Nick,Heidfeld,1,2009,10,0.0,Nick Heidfeld
21,Giancarlo,Fisichella,1,2009,11,0.0,Giancarlo Fisichella
17,Mark,Webber,1,2009,12,0.0,Mark Webber
20,Sebastian,Vettel,1,2009,13,0.0,Sebastian Vettel
9,Robert,Kubica,1,2009,14,0.0,Robert Kubica
8,Kimi,Räikkönen,1,2009,15,0.0,Kimi Räikkönen
18,Jenson,Button,2,2009,1,5.0,Jenson Button
2,Nick,Heidfeld,2,2009,2,4.0,Nick Heidfeld
10,Timo,Glock,2,2009,3,3.0,Timo Glock
15,Jarno,Trulli,2,2009,4,2.5,Jarno Trulli
22,Rubens,Barrichello,2,2009,5,2.0,Rubens Barrichello
17,Mark,Webber,2,2009,6,1.5,Mark Webber
1,Lewis,Hamilton,2,2009,7,1.0,Lewis Hamilton
3,Nico,Rosberg,2,2009,8,0.5,Nico Rosberg
13,Felipe,Massa,2,2009,9,0.0,Felipe Massa
7,Sébastien,Bourdais,2,2009,10,0.0,Sébastien Bourdais
4,Fernando,Alonso,2,2009,11,0.0,Fernando Alonso
6,Kazuki,Nakajima,2,2009,12,0.0,Kazuki Nakajima
12,Nelson,Piquet Jr.,2,2009,13,0.0,Nelson Piquet Jr.
8,Kimi,Räikkönen,2,2009,14,0.0,Kimi Räikkönen
20,Sebastian,Vettel,2,2009,15,0.0,Sebastian Vettel
67,Sébastien,Buemi,2,2009,16,0.0,Sébastien Buemi
16,Adrian,Sutil,2,2009,17,0.0,Adrian Sutil
21,Giancarlo,Fisichella,2,2009,18,0.0,Giancarlo Fisichella
20,Sebastian,Vettel,3,2009,1,10.0,Sebastian Vettel
17,Mark,Webber,3,2009,2,8.0,Mark Webber
18,Jenson,Button,3,2009,3,6.0,Jenson Button
22,Rubens,Barrichello,3,2009,4,5.0,Rubens Barrichello
5,Heikki,Kovalainen,3,2009,5,4.0,Heikki Kovalainen
1,Lewis,Hamilton,3,2009,6,3.0,Lewis Hamilton
10,Timo,Glock,3,2009,7,2.0,Timo Glock
67,Sébastien,Buemi,3,2009,8,1.0,Sébastien Buemi
4,Fernando,Alonso,3,2009,9,0.0,Fernando Alonso
8,Kimi,Räikkönen,3,2009,10,0.0,Kimi Räikkönen
7,Sébastien,Bourdais,3,2009,11,0.0,Sébastien Bourdais
2,Nick,Heidfeld,3,2009,12,0.0,Nick Heidfeld
9,Robert,Kubica,3,2009,13,0.0,Robert Kubica
21,Giancarlo,Fisichella,3,2009,14,0.0,Giancarlo Fisichella
3,Nico,Rosberg,3,2009,15,0.0,Nico Rosberg
12,Nelson,Piquet Jr.,3,2009,16,0.0,Nelson Piquet Jr.
16,Adrian,Sutil,3,2009,17,0.0,Adrian Sutil
18,Jenson,Button,4,2009,1,10.0,Jenson Button
20,Sebastian,Vettel,4,2009,2,8.0,Sebastian Vettel
15,Jarno,Trulli,4,2009,3,6.0,Jarno Trulli
1,Lewis,Hamilton,4,2009,4,5.0,Lewis Hamilton
22,Rubens,Barrichello,4,2009,5,4.0,Rubens Barrichello
8,Kimi,Räikkönen,4,2009,6,3.0,Kimi Räikkönen
10,Timo,Glock,4,2009,7,2.0,Timo Glock
4,Fernando,Alonso,4,2009,8,1.0,Fernando Alonso
3,Nico,Rosberg,4,2009,9,0.0,Nico Rosberg
12,Nelson,Piquet Jr.,4,2009,10,0.0,Nelson Piquet Jr.
17,Mark,Webber,4,2009,11,0.0,Mark Webber
5,Heikki,Kovalainen,4,2009,12,0.0,Heikki Kovalainen
7,Sébastien,Bourdais,4,2009,13,0.0,Sébastien Bourdais
13,Felipe,Massa,4,2009,14,0.0,Felipe Massa
21,Giancarlo,Fisichella,4,2009,15,0.0,Giancarlo Fisichella
16,Adrian,Sutil,4,2009,16,0.0,Adrian Sutil
67,Sébastien,Buemi,4,2009,17,0.0,Sébastien Buemi
9,Robert,Kubica,4,2009,18,0.0,Robert Kubica
2,Nick,Heidfeld,4,2009,19,0.0,Nick Heidfeld
18,Jenson,Button,5,2009,1,10.0,Jenson Button
22,Rubens,Barrichello,5,2009,2,8.0,Rubens Barrichello
17,Mark,Webber,5,2009,3,6.0,Mark Webber
20,Sebastian,Vettel,5,2009,4,5.0,Sebastian Vettel
4,Fernando,Alonso,5,2009,5,4.0,Fernando Alonso
13,Felipe,Massa,5,2009,6,3.0,Felipe Massa
2,Nick,Heidfeld,5,2009,7,2.0,Nick Heidfeld
3,Nico,Rosberg,5,2009,8,1.0,Nico Rosberg
1,Lewis,Hamilton,5,2009,9,0.0,Lewis Hamilton
10,Timo,Glock,5,2009,10,0.0,Timo Glock
9,Robert,Kubica,5,2009,11,0.0,Robert Kubica
12,Nelson,Piquet Jr.,5,2009,12,0.0,Nelson Piquet Jr.
6,Kazuki,Nakajima,5,2009,13,0.0,Kazuki Nakajima
21,Giancarlo,Fisichella,5,2009,14,0.0,Giancarlo Fisichella
18,Jenson,Button,6,2009,1,10.0,Jenson Button
22,Rubens,Barrichello,6,2009,2,8.0,Rubens Barrichello
8,Kimi,Räikkönen,6,2009,3,6.0,Kimi Räikkönen
13,Felipe,Massa,6,2009,4,5.0,Felipe Massa
17,Mark,Webber,6,2009,5,4.0,Mark Webber
3,Nico,Rosberg,6,2009,6,3.0,Nico Rosberg
4,Fernando,Alonso,6,2009,7,2.0,Fernando Alonso
7,Sébastien,Bourdais,6,2009,8,1.0,Sébastien Bourdais
21,Giancarlo,Fisichella,6,2009,9,0.0,Giancarlo Fisichella
10,Timo,Glock,6,2009,10,0.0,Timo Glock
2,Nick,Heidfeld,6,2009,11,0.0,Nick Heidfeld
1,Lewis,Hamilton,6,2009,12,0.0,Lewis Hamilton
15,Jarno,Trulli,6,2009,13,0.0,Jarno Trulli
16,Adrian,Sutil,6,2009,14,0.0,Adrian Sutil
6,Kazuki,Nakajima,6,2009,15,0.0,Kazuki Nakajima
18,Jenson,Button,7,2009,1,10.0,Jenson Button
17,Mark,Webber,7,2009,2,8.0,Mark Webber
20,Sebastian,Vettel,7,2009,3,6.0,Sebastian Vettel
15,Jarno,Trulli,7,2009,4,5.0,Jarno Trulli
3,Nico,Rosberg,7,2009,5,4.0,Nico Rosberg
13,Felipe,Massa,7,2009,6,3.0,Felipe Massa
9,Robert,Kubica,7,2009,7,2.0,Robert Kubica
10,Timo,Glock,7,2009,8,1.0,Timo Glock
8,Kimi,Räikkönen,7,2009,9,0.0,Kimi Räikkönen
4,Fernando,Alonso,7,2009,10,0.0,Fernando Alonso
2,Nick,Heidfeld,7,2009,11,0.0,Nick Heidfeld
6,Kazuki,Nakajima,7,2009,12,0.0,Kazuki Nakajima
1,Lewis,Hamilton,7,2009,13,0.0,Lewis Hamilton
5,Heikki,Kovalainen,7,2009,14,0.0,Heikki Kovalainen
67,Sébastien,Buemi,7,2009,15,0.0,Sébastien Buemi
12,Nelson,Piquet Jr.,7,2009,16,0.0,Nelson Piquet Jr.
16,Adrian,Sutil,7,2009,17,0.0,Adrian Sutil
7,Sébastien,Bourdais,7,2009,18,0.0,Sébastien Bourdais
20,Sebastian,Vettel,8,2009,1,10.0,Sebastian Vettel
17,Mark,Webber,8,2009,2,8.0,Mark Webber
22,Rubens,Barrichello,8,2009,3,6.0,Rubens Barrichello
13,Felipe,Massa,8,2009,4,5.0,Felipe Massa
3,Nico,Rosberg,8,2009,5,4.0,Nico Rosberg
18,Jenson,Button,8,2009,6,3.0,Jenson Button
15,Jarno,Trulli,8,2009,7,2.0,Jarno Trulli
8,Kimi,Räikkönen,8,2009,8,1.0,Kimi Räikkönen
10,Timo,Glock,8,2009,9,0.0,Timo Glock
21,Giancarlo,Fisichella,8,2009,10,0.0,Giancarlo Fisichella
6,Kazuki,Nakajima,8,2009,11,0.0,Kazuki Nakajima
12,Nelson,Piquet Jr.,8,2009,12,0.0,Nelson Piquet Jr.
9,Robert,Kubica,8,2009,13,0.0,Robert Kubica
4,Fernando,Alonso,8,2009,14,0.0,Fernando Alonso
2,Nick,Heidfeld,8,2009,15,0.0,Nick Heidfeld
1,Lewis,Hamilton,8,2009,16,0.0,Lewis Hamilton
16,Adrian,Sutil,8,2009,17,0.0,Adrian Sutil
67,Sébastien,Buemi,8,2009,18,0.0,Sébastien Buemi
17,Mark,Webber,9,2009,1,10.0,Mark Webber
20,Sebastian,Vettel,9,2009,2,8.0,Sebastian Vettel
13,Felipe,Massa,9,2009,3,6.0,Felipe Massa
3,Nico,Rosberg,9,2009,4,5.0,Nico Rosberg
18,Jenson,Button,9,2009,5,4.0,Jenson Button
22,Rubens,Barrichello,9,2009,6,3.0,Rubens Barrichello
4,Fernando,Alonso,9,2009,7,2.0,Fernando Alonso
5,Heikki,Kovalainen,9,2009,8,1.0,Heikki Kovalainen
10,Timo,Glock,9,2009,9,0.0,Timo Glock
2,Nick,Heidfeld,9,2009,10,0.0,Nick Heidfeld
21,Giancarlo,Fisichella,9,2009,11,0.0,Giancarlo Fisichella
6,Kazuki,Nakajima,9,2009,12,0.0,Kazuki Nakajima
12,Nelson,Piquet Jr.,9,2009,13,0.0,Nelson Piquet Jr.
9,Robert,Kubica,9,2009,14,0.0,Robert Kubica
16,Adrian,Sutil,9,2009,15,0.0,Adrian Sutil
67,Sébastien,Buemi,9,2009,16,0.0,Sébastien Buemi
15,Jarno,Trulli,9,2009,17,0.0,Jarno Trulli
1,Lewis,Hamilton,9,2009,18,0.0,Lewis Hamilton
1,Lewis,Hamilton,10,2009,1,10.0,Lewis Hamilton
8,Kimi,Räikkönen,10,2009,2,8.0,Kimi Räikkönen
17,Mark,Webber,10,2009,3,6.0,Mark Webber
3,Nico,Rosberg,10,2009,4,5.0,Nico Rosberg
5,Heikki,Kovalainen,10,2009,5,4.0,Heikki Kovalainen
10,Timo,Glock,10,2009,6,3.0,Timo Glock
18,Jenson,Button,10,2009,7,2.0,Jenson Button
15,Jarno,Trulli,10,2009,8,1.0,Jarno Trulli
6,Kazuki,Nakajima,10,2009,9,0.0,Kazuki Nakajima
22,Rubens,Barrichello,10,2009,10,0.0,Rubens Barrichello
2,Nick,Heidfeld,10,2009,11,0.0,Nick Heidfeld
12,Nelson,Piquet Jr.,10,2009,12,0.0,Nelson Piquet Jr.
9,Robert,Kubica,10,2009,13,0.0,Robert Kubica
21,Giancarlo,Fisichella,10,2009,14,0.0,Giancarlo Fisichella
153,Jaime,Alguersuari,10,2009,15,0.0,Jaime Alguersuari
67,Sébastien,Buemi,10,2009,16,0.0,Sébastien Buemi
22,Rubens,Barrichello,11,2009,1,10.0,Rubens Barrichello
1,Lewis,Hamilton,11,2009,2,8.0,Lewis Hamilton
8,Kimi,Räikkönen,11,2009,3,6.0,Kimi Räikkönen
5,Heikki,Kovalainen,11,2009,4,5.0,Heikki Kovalainen
3,Nico,Rosberg,11,2009,5,4.0,Nico Rosberg
4,Fernando,Alonso,11,2009,6,3.0,Fernando Alonso
18,Jenson,Button,11,2009,7,2.0,Jenson Button
9,Robert,Kubica,11,2009,8,1.0,Robert Kubica
17,Mark,Webber,11,2009,9,0.0,Mark Webber
16,Adrian,Sutil,11,2009,10,0.0,Adrian Sutil
2,Nick,Heidfeld,11,2009,11,0.0,Nick Heidfeld
21,Giancarlo,Fisichella,11,2009,12,0.0,Giancarlo Fisichella
15,Jarno,Trulli,11,2009,13,0.0,Jarno Trulli
10,Timo,Glock,11,2009,14,0.0,Timo Glock
154,Romain,Grosjean,11,2009,15,0.0,Romain Grosjean
153,Jaime,Alguersuari,11,2009,16,0.0,Jaime Alguersuari
69,Luca,Badoer,11,2009,17,0.0,Luca Badoer
6,Kazuki,Nakajima,11,2009,18,0.0,Kazuki Nakajima
8,Kimi,Räikkönen,12,2009,1,10.0,Kimi Räikkönen
21,Giancarlo,Fisichella,12,2009,2,8.0,Giancarlo Fisichella
20,Sebastian,Vettel,12,2009,3,6.0,Sebastian Vettel
9,Robert,Kubica,12,2009,4,5.0,Robert Kubica
2,Nick,Heidfeld,12,2009,5,4.0,Nick Heidfeld
5,Heikki,Kovalainen,12,2009,6,3.0,Heikki Kovalainen
22,Rubens,Barrichello,12,2009,7,2.0,Rubens Barrichello
3,Nico,Rosberg,12,2009,8,1.0,Nico Rosberg
17,Mark,Webber,12,2009,9,0.0,Mark Webber
10,Timo,Glock,12,2009,10,0.0,Timo Glock
16,Adrian,Sutil,12,2009,11,0.0,Adrian Sutil
67,Sébastien,Buemi,12,2009,12,0.0,Sébastien Buemi
6,Kazuki,Nakajima,12,2009,13,0.0,Kazuki Nakajima
69,Luca,Badoer,12,2009,14,0.0,Luca Badoer
22,Rubens,Barrichello,13,2009,1,10.0,Rubens Barrichello
18,Jenson,Button,13,2009,2,8.0,Jenson Button
8,Kimi,Räikkönen,13,2009,3,6.0,Kimi Räikkönen
16,Adrian,Sutil,13,2009,4,5.0,Adrian Sutil
4,Fernando,Alonso,13,2009,5,4.0,Fernando Alonso
5,Heikki,Kovalainen,13,2009,6,3.0,Heikki Kovalainen
2,Nick,Heidfeld,13,2009,7,2.0,Nick Heidfeld
20,Sebastian,Vettel,13,2009,8,1.0,Sebastian Vettel
21,Giancarlo,Fisichella,13,2009,9,0.0,Giancarlo Fisichella
6,Kazuki,Nakajima,13,2009,10,0.0,Kazuki Nakajima
10,Timo,Glock,13,2009,11,0.0,Timo Glock
1,Lewis,Hamilton,13,2009,12,0.0,Lewis Hamilton
67,Sébastien,Buemi,13,2009,13,0.0,Sébastien Buemi
15,Jarno,Trulli,13,2009,14,0.0,Jarno Trulli
154,Romain,Grosjean,13,2009,15,0.0,Romain Grosjean
3,Nico,Rosberg,13,2009,16,0.0,Nico Rosberg
1,Lewis,Hamilton,14,2009,1,10.0,Lewis Hamilton
10,Timo,Glock,14,2009,2,8.0,Timo Glock
4,Fernando,Alonso,14,2009,3,6.0,Fernando Alonso
20,Sebastian,Vettel,14,2009,4,5.0,Sebastian Vettel
18,Jenson,Button,14,2009,5,4.0,Jenson Button
22,Rubens,Barrichello,14,2009,6,3.0,Rubens Barrichello
5,Heikki,Kovalainen,14,2009,7,2.0,Heikki Kovalainen
9,Robert,Kubica,14,2009,8,1.0,Robert Kubica
6,Kazuki,Nakajima,14,2009,9,0.0,Kazuki Nakajima
8,Kimi,Räikkönen,14,2009,10,0.0,Kimi Räikkönen
3,Nico,Rosberg,14,2009,11,0.0,Nico Rosberg
15,Jarno,Trulli,14,2009,12,0.0,Jarno Trulli
21,Giancarlo,Fisichella,14,2009,13,0.0,Giancarlo Fisichella
24,Vitantonio,Liuzzi,14,2009,14,0.0,Vitantonio Liuzzi
20,Sebastian,Vettel,15,2009,1,10.0,Sebastian Vettel
15,Jarno,Trulli,15,2009,2,8.0,Jarno Trulli
1,Lewis,Hamilton,15,2009,3,6.0,Lewis Hamilton
8,Kimi,Räikkönen,15,2009,4,5.0,Kimi Räikkönen
3,Nico,Rosberg,15,2009,5,4.0,Nico Rosberg
2,Nick,Heidfeld,15,2009,6,3.0,Nick Heidfeld
22,Rubens,Barrichello,15,2009,7,2.0,Rubens Barrichello
18,Jenson,Button,15,2009,8,1.0,Jenson Button
9,Robert,Kubica,15,2009,9,0.0,Robert Kubica
4,Fernando,Alonso,15,2009,10,0.0,Fernando Alonso
5,Heikki,Kovalainen,15,2009,11,0.0,Heikki Kovalainen
21,Giancarlo,Fisichella,15,2009,12,0.0,Giancarlo Fisichella
16,Adrian,Sutil,15,2009,13,0.0,Adrian Sutil
24,Vitantonio,Liuzzi,15,2009,14,0.0,Vitantonio Liuzzi
6,Kazuki,Nakajima,15,2009,15,0.0,Kazuki Nakajima
154,Romain,Grosjean,15,2009,16,0.0,Romain Grosjean
17,Mark,Webber,15,2009,17,0.0,Mark Webber
17,Mark,Webber,16,2009,1,10.0,Mark Webber
9,Robert,Kubica,16,2009,2,8.0,Robert Kubica
1,Lewis,Hamilton,16,2009,3,6.0,Lewis Hamilton
20,Sebastian,Vettel,16,2009,4,5.0,Sebastian Vettel
18,Jenson,Button,16,2009,5,4.0,Jenson Button
8,Kimi,Räikkönen,16,2009,6,3.0,Kimi Räikkönen
67,Sébastien,Buemi,16,2009,7,2.0,Sébastien Buemi
22,Rubens,Barrichello,16,2009,8,1.0,Rubens Barrichello
5,Heikki,Kovalainen,16,2009,9,0.0,Heikki Kovalainen
155,Kamui,Kobayashi,16,2009,10,0.0,Kamui Kobayashi
21,Giancarlo,Fisichella,16,2009,11,0.0,Giancarlo Fisichella
24,Vitantonio,Liuzzi,16,2009,12,0.0,Vitantonio Liuzzi
154,Romain,Grosjean,16,2009,13,0.0,Romain Grosjean
153,Jaime,Alguersuari,16,2009,14,0.0,Jaime Alguersuari
95,Nigel,Mansell,356,1989,1,9.0,Nigel Mansell
117,Alain,Prost,356,1989,2,6.0,Alain Prost
127,Maurício,Gugelmin,356,1989,3,4.0,Maurício Gugelmin
65,Johnny,Herbert,356,1989,4,3.0,Johnny Herbert
118,Derek,Warwick,356,1989,5,2.0,Derek Warwick
145,Alessandro,Nannini,356,1989,6,1.0,Alessandro Nannini
156,Jonathan,Palmer,356,1989,7,0.0,Jonathan Palmer
138,Satoru,Nakajima,356,1989,8,0.0,Satoru Nakajima
129,Olivier,Grouillard,356,1989,9,0.0,Olivier Grouillard
105,Michele,Alboreto,356,1989,10,0.0,Michele Alboreto
102,Ayrton,Senna,356,1989,11,0.0,Ayrton Senna
112,Philippe,Alliot,356,1989,12,0.0,Philippe Alliot
110,Andrea,de Cesaris,356,1989,13,0.0,Andrea de Cesaris
157,Christian,Danner,356,1989,14,0.0,Christian Danner
119,Riccardo,Patrese,356,1989,15,0.0,Riccardo Patrese
102,Ayrton,Senna,357,1989,1,9.0,Ayrton Senna
117,Alain,Prost,357,1989,2,6.0,Alain Prost
145,Alessandro,Nannini,357,1989,3,4.0,Alessandro Nannini
123,Thierry,Boutsen,357,1989,4,3.0,Thierry Boutsen
118,Derek,Warwick,357,1989,5,2.0,Derek Warwick
156,Jonathan,Palmer,357,1989,6,1.0,Jonathan Palmer
133,Alex,Caffi,357,1989,7,0.0,Alex Caffi
99,Gabriele,Tarquini,357,1989,8,0.0,Gabriele Tarquini
158,Eddie,Cheever,357,1989,9,0.0,Eddie Cheever
110,Andrea,de Cesaris,357,1989,10,0.0,Andrea de Cesaris
65,Johnny,Herbert,357,1989,11,0.0,Johnny Herbert
78,Nicola,Larini,357,1989,12,0.0,Nicola Larini
102,Ayrton,Senna,358,1989,1,9.0,Ayrton Senna
117,Alain,Prost,358,1989,2,6.0,Alain Prost
131,Stefano,Modena,358,1989,3,4.0,Stefano Modena
133,Alex,Caffi,358,1989,4,3.0,Alex Caffi
105,Michele,Alboreto,358,1989,5,2.0,Michele Alboreto
84,Martin,Brundle,358,1989,6,1.0,Martin Brundle
158,Eddie,Cheever,358,1989,7,0.0,Eddie Cheever
145,Alessandro,Nannini,358,1989,8,0.0,Alessandro Nannini
156,Jonathan,Palmer,358,1989,9,0.0,Jonathan Palmer
123,Thierry,Boutsen,358,1989,10,0.0,Thierry Boutsen
122,Ivan,Capelli,358,1989,11,0.0,Ivan Capelli
163,René,Arnoux,358,1989,12,0.0,René Arnoux
110,Andrea,de Cesaris,358,1989,13,0.0,Andrea de Cesaris
65,Johnny,Herbert,358,1989,14,0.0,Johnny Herbert
119,Riccardo,Patrese,358,1989,15,0.0,Riccardo Patrese
102,Ayrton,Senna,359,1989,1,9.0,Ayrton Senna
119,Riccardo,Patrese,359,1989,2,6.0,Riccardo Patrese
105,Michele,Alboreto,359,1989,3,4.0,Michele Alboreto
145,Alessandro,Nannini,359,1989,4,3.0,Alessandro Nannini
117,Alain,Prost,359,1989,5,2.0,Alain Prost
99,Gabriele,Tarquini,359,1989,6,1.0,Gabriele Tarquini
158,Eddie,Cheever,359,1989,7,0.0,Eddie Cheever
129,Olivier,Grouillard,359,1989,8,0.0,Olivier Grouillard
84,Martin,Brundle,359,1989,9,0.0,Martin Brundle
131,Stefano,Modena,359,1989,10,0.0,Stefano Modena
137,Nelson,Piquet,359,1989,11,0.0,Nelson Piquet
157,Christian,Danner,359,1989,12,0.0,Christian Danner
133,Alex,Caffi,359,1989,13,0.0,Alex Caffi
163,René,Arnoux,359,1989,14,0.0,René Arnoux
65,Johnny,Herbert,359,1989,15,0.0,Johnny Herbert
117,Alain,Prost,360,1989,1,9.0,Alain Prost
119,Riccardo,Patrese,360,1989,2,6.0,Riccardo Patrese
158,Eddie,Cheever,360,1989,3,4.0,Eddie Cheever
157,Christian,Danner,360,1989,4,3.0,Christian Danner
65,Johnny,Herbert,360,1989,5,2.0,Johnny Herbert
123,Thierry,Boutsen,360,1989,6,1.0,Thierry Boutsen
99,Gabriele,Tarquini,360,1989,7,0.0,Gabriele Tarquini
110,Andrea,de Cesaris,360,1989,8,0.0,Andrea de Cesaris
156,Jonathan,Palmer,360,1989,9,0.0,Jonathan Palmer
123,Thierry,Boutsen,361,1989,1,9.0,Thierry Boutsen
119,Riccardo,Patrese,361,1989,2,6.0,Riccardo Patrese
110,Andrea,de Cesaris,361,1989,3,4.0,Andrea de Cesaris
137,Nelson,Piquet,361,1989,4,3.0,Nelson Piquet
163,René,Arnoux,361,1989,5,2.0,René Arnoux
133,Alex,Caffi,361,1989,6,1.0,Alex Caffi
102,Ayrton,Senna,361,1989,7,0.0,Ayrton Senna
157,Christian,Danner,361,1989,8,0.0,Christian Danner
117,Alain,Prost,362,1989,1,9.0,Alain Prost
95,Nigel,Mansell,362,1989,2,6.0,Nigel Mansell
119,Riccardo,Patrese,362,1989,3,4.0,Riccardo Patrese
55,Jean,Alesi,362,1989,4,3.0,Jean Alesi
140,Stefan,Johansson,362,1989,5,2.0,Stefan Johansson
129,Olivier,Grouillard,362,1989,6,1.0,Olivier Grouillard
158,Eddie,Cheever,362,1989,7,0.0,Eddie Cheever
137,Nelson,Piquet,362,1989,8,0.0,Nelson Piquet
139,Emanuele,Pirro,362,1989,9,0.0,Emanuele Pirro
156,Jonathan,Palmer,362,1989,10,0.0,Jonathan Palmer
103,Éric,Bernard,362,1989,11,0.0,Éric Bernard
151,Martin,Donnelly,362,1989,12,0.0,Martin Donnelly
92,Bertrand,Gachot,362,1989,13,0.0,Bertrand Gachot
117,Alain,Prost,363,1989,1,9.0,Alain Prost
95,Nigel,Mansell,363,1989,2,6.0,Nigel Mansell
145,Alessandro,Nannini,363,1989,3,4.0,Alessandro Nannini
137,Nelson,Piquet,363,1989,4,3.0,Nelson Piquet
94,Pierluigi,Martini,363,1989,5,2.0,Pierluigi Martini
159,Luis,Pérez-Sala,363,1989,6,1.0,Luis Pérez-Sala
129,Olivier,Grouillard,363,1989,7,0.0,Olivier Grouillard
138,Satoru,Nakajima,363,1989,8,0.0,Satoru Nakajima
118,Derek,Warwick,363,1989,9,0.0,Derek Warwick
123,Thierry,Boutsen,363,1989,10,0.0,Thierry Boutsen
139,Emanuele,Pirro,363,1989,11,0.0,Emanuele Pirro
92,Bertrand,Gachot,363,1989,12,0.0,Bertrand Gachot
102,Ayrton,Senna,364,1989,1,9.0,Ayrton Senna
117,Alain,Prost,364,1989,2,6.0,Alain Prost
95,Nigel,Mansell,364,1989,3,4.0,Nigel Mansell
119,Riccardo,Patrese,364,1989,4,3.0,Riccardo Patrese
137,Nelson,Piquet,364,1989,5,2.0,Nelson Piquet
118,Derek,Warwick,364,1989,6,1.0,Derek Warwick
110,Andrea,de Cesaris,364,1989,7,0.0,Andrea de Cesaris
84,Martin,Brundle,364,1989,8,0.0,Martin Brundle
94,Pierluigi,Martini,364,1989,9,0.0,Pierluigi Martini
55,Jean,Alesi,364,1989,10,0.0,Jean Alesi
163,René,Arnoux,364,1989,11,0.0,René Arnoux
158,Eddie,Cheever,364,1989,12,0.0,Eddie Cheever
95,Nigel,Mansell,365,1989,1,9.0,Nigel Mansell
102,Ayrton,Senna,365,1989,2,6.0,Ayrton Senna
123,Thierry,Boutsen,365,1989,3,4.0,Thierry Boutsen
117,Alain,Prost,365,1989,4,3.0,Alain Prost
158,Eddie,Cheever,365,1989,5,2.0,Eddie Cheever
137,Nelson,Piquet,365,1989,6,1.0,Nelson Piquet
133,Alex,Caffi,365,1989,7,0.0,Alex Caffi
139,Emanuele,Pirro,365,1989,8,0.0,Emanuele Pirro
55,Jean,Alesi,365,1989,9,0.0,Jean Alesi
118,Derek,Warwick,365,1989,10,0.0,Derek Warwick
131,Stefano,Modena,365,1989,11,0.0,Stefano Modena
84,Martin,Brundle,365,1989,12,0.0,Martin Brundle
156,Jonathan,Palmer,365,1989,13,0.0,Jonathan Palmer
102,Ayrton,Senna,366,1989,1,9.0,Ayrton Senna
117,Alain,Prost,366,1989,2,6.0,Alain Prost
95,Nigel,Mansell,366,1989,3,4.0,Nigel Mansell
123,Thierry,Boutsen,366,1989,4,3.0,Thierry Boutsen
145,Alessandro,Nannini,366,1989,5,2.0,Alessandro Nannini
118,Derek,Warwick,366,1989,6,1.0,Derek Warwick
127,Maurício,Gugelmin,366,1989,7,0.0,Maurício Gugelmin
140,Stefan,Johansson,366,1989,8,0.0,Stefan Johansson
94,Pierluigi,Martini,366,1989,9,0.0,Pierluigi Martini
139,Emanuele,Pirro,366,1989,10,0.0,Emanuele Pirro
110,Andrea,de Cesaris,366,1989,11,0.0,Andrea de Cesaris
122,Ivan,Capelli,366,1989,12,0.0,Ivan Capelli
129,Olivier,Grouillard,366,1989,13,0.0,Olivier Grouillard
156,Jonathan,Palmer,366,1989,14,0.0,Jonathan Palmer
159,Luis,Pérez-Sala,366,1989,15,0.0,Luis Pérez-Sala
112,Philippe,Alliot,366,1989,16,0.0,Philippe Alliot
117,Alain,Prost,367,1989,1,9.0,Alain Prost
77,Gerhard,Berger,367,1989,2,6.0,Gerhard Berger
123,Thierry,Boutsen,367,1989,3,4.0,Thierry Boutsen
119,Riccardo,Patrese,367,1989,4,3.0,Riccardo Patrese
55,Jean,Alesi,367,1989,5,2.0,Jean Alesi
84,Martin,Brundle,367,1989,6,1.0,Martin Brundle
94,Pierluigi,Martini,367,1989,7,0.0,Pierluigi Martini
159,Luis,Pérez-Sala,367,1989,8,0.0,Luis Pérez-Sala
163,René,Arnoux,367,1989,9,0.0,René Arnoux
138,Satoru,Nakajima,367,1989,10,0.0,Satoru Nakajima
133,Alex,Caffi,367,1989,11,0.0,Alex Caffi
77,Gerhard,Berger,368,1989,1,9.0,Gerhard Berger
117,Alain,Prost,368,1989,2,6.0,Alain Prost
140,Stefan,Johansson,368,1989,3,4.0,Stefan Johansson
145,Alessandro,Nannini,368,1989,4,3.0,Alessandro Nannini
94,Pierluigi,Martini,368,1989,5,2.0,Pierluigi Martini
156,Jonathan,Palmer,368,1989,6,1.0,Jonathan Palmer
138,Satoru,Nakajima,368,1989,7,0.0,Satoru Nakajima
84,Martin,Brundle,368,1989,8,0.0,Martin Brundle
112,Philippe,Alliot,368,1989,9,0.0,Philippe Alliot
127,Maurício,Gugelmin,368,1989,10,0.0,Maurício Gugelmin
105,Michele,Alboreto,368,1989,11,0.0,Michele Alboreto
159,Luis,Pérez-Sala,368,1989,12,0.0,Luis Pérez-Sala
163,René,Arnoux,368,1989,13,0.0,René Arnoux
131,Stefano,Modena,368,1989,14,0.0,Stefano Modena
102,Ayrton,Senna,369,1989,1,9.0,Ayrton Senna
77,Gerhard,Berger,369,1989,2,6.0,Gerhard Berger
117,Alain,Prost,369,1989,3,4.0,Alain Prost
55,Jean,Alesi,369,1989,4,3.0,Jean Alesi
119,Riccardo,Patrese,369,1989,5,2.0,Riccardo Patrese
112,Philippe,Alliot,369,1989,6,1.0,Philippe Alliot
110,Andrea,de Cesaris,369,1989,7,0.0,Andrea de Cesaris
137,Nelson,Piquet,369,1989,8,0.0,Nelson Piquet
118,Derek,Warwick,369,1989,9,0.0,Derek Warwick
156,Jonathan,Palmer,369,1989,10,0.0,Jonathan Palmer
145,Alessandro,Nannini,370,1989,1,9.0,Alessandro Nannini
119,Riccardo,Patrese,370,1989,2,6.0,Riccardo Patrese
123,Thierry,Boutsen,370,1989,3,4.0,Thierry Boutsen
137,Nelson,Piquet,370,1989,4,3.0,Nelson Piquet
84,Martin,Brundle,370,1989,5,2.0,Martin Brundle
118,Derek,Warwick,370,1989,6,1.0,Derek Warwick
127,Maurício,Gugelmin,370,1989,7,0.0,Maurício Gugelmin
158,Eddie,Cheever,370,1989,8,0.0,Eddie Cheever
133,Alex,Caffi,370,1989,9,0.0,Alex Caffi
110,Andrea,de Cesaris,370,1989,10,0.0,Andrea de Cesaris
123,Thierry,Boutsen,371,1989,1,9.0,Thierry Boutsen
145,Alessandro,Nannini,371,1989,2,6.0,Alessandro Nannini
119,Riccardo,Patrese,371,1989,3,4.0,Riccardo Patrese
138,Satoru,Nakajima,371,1989,4,3.0,Satoru Nakajima
139,Emanuele,Pirro,371,1989,5,2.0,Emanuele Pirro
94,Pierluigi,Martini,371,1989,6,1.0,Pierluigi Martini
127,Maurício,Gugelmin,371,1989,7,0.0,Maurício Gugelmin
131,Stefano,Modena,371,1989,8,0.0,Stefano Modena
117,Alain,Prost,372,1988,1,9.0,Alain Prost
77,Gerhard,Berger,372,1988,2,6.0,Gerhard Berger
137,Nelson,Piquet,372,1988,3,4.0,Nelson Piquet
118,Derek,Warwick,372,1988,4,3.0,Derek Warwick
105,Michele,Alboreto,372,1988,5,2.0,Michele Alboreto
138,Satoru,Nakajima,372,1988,6,1.0,Satoru Nakajima
123,Thierry,Boutsen,372,1988,7,0.0,Thierry Boutsen
158,Eddie,Cheever,372,1988,8,0.0,Eddie Cheever
140,Stefan,Johansson,372,1988,9,0.0,Stefan Johansson
102,Ayrton,Senna,373,1988,1,9.0,Ayrton Senna
117,Alain,Prost,373,1988,2,6.0,Alain Prost
137,Nelson,Piquet,373,1988,3,4.0,Nelson Piquet
123,Thierry,Boutsen,373,1988,4,3.0,Thierry Boutsen
77,Gerhard,Berger,373,1988,5,2.0,Gerhard Berger
145,Alessandro,Nannini,373,1988,6,1.0,Alessandro Nannini
158,Eddie,Cheever,373,1988,7,0.0,Eddie Cheever
138,Satoru,Nakajima,373,1988,8,0.0,Satoru Nakajima
118,Derek,Warwick,373,1988,9,0.0,Derek Warwick
166,Philippe,Streiff,373,1988,10,0.0,Philippe Streiff
159,Luis,Pérez-Sala,373,1988,11,0.0,Luis Pérez-Sala
114,Yannick,Dalmas,373,1988,12,0.0,Yannick Dalmas
119,Riccardo,Patrese,373,1988,13,0.0,Riccardo Patrese
156,Jonathan,Palmer,373,1988,14,0.0,Jonathan Palmer
127,Maurício,Gugelmin,373,1988,15,0.0,Maurício Gugelmin
167,Adrián,Campos,373,1988,16,0.0,Adrián Campos
112,Philippe,Alliot,373,1988,17,0.0,Philippe Alliot
105,Michele,Alboreto,373,1988,18,0.0,Michele Alboreto
117,Alain,Prost,374,1988,1,9.0,Alain Prost
77,Gerhard,Berger,374,1988,2,6.0,Gerhard Berger
105,Michele,Alboreto,374,1988,3,4.0,Michele Alboreto
118,Derek,Warwick,374,1988,4,3.0,Derek Warwick
156,Jonathan,Palmer,374,1988,5,2.0,Jonathan Palmer
119,Riccardo,Patrese,374,1988,6,1.0,Riccardo Patrese
114,Yannick,Dalmas,374,1988,7,0.0,Yannick Dalmas
123,Thierry,Boutsen,374,1988,8,0.0,Thierry Boutsen
78,Nicola,Larini,374,1988,9,0.0,Nicola Larini
122,Ivan,Capelli,374,1988,10,0.0,Ivan Capelli
117,Alain,Prost,375,1988,1,9.0,Alain Prost
102,Ayrton,Senna,375,1988,2,6.0,Ayrton Senna
77,Gerhard,Berger,375,1988,3,4.0,Gerhard Berger
105,Michele,Alboreto,375,1988,4,3.0,Michele Alboreto
118,Derek,Warwick,375,1988,5,2.0,Derek Warwick
158,Eddie,Cheever,375,1988,6,1.0,Eddie Cheever
145,Alessandro,Nannini,375,1988,7,0.0,Alessandro Nannini
123,Thierry,Boutsen,375,1988,8,0.0,Thierry Boutsen
114,Yannick,Dalmas,375,1988,9,0.0,Yannick Dalmas
140,Stefan,Johansson,375,1988,10,0.0,Stefan Johansson
159,Luis,Pérez-Sala,375,1988,11,0.0,Luis Pérez-Sala
166,Philippe,Streiff,375,1988,12,0.0,Philippe Streiff
165,Oscar,Larrauri,375,1988,13,0.0,Oscar Larrauri
99,Gabriele,Tarquini,375,1988,14,0.0,Gabriele Tarquini
160,Piercarlo,Ghinzani,375,1988,15,0.0,Piercarlo Ghinzani
122,Ivan,Capelli,375,1988,16,0.0,Ivan Capelli
102,Ayrton,Senna,376,1988,1,9.0,Ayrton Senna
117,Alain,Prost,376,1988,2,6.0,Alain Prost
123,Thierry,Boutsen,376,1988,3,4.0,Thierry Boutsen
137,Nelson,Piquet,376,1988,4,3.0,Nelson Piquet
122,Ivan,Capelli,376,1988,5,2.0,Ivan Capelli
156,Jonathan,Palmer,376,1988,6,1.0,Jonathan Palmer
118,Derek,Warwick,376,1988,7,0.0,Derek Warwick
99,Gabriele,Tarquini,376,1988,8,0.0,Gabriele Tarquini
110,Andrea,de Cesaris,376,1988,9,0.0,Andrea de Cesaris
112,Philippe,Alliot,376,1988,10,0.0,Philippe Alliot
138,Satoru,Nakajima,376,1988,11,0.0,Satoru Nakajima
131,Stefano,Modena,376,1988,12,0.0,Stefano Modena
159,Luis,Pérez-Sala,376,1988,13,0.0,Luis Pérez-Sala
160,Piercarlo,Ghinzani,376,1988,14,0.0,Piercarlo Ghinzani
102,Ayrton,Senna,377,1988,1,9.0,Ayrton Senna
117,Alain,Prost,377,1988,2,6.0,Alain Prost
123,Thierry,Boutsen,377,1988,3,4.0,Thierry Boutsen
110,Andrea,de Cesaris,377,1988,4,3.0,Andrea de Cesaris
156,Jonathan,Palmer,377,1988,5,2.0,Jonathan Palmer
94,Pierluigi,Martini,377,1988,6,1.0,Pierluigi Martini
114,Yannick,Dalmas,377,1988,7,0.0,Yannick Dalmas
133,Alex,Caffi,377,1988,8,0.0,Alex Caffi
141,Julian,Bailey,377,1988,9,0.0,Julian Bailey
117,Alain,Prost,378,1988,1,9.0,Alain Prost
102,Ayrton,Senna,378,1988,2,6.0,Ayrton Senna
105,Michele,Alboreto,378,1988,3,4.0,Michele Alboreto
77,Gerhard,Berger,378,1988,4,3.0,Gerhard Berger
137,Nelson,Piquet,378,1988,5,2.0,Nelson Piquet
145,Alessandro,Nannini,378,1988,6,1.0,Alessandro Nannini
138,Satoru,Nakajima,378,1988,7,0.0,Satoru Nakajima
127,Maurício,Gugelmin,378,1988,8,0.0,Maurício Gugelmin
122,Ivan,Capelli,378,1988,9,0.0,Ivan Capelli
110,Andrea,de Cesaris,378,1988,10,0.0,Andrea de Cesaris
158,Eddie,Cheever,378,1988,11,0.0,Eddie Cheever
133,Alex,Caffi,378,1988,12,0.0,Alex Caffi
114,Yannick,Dalmas,378,1988,13,0.0,Yannick Dalmas
131,Stefano,Modena,378,1988,14,0.0,Stefano Modena
94,Pierluigi,Martini,378,1988,15,0.0,Pierluigi Martini
102,Ayrton,Senna,379,1988,1,9.0,Ayrton Senna
95,Nigel,Mansell,379,1988,2,6.0,Nigel Mansell
145,Alessandro,Nannini,379,1988,3,4.0,Alessandro Nannini
127,Maurício,Gugelmin,379,1988,4,3.0,Maurício Gugelmin
137,Nelson,Piquet,379,1988,5,2.0,Nelson Piquet
118,Derek,Warwick,379,1988,6,1.0,Derek Warwick
158,Eddie,Cheever,379,1988,7,0.0,Eddie Cheever
119,Riccardo,Patrese,379,1988,8,0.0,Riccardo Patrese
77,Gerhard,Berger,379,1988,9,0.0,Gerhard Berger
138,Satoru,Nakajima,379,1988,10,0.0,Satoru Nakajima
133,Alex,Caffi,379,1988,11,0.0,Alex Caffi
131,Stefano,Modena,379,1988,12,0.0,Stefano Modena
114,Yannick,Dalmas,379,1988,13,0.0,Yannick Dalmas
112,Philippe,Alliot,379,1988,14,0.0,Philippe Alliot
94,Pierluigi,Martini,379,1988,15,0.0,Pierluigi Martini
141,Julian,Bailey,379,1988,16,0.0,Julian Bailey
105,Michele,Alboreto,379,1988,17,0.0,Michele Alboreto
163,René,Arnoux,379,1988,18,0.0,René Arnoux
78,Nicola,Larini,379,1988,19,0.0,Nicola Larini
102,Ayrton,Senna,380,1988,1,9.0,Ayrton Senna
117,Alain,Prost,380,1988,2,6.0,Alain Prost
77,Gerhard,Berger,380,1988,3,4.0,Gerhard Berger
105,Michele,Alboreto,380,1988,4,3.0,Michele Alboreto
122,Ivan,Capelli,380,1988,5,2.0,Ivan Capelli
123,Thierry,Boutsen,380,1988,6,1.0,Thierry Boutsen
118,Derek,Warwick,380,1988,7,0.0,Derek Warwick
127,Maurício,Gugelmin,380,1988,8,0.0,Maurício Gugelmin
138,Satoru,Nakajima,380,1988,9,0.0,Satoru Nakajima
158,Eddie,Cheever,380,1988,10,0.0,Eddie Cheever
156,Jonathan,Palmer,380,1988,11,0.0,Jonathan Palmer
146,Bernd,Schneider,380,1988,12,0.0,Bernd Schneider
110,Andrea,de Cesaris,380,1988,13,0.0,Andrea de Cesaris
160,Piercarlo,Ghinzani,380,1988,14,0.0,Piercarlo Ghinzani
133,Alex,Caffi,380,1988,15,0.0,Alex Caffi
165,Oscar,Larrauri,380,1988,16,0.0,Oscar Larrauri
163,René,Arnoux,380,1988,17,0.0,René Arnoux
145,Alessandro,Nannini,380,1988,18,0.0,Alessandro Nannini
114,Yannick,Dalmas,380,1988,19,0.0,Yannick Dalmas
102,Ayrton,Senna,381,1988,1,9.0,Ayrton Senna
117,Alain,Prost,381,1988,2,6.0,Alain Prost
123,Thierry,Boutsen,381,1988,3,4.0,Thierry Boutsen
77,Gerhard,Berger,381,1988,4,3.0,Gerhard Berger
127,Maurício,Gugelmin,381,1988,5,2.0,Maurício Gugelmin
119,Riccardo,Patrese,381,1988,6,1.0,Riccardo Patrese
138,Satoru,Nakajima,381,1988,7,0.0,Satoru Nakajima
137,Nelson,Piquet,381,1988,8,0.0,Nelson Piquet
114,Yannick,Dalmas,381,1988,9,0.0,Yannick Dalmas
159,Luis,Pérez-Sala,381,1988,10,0.0,Luis Pérez-Sala
131,Stefano,Modena,381,1988,11,0.0,Stefano Modena
112,Philippe,Alliot,381,1988,12,0.0,Philippe Alliot
99,Gabriele,Tarquini,381,1988,13,0.0,Gabriele Tarquini
102,Ayrton,Senna,382,1988,1,9.0,Ayrton Senna
117,Alain,Prost,382,1988,2,6.0,Alain Prost
122,Ivan,Capelli,382,1988,3,4.0,Ivan Capelli
137,Nelson,Piquet,382,1988,4,3.0,Nelson Piquet
118,Derek,Warwick,382,1988,5,2.0,Derek Warwick
158,Eddie,Cheever,382,1988,6,1.0,Eddie Cheever
84,Martin,Brundle,382,1988,7,0.0,Martin Brundle
133,Alex,Caffi,382,1988,8,0.0,Alex Caffi
112,Philippe,Alliot,382,1988,9,0.0,Philippe Alliot
166,Philippe,Streiff,382,1988,10,0.0,Philippe Streiff
140,Stefan,Johansson,382,1988,11,0.0,Stefan Johansson
156,Jonathan,Palmer,382,1988,12,0.0,Jonathan Palmer
146,Bernd,Schneider,382,1988,13,0.0,Bernd Schneider
77,Gerhard,Berger,383,1988,1,9.0,Gerhard Berger
105,Michele,Alboreto,383,1988,2,6.0,Michele Alboreto
158,Eddie,Cheever,383,1988,3,4.0,Eddie Cheever
118,Derek,Warwick,383,1988,4,3.0,Derek Warwick
122,Ivan,Capelli,383,1988,5,2.0,Ivan Capelli
123,Thierry,Boutsen,383,1988,6,1.0,Thierry Boutsen
119,Riccardo,Patrese,383,1988,7,0.0,Riccardo Patrese
127,Maurício,Gugelmin,383,1988,8,0.0,Maurício Gugelmin
145,Alessandro,Nannini,383,1988,9,0.0,Alessandro Nannini
102,Ayrton,Senna,383,1988,10,0.0,Ayrton Senna
168,Jean-Louis,Schlesser,383,1988,11,0.0,Jean-Louis Schlesser
141,Julian,Bailey,383,1988,12,0.0,Julian Bailey
163,René,Arnoux,383,1988,13,0.0,René Arnoux
117,Alain,Prost,384,1988,1,9.0,Alain Prost
122,Ivan,Capelli,384,1988,2,6.0,Ivan Capelli
123,Thierry,Boutsen,384,1988,3,4.0,Thierry Boutsen
118,Derek,Warwick,384,1988,4,3.0,Derek Warwick
105,Michele,Alboreto,384,1988,5,2.0,Michele Alboreto
102,Ayrton,Senna,384,1988,6,1.0,Ayrton Senna
133,Alex,Caffi,384,1988,7,0.0,Alex Caffi
159,Luis,Pérez-Sala,384,1988,8,0.0,Luis Pérez-Sala
166,Philippe,Streiff,384,1988,9,0.0,Philippe Streiff
163,René,Arnoux,384,1988,10,0.0,René Arnoux
99,Gabriele,Tarquini,384,1988,11,0.0,Gabriele Tarquini
78,Nicola,Larini,384,1988,12,0.0,Nicola Larini
117,Alain,Prost,385,1988,1,9.0,Alain Prost
95,Nigel,Mansell,385,1988,2,6.0,Nigel Mansell
145,Alessandro,Nannini,385,1988,3,4.0,Alessandro Nannini
102,Ayrton,Senna,385,1988,4,3.0,Ayrton Senna
119,Riccardo,Patrese,385,1988,5,2.0,Riccardo Patrese
77,Gerhard,Berger,385,1988,6,1.0,Gerhard Berger
127,Maurício,Gugelmin,385,1988,7,0.0,Maurício Gugelmin
137,Nelson,Piquet,385,1988,8,0.0,Nelson Piquet
123,Thierry,Boutsen,385,1988,9,0.0,Thierry Boutsen
133,Alex,Caffi,385,1988,10,0.0,Alex Caffi
114,Yannick,Dalmas,385,1988,11,0.0,Yannick Dalmas
159,Luis,Pérez-Sala,385,1988,12,0.0,Luis Pérez-Sala
131,Stefano,Modena,385,1988,13,0.0,Stefano Modena
112,Philippe,Alliot,385,1988,14,0.0,Philippe Alliot
102,Ayrton,Senna,386,1988,1,9.0,Ayrton Senna
117,Alain,Prost,386,1988,2,6.0,Alain Prost
123,Thierry,Boutsen,386,1988,3,4.0,Thierry Boutsen
77,Gerhard,Berger,386,1988,4,3.0,Gerhard Berger
145,Alessandro,Nannini,386,1988,5,2.0,Alessandro Nannini
119,Riccardo,Patrese,386,1988,6,1.0,Riccardo Patrese
138,Satoru,Nakajima,386,1988,7,0.0,Satoru Nakajima
166,Philippe,Streiff,386,1988,8,0.0,Philippe Streiff
112,Philippe,Alliot,386,1988,9,0.0,Philippe Alliot
127,Maurício,Gugelmin,386,1988,10,0.0,Maurício Gugelmin
105,Michele,Alboreto,386,1988,11,0.0,Michele Alboreto
156,Jonathan,Palmer,386,1988,12,0.0,Jonathan Palmer
94,Pierluigi,Martini,386,1988,13,0.0,Pierluigi Martini
141,Julian,Bailey,386,1988,14,0.0,Julian Bailey
159,Luis,Pérez-Sala,386,1988,15,0.0,Luis Pérez-Sala
88,Aguri,Suzuki,386,1988,16,0.0,Aguri Suzuki
163,René,Arnoux,386,1988,17,0.0,René Arnoux
117,Alain,Prost,387,1988,1,9.0,Alain Prost
102,Ayrton,Senna,387,1988,2,6.0,Ayrton Senna
137,Nelson,Piquet,387,1988,3,4.0,Nelson Piquet
119,Riccardo,Patrese,387,1988,4,3.0,Riccardo Patrese
123,Thierry,Boutsen,387,1988,5,2.0,Thierry Boutsen
122,Ivan,Capelli,387,1988,6,1.0,Ivan Capelli
94,Pierluigi,Martini,387,1988,7,0.0,Pierluigi Martini
110,Andrea,de Cesaris,387,1988,8,0.0,Andrea de Cesaris
140,Stefan,Johansson,387,1988,9,0.0,Stefan Johansson
112,Philippe,Alliot,387,1988,10,0.0,Philippe Alliot
166,Philippe,Streiff,387,1988,11,0.0,Philippe Streiff
117,Alain,Prost,388,1987,1,9.0,Alain Prost
137,Nelson,Piquet,388,1987,2,6.0,Nelson Piquet
140,Stefan,Johansson,388,1987,3,4.0,Stefan Johansson
77,Gerhard,Berger,388,1987,4,3.0,Gerhard Berger
123,Thierry,Boutsen,388,1987,5,2.0,Thierry Boutsen
95,Nigel,Mansell,388,1987,6,1.0,Nigel Mansell
138,Satoru,Nakajima,388,1987,7,0.0,Satoru Nakajima
105,Michele,Alboreto,388,1987,8,0.0,Michele Alboreto
157,Christian,Danner,388,1987,9,0.0,Christian Danner
156,Jonathan,Palmer,388,1987,10,0.0,Jonathan Palmer
166,Philippe,Streiff,388,1987,11,0.0,Philippe Streiff
169,Pascal,Fabre,388,1987,12,0.0,Pascal Fabre
95,Nigel,Mansell,389,1987,1,9.0,Nigel Mansell
102,Ayrton,Senna,389,1987,2,6.0,Ayrton Senna
105,Michele,Alboreto,389,1987,3,4.0,Michele Alboreto
140,Stefan,Johansson,389,1987,4,3.0,Stefan Johansson
84,Martin,Brundle,389,1987,5,2.0,Martin Brundle
138,Satoru,Nakajima,389,1987,6,1.0,Satoru Nakajima
157,Christian,Danner,389,1987,7,0.0,Christian Danner
166,Philippe,Streiff,389,1987,8,0.0,Philippe Streiff
119,Riccardo,Patrese,389,1987,9,0.0,Riccardo Patrese
112,Philippe,Alliot,389,1987,10,0.0,Philippe Alliot
118,Derek,Warwick,389,1987,11,0.0,Derek Warwick
133,Alex,Caffi,389,1987,12,0.0,Alex Caffi
169,Pascal,Fabre,389,1987,13,0.0,Pascal Fabre
117,Alain,Prost,390,1987,1,9.0,Alain Prost
140,Stefan,Johansson,390,1987,2,6.0,Stefan Johansson
110,Andrea,de Cesaris,390,1987,3,4.0,Andrea de Cesaris
158,Eddie,Cheever,390,1987,4,3.0,Eddie Cheever
138,Satoru,Nakajima,390,1987,5,2.0,Satoru Nakajima
163,René,Arnoux,390,1987,6,1.0,René Arnoux
160,Piercarlo,Ghinzani,390,1987,7,0.0,Piercarlo Ghinzani
112,Philippe,Alliot,390,1987,8,0.0,Philippe Alliot
166,Philippe,Streiff,390,1987,9,0.0,Philippe Streiff
169,Pascal,Fabre,390,1987,10,0.0,Pascal Fabre
102,Ayrton,Senna,391,1987,1,9.0,Ayrton Senna
137,Nelson,Piquet,391,1987,2,6.0,Nelson Piquet
105,Michele,Alboreto,391,1987,3,4.0,Michele Alboreto
77,Gerhard,Berger,391,1987,4,3.0,Gerhard Berger
156,Jonathan,Palmer,391,1987,5,2.0,Jonathan Palmer
122,Ivan,Capelli,391,1987,6,1.0,Ivan Capelli
84,Martin,Brundle,391,1987,7,0.0,Martin Brundle
170,Teo,Fabi,391,1987,8,0.0,Teo Fabi
117,Alain,Prost,391,1987,9,0.0,Alain Prost
138,Satoru,Nakajima,391,1987,10,0.0,Satoru Nakajima
163,René,Arnoux,391,1987,11,0.0,René Arnoux
160,Piercarlo,Ghinzani,391,1987,12,0.0,Piercarlo Ghinzani
169,Pascal,Fabre,391,1987,13,0.0,Pascal Fabre
102,Ayrton,Senna,392,1987,1,9.0,Ayrton Senna
137,Nelson,Piquet,392,1987,2,6.0,Nelson Piquet
117,Alain,Prost,392,1987,3,4.0,Alain Prost
77,Gerhard,Berger,392,1987,4,3.0,Gerhard Berger
95,Nigel,Mansell,392,1987,5,2.0,Nigel Mansell
158,Eddie,Cheever,392,1987,6,1.0,Eddie Cheever
140,Stefan,Johansson,392,1987,7,0.0,Stefan Johansson
157,Christian,Danner,392,1987,8,0.0,Christian Danner
119,Riccardo,Patrese,392,1987,9,0.0,Riccardo Patrese
163,René,Arnoux,392,1987,10,0.0,René Arnoux
156,Jonathan,Palmer,392,1987,11,0.0,Jonathan Palmer
169,Pascal,Fabre,392,1987,12,0.0,Pascal Fabre
95,Nigel,Mansell,393,1987,1,9.0,Nigel Mansell
137,Nelson,Piquet,393,1987,2,6.0,Nelson Piquet
117,Alain,Prost,393,1987,3,4.0,Alain Prost
102,Ayrton,Senna,393,1987,4,3.0,Ayrton Senna
170,Teo,Fabi,393,1987,5,2.0,Teo Fabi
166,Philippe,Streiff,393,1987,6,1.0,Philippe Streiff
156,Jonathan,Palmer,393,1987,7,0.0,Jonathan Palmer
140,Stefan,Johansson,393,1987,8,0.0,Stefan Johansson
169,Pascal,Fabre,393,1987,9,0.0,Pascal Fabre
95,Nigel,Mansell,394,1987,1,9.0,Nigel Mansell
137,Nelson,Piquet,394,1987,2,6.0,Nelson Piquet
102,Ayrton,Senna,394,1987,3,4.0,Ayrton Senna
138,Satoru,Nakajima,394,1987,4,3.0,Satoru Nakajima
118,Derek,Warwick,394,1987,5,2.0,Derek Warwick
170,Teo,Fabi,394,1987,6,1.0,Teo Fabi
123,Thierry,Boutsen,394,1987,7,0.0,Thierry Boutsen
156,Jonathan,Palmer,394,1987,8,0.0,Jonathan Palmer
169,Pascal,Fabre,394,1987,9,0.0,Pascal Fabre
137,Nelson,Piquet,395,1987,1,9.0,Nelson Piquet
140,Stefan,Johansson,395,1987,2,6.0,Stefan Johansson
102,Ayrton,Senna,395,1987,3,4.0,Ayrton Senna
166,Philippe,Streiff,395,1987,4,3.0,Philippe Streiff
156,Jonathan,Palmer,395,1987,5,2.0,Jonathan Palmer
112,Philippe,Alliot,395,1987,6,1.0,Philippe Alliot
117,Alain,Prost,395,1987,7,0.0,Alain Prost
137,Nelson,Piquet,396,1987,1,9.0,Nelson Piquet
102,Ayrton,Senna,396,1987,2,6.0,Ayrton Senna
117,Alain,Prost,396,1987,3,4.0,Alain Prost
123,Thierry,Boutsen,396,1987,4,3.0,Thierry Boutsen
119,Riccardo,Patrese,396,1987,5,2.0,Riccardo Patrese
118,Derek,Warwick,396,1987,6,1.0,Derek Warwick
156,Jonathan,Palmer,396,1987,7,0.0,Jonathan Palmer
158,Eddie,Cheever,396,1987,8,0.0,Eddie Cheever
166,Philippe,Streiff,396,1987,9,0.0,Philippe Streiff
122,Ivan,Capelli,396,1987,10,0.0,Ivan Capelli
145,Alessandro,Nannini,396,1987,11,0.0,Alessandro Nannini
160,Piercarlo,Ghinzani,396,1987,12,0.0,Piercarlo Ghinzani
169,Pascal,Fabre,396,1987,13,0.0,Pascal Fabre
95,Nigel,Mansell,396,1987,14,0.0,Nigel Mansell
95,Nigel,Mansell,397,1987,1,9.0,Nigel Mansell
137,Nelson,Piquet,397,1987,2,6.0,Nelson Piquet
170,Teo,Fabi,397,1987,3,4.0,Teo Fabi
123,Thierry,Boutsen,397,1987,4,3.0,Thierry Boutsen
102,Ayrton,Senna,397,1987,5,2.0,Ayrton Senna
117,Alain,Prost,397,1987,6,1.0,Alain Prost
140,Stefan,Johansson,397,1987,7,0.0,Stefan Johansson
160,Piercarlo,Ghinzani,397,1987,8,0.0,Piercarlo Ghinzani
157,Christian,Danner,397,1987,9,0.0,Christian Danner
163,René,Arnoux,397,1987,10,0.0,René Arnoux
122,Ivan,Capelli,397,1987,11,0.0,Ivan Capelli
112,Philippe,Alliot,397,1987,12,0.0,Philippe Alliot
138,Satoru,Nakajima,397,1987,13,0.0,Satoru Nakajima
156,Jonathan,Palmer,397,1987,14,0.0,Jonathan Palmer
137,Nelson,Piquet,398,1987,1,9.0,Nelson Piquet
102,Ayrton,Senna,398,1987,2,6.0,Ayrton Senna
95,Nigel,Mansell,398,1987,3,4.0,Nigel Mansell
77,Gerhard,Berger,398,1987,4,3.0,Gerhard Berger
123,Thierry,Boutsen,398,1987,5,2.0,Thierry Boutsen
140,Stefan,Johansson,398,1987,6,1.0,Stefan Johansson
170,Teo,Fabi,398,1987,7,0.0,Teo Fabi
160,Piercarlo,Ghinzani,398,1987,8,0.0,Piercarlo Ghinzani
157,Christian,Danner,398,1987,9,0.0,Christian Danner
163,René,Arnoux,398,1987,10,0.0,René Arnoux
138,Satoru,Nakajima,398,1987,11,0.0,Satoru Nakajima
166,Philippe,Streiff,398,1987,12,0.0,Philippe Streiff
122,Ivan,Capelli,398,1987,13,0.0,Ivan Capelli
156,Jonathan,Palmer,398,1987,14,0.0,Jonathan Palmer
117,Alain,Prost,398,1987,15,0.0,Alain Prost
145,Alessandro,Nannini,398,1987,16,0.0,Alessandro Nannini
117,Alain,Prost,399,1987,1,9.0,Alain Prost
77,Gerhard,Berger,399,1987,2,6.0,Gerhard Berger
137,Nelson,Piquet,399,1987,3,4.0,Nelson Piquet
170,Teo,Fabi,399,1987,4,3.0,Teo Fabi
140,Stefan,Johansson,399,1987,5,2.0,Stefan Johansson
158,Eddie,Cheever,399,1987,6,1.0,Eddie Cheever
102,Ayrton,Senna,399,1987,7,0.0,Ayrton Senna
138,Satoru,Nakajima,399,1987,8,0.0,Satoru Nakajima
122,Ivan,Capelli,399,1987,9,0.0,Ivan Capelli
156,Jonathan,Palmer,399,1987,10,0.0,Jonathan Palmer
145,Alessandro,Nannini,399,1987,11,0.0,Alessandro Nannini
166,Philippe,Streiff,399,1987,12,0.0,Philippe Streiff
118,Derek,Warwick,399,1987,13,0.0,Derek Warwick
123,Thierry,Boutsen,399,1987,14,0.0,Thierry Boutsen
95,Nigel,Mansell,400,1987,1,9.0,Nigel Mansell
117,Alain,Prost,400,1987,2,6.0,Alain Prost
140,Stefan,Johansson,400,1987,3,4.0,Stefan Johansson
137,Nelson,Piquet,400,1987,4,3.0,Nelson Piquet
102,Ayrton,Senna,400,1987,5,2.0,Ayrton Senna
112,Philippe,Alliot,400,1987,6,1.0,Philippe Alliot
166,Philippe,Streiff,400,1987,7,0.0,Philippe Streiff
158,Eddie,Cheever,400,1987,8,0.0,Eddie Cheever
138,Satoru,Nakajima,400,1987,9,0.0,Satoru Nakajima
118,Derek,Warwick,400,1987,10,0.0,Derek Warwick
84,Martin,Brundle,400,1987,11,0.0,Martin Brundle
122,Ivan,Capelli,400,1987,12,0.0,Ivan Capelli
119,Riccardo,Patrese,400,1987,13,0.0,Riccardo Patrese
167,Adrián,Campos,400,1987,14,0.0,Adrián Campos
105,Michele,Alboreto,400,1987,15,0.0,Michele Alboreto
123,Thierry,Boutsen,400,1987,16,0.0,Thierry Boutsen
95,Nigel,Mansell,401,1987,1,9.0,Nigel Mansell
137,Nelson,Piquet,401,1987,2,6.0,Nelson Piquet
119,Riccardo,Patrese,401,1987,3,4.0,Riccardo Patrese
158,Eddie,Cheever,401,1987,4,3.0,Eddie Cheever
170,Teo,Fabi,401,1987,5,2.0,Teo Fabi
112,Philippe,Alliot,401,1987,6,1.0,Philippe Alliot
156,Jonathan,Palmer,401,1987,7,0.0,Jonathan Palmer
166,Philippe,Streiff,401,1987,8,0.0,Philippe Streiff
114,Yannick,Dalmas,401,1987,9,0.0,Yannick Dalmas
77,Gerhard,Berger,402,1987,1,9.0,Gerhard Berger
102,Ayrton,Senna,402,1987,2,6.0,Ayrton Senna
140,Stefan,Johansson,402,1987,3,4.0,Stefan Johansson
105,Michele,Alboreto,402,1987,4,3.0,Michele Alboreto
123,Thierry,Boutsen,402,1987,5,2.0,Thierry Boutsen
138,Satoru,Nakajima,402,1987,6,1.0,Satoru Nakajima
117,Alain,Prost,402,1987,7,0.0,Alain Prost
156,Jonathan,Palmer,402,1987,8,0.0,Jonathan Palmer
158,Eddie,Cheever,402,1987,9,0.0,Eddie Cheever
118,Derek,Warwick,402,1987,10,0.0,Derek Warwick
119,Riccardo,Patrese,402,1987,11,0.0,Riccardo Patrese
166,Philippe,Streiff,402,1987,12,0.0,Philippe Streiff
160,Piercarlo,Ghinzani,402,1987,13,0.0,Piercarlo Ghinzani
114,Yannick,Dalmas,402,1987,14,0.0,Yannick Dalmas
137,Nelson,Piquet,402,1987,15,0.0,Nelson Piquet
77,Gerhard,Berger,403,1987,1,9.0,Gerhard Berger
105,Michele,Alboreto,403,1987,2,6.0,Michele Alboreto
123,Thierry,Boutsen,403,1987,3,4.0,Thierry Boutsen
156,Jonathan,Palmer,403,1987,4,3.0,Jonathan Palmer
114,Yannick,Dalmas,403,1987,5,0.0,Yannick Dalmas
90,Roberto,Moreno,403,1987,6,1.0,Roberto Moreno
157,Christian,Danner,403,1987,7,0.0,Christian Danner
110,Andrea,de Cesaris,403,1987,8,0.0,Andrea de Cesaris
119,Riccardo,Patrese,403,1987,9,0.0,Riccardo Patrese
137,Nelson,Piquet,404,1986,1,9.0,Nelson Piquet
102,Ayrton,Senna,404,1986,2,6.0,Ayrton Senna
172,Jacques,Laffite,404,1986,3,4.0,Jacques Laffite
163,René,Arnoux,404,1986,4,3.0,René Arnoux
84,Martin,Brundle,404,1986,5,2.0,Martin Brundle
77,Gerhard,Berger,404,1986,6,1.0,Gerhard Berger
166,Philippe,Streiff,404,1986,7,0.0,Philippe Streiff
173,Elio,de Angelis,404,1986,8,0.0,Elio de Angelis
174,Johnny,Dumfries,404,1986,9,0.0,Johnny Dumfries
170,Teo,Fabi,404,1986,10,0.0,Teo Fabi
102,Ayrton,Senna,405,1986,1,9.0,Ayrton Senna
95,Nigel,Mansell,405,1986,2,6.0,Nigel Mansell
117,Alain,Prost,405,1986,3,4.0,Alain Prost
177,Keke,Rosberg,405,1986,4,3.0,Keke Rosberg
170,Teo,Fabi,405,1986,5,2.0,Teo Fabi
77,Gerhard,Berger,405,1986,6,1.0,Gerhard Berger
123,Thierry,Boutsen,405,1986,7,0.0,Thierry Boutsen
175,Patrick,Tambay,405,1986,8,0.0,Patrick Tambay
117,Alain,Prost,406,1986,1,9.0,Alain Prost
137,Nelson,Piquet,406,1986,2,6.0,Nelson Piquet
77,Gerhard,Berger,406,1986,3,4.0,Gerhard Berger
140,Stefan,Johansson,406,1986,4,3.0,Stefan Johansson
177,Keke,Rosberg,406,1986,5,2.0,Keke Rosberg
119,Riccardo,Patrese,406,1986,6,1.0,Riccardo Patrese
123,Thierry,Boutsen,406,1986,7,0.0,Thierry Boutsen
84,Martin,Brundle,406,1986,8,0.0,Martin Brundle
176,Marc,Surer,406,1986,9,0.0,Marc Surer
105,Michele,Alboreto,406,1986,10,0.0,Michele Alboreto
117,Alain,Prost,407,1986,1,9.0,Alain Prost
177,Keke,Rosberg,407,1986,2,6.0,Keke Rosberg
102,Ayrton,Senna,407,1986,3,4.0,Ayrton Senna
95,Nigel,Mansell,407,1986,4,3.0,Nigel Mansell
163,René,Arnoux,407,1986,5,2.0,René Arnoux
172,Jacques,Laffite,407,1986,6,1.0,Jacques Laffite
137,Nelson,Piquet,407,1986,7,0.0,Nelson Piquet
123,Thierry,Boutsen,407,1986,8,0.0,Thierry Boutsen
176,Marc,Surer,407,1986,9,0.0,Marc Surer
140,Stefan,Johansson,407,1986,10,0.0,Stefan Johansson
166,Philippe,Streiff,407,1986,11,0.0,Philippe Streiff
156,Jonathan,Palmer,407,1986,12,0.0,Jonathan Palmer
95,Nigel,Mansell,408,1986,1,9.0,Nigel Mansell
102,Ayrton,Senna,408,1986,2,6.0,Ayrton Senna
140,Stefan,Johansson,408,1986,3,4.0,Stefan Johansson
105,Michele,Alboreto,408,1986,4,3.0,Michele Alboreto
172,Jacques,Laffite,408,1986,5,2.0,Jacques Laffite
117,Alain,Prost,408,1986,6,1.0,Alain Prost
170,Teo,Fabi,408,1986,7,0.0,Teo Fabi
119,Riccardo,Patrese,408,1986,8,0.0,Riccardo Patrese
176,Marc,Surer,408,1986,9,0.0,Marc Surer
77,Gerhard,Berger,408,1986,10,0.0,Gerhard Berger
178,Alan,Jones,408,1986,11,0.0,Alan Jones
166,Philippe,Streiff,408,1986,12,0.0,Philippe Streiff
156,Jonathan,Palmer,408,1986,13,0.0,Jonathan Palmer
95,Nigel,Mansell,409,1986,1,9.0,Nigel Mansell
117,Alain,Prost,409,1986,2,6.0,Alain Prost
137,Nelson,Piquet,409,1986,3,4.0,Nelson Piquet
177,Keke,Rosberg,409,1986,4,3.0,Keke Rosberg
102,Ayrton,Senna,409,1986,5,2.0,Ayrton Senna
163,René,Arnoux,409,1986,6,1.0,René Arnoux
172,Jacques,Laffite,409,1986,7,0.0,Jacques Laffite
105,Michele,Alboreto,409,1986,8,0.0,Michele Alboreto
84,Martin,Brundle,409,1986,9,0.0,Martin Brundle
178,Alan,Jones,409,1986,10,0.0,Alan Jones
166,Philippe,Streiff,409,1986,11,0.0,Philippe Streiff
179,Huub,Rothengatter,409,1986,12,0.0,Huub Rothengatter
102,Ayrton,Senna,410,1986,1,9.0,Ayrton Senna
172,Jacques,Laffite,410,1986,2,6.0,Jacques Laffite
117,Alain,Prost,410,1986,3,4.0,Alain Prost
105,Michele,Alboreto,410,1986,4,3.0,Michele Alboreto
95,Nigel,Mansell,410,1986,5,2.0,Nigel Mansell
119,Riccardo,Patrese,410,1986,6,1.0,Riccardo Patrese
174,Johnny,Dumfries,410,1986,7,0.0,Johnny Dumfries
156,Jonathan,Palmer,410,1986,8,0.0,Jonathan Palmer
166,Philippe,Streiff,410,1986,9,0.0,Philippe Streiff
118,Derek,Warwick,410,1986,10,0.0,Derek Warwick
95,Nigel,Mansell,411,1986,1,9.0,Nigel Mansell
117,Alain,Prost,411,1986,2,6.0,Alain Prost
137,Nelson,Piquet,411,1986,3,4.0,Nelson Piquet
177,Keke,Rosberg,411,1986,4,3.0,Keke Rosberg
163,René,Arnoux,411,1986,5,2.0,René Arnoux
172,Jacques,Laffite,411,1986,6,1.0,Jacques Laffite
119,Riccardo,Patrese,411,1986,7,0.0,Riccardo Patrese
105,Michele,Alboreto,411,1986,8,0.0,Michele Alboreto
118,Derek,Warwick,411,1986,9,0.0,Derek Warwick
84,Martin,Brundle,411,1986,10,0.0,Martin Brundle
157,Christian,Danner,411,1986,11,0.0,Christian Danner
95,Nigel,Mansell,412,1986,1,9.0,Nigel Mansell
137,Nelson,Piquet,412,1986,2,6.0,Nelson Piquet
117,Alain,Prost,412,1986,3,4.0,Alain Prost
163,René,Arnoux,412,1986,4,3.0,René Arnoux
84,Martin,Brundle,412,1986,5,2.0,Martin Brundle
166,Philippe,Streiff,412,1986,6,1.0,Philippe Streiff
174,Johnny,Dumfries,412,1986,7,0.0,Johnny Dumfries
118,Derek,Warwick,412,1986,8,0.0,Derek Warwick
156,Jonathan,Palmer,412,1986,9,0.0,Jonathan Palmer
137,Nelson,Piquet,413,1986,1,9.0,Nelson Piquet
102,Ayrton,Senna,413,1986,2,6.0,Ayrton Senna
95,Nigel,Mansell,413,1986,3,4.0,Nigel Mansell
163,René,Arnoux,413,1986,4,3.0,René Arnoux
177,Keke,Rosberg,413,1986,5,2.0,Keke Rosberg
117,Alain,Prost,413,1986,6,1.0,Alain Prost
118,Derek,Warwick,413,1986,7,0.0,Derek Warwick
175,Patrick,Tambay,413,1986,8,0.0,Patrick Tambay
178,Alan,Jones,413,1986,9,0.0,Alan Jones
77,Gerhard,Berger,413,1986,10,0.0,Gerhard Berger
140,Stefan,Johansson,413,1986,11,0.0,Stefan Johansson
180,Allen,Berg,413,1986,12,0.0,Allen Berg
137,Nelson,Piquet,414,1986,1,9.0,Nelson Piquet
102,Ayrton,Senna,414,1986,2,6.0,Ayrton Senna
95,Nigel,Mansell,414,1986,3,4.0,Nigel Mansell
140,Stefan,Johansson,414,1986,4,3.0,Stefan Johansson
174,Johnny,Dumfries,414,1986,5,2.0,Johnny Dumfries
84,Martin,Brundle,414,1986,6,1.0,Martin Brundle
175,Patrick,Tambay,414,1986,7,0.0,Patrick Tambay
166,Philippe,Streiff,414,1986,8,0.0,Philippe Streiff
112,Philippe,Alliot,414,1986,9,0.0,Philippe Alliot
156,Jonathan,Palmer,414,1986,10,0.0,Jonathan Palmer
117,Alain,Prost,415,1986,1,9.0,Alain Prost
105,Michele,Alboreto,415,1986,2,6.0,Michele Alboreto
140,Stefan,Johansson,415,1986,3,4.0,Stefan Johansson
178,Alan,Jones,415,1986,4,3.0,Alan Jones
175,Patrick,Tambay,415,1986,5,2.0,Patrick Tambay
157,Christian,Danner,415,1986,6,1.0,Christian Danner
77,Gerhard,Berger,415,1986,7,0.0,Gerhard Berger
179,Huub,Rothengatter,415,1986,8,0.0,Huub Rothengatter
177,Keke,Rosberg,415,1986,9,0.0,Keke Rosberg
163,René,Arnoux,415,1986,10,0.0,René Arnoux
160,Piercarlo,Ghinzani,415,1986,11,0.0,Piercarlo Ghinzani
137,Nelson,Piquet,416,1986,1,9.0,Nelson Piquet
95,Nigel,Mansell,416,1986,2,6.0,Nigel Mansell
140,Stefan,Johansson,416,1986,3,4.0,Stefan Johansson
177,Keke,Rosberg,416,1986,4,3.0,Keke Rosberg
77,Gerhard,Berger,416,1986,5,2.0,Gerhard Berger
178,Alan,Jones,416,1986,6,1.0,Alan Jones
123,Thierry,Boutsen,416,1986,7,0.0,Thierry Boutsen
157,Christian,Danner,416,1986,8,0.0,Christian Danner
166,Philippe,Streiff,416,1986,9,0.0,Philippe Streiff
84,Martin,Brundle,416,1986,10,0.0,Martin Brundle
95,Nigel,Mansell,417,1986,1,9.0,Nigel Mansell
117,Alain,Prost,417,1986,2,6.0,Alain Prost
137,Nelson,Piquet,417,1986,3,4.0,Nelson Piquet
102,Ayrton,Senna,417,1986,4,3.0,Ayrton Senna
105,Michele,Alboreto,417,1986,5,2.0,Michele Alboreto
140,Stefan,Johansson,417,1986,6,1.0,Stefan Johansson
163,René,Arnoux,417,1986,7,0.0,René Arnoux
170,Teo,Fabi,417,1986,8,0.0,Teo Fabi
174,Johnny,Dumfries,417,1986,9,0.0,Johnny Dumfries
123,Thierry,Boutsen,417,1986,10,0.0,Thierry Boutsen
157,Christian,Danner,417,1986,11,0.0,Christian Danner
156,Jonathan,Palmer,417,1986,12,0.0,Jonathan Palmer
180,Allen,Berg,417,1986,13,0.0,Allen Berg
77,Gerhard,Berger,418,1986,1,9.0,Gerhard Berger
117,Alain,Prost,418,1986,2,6.0,Alain Prost
102,Ayrton,Senna,418,1986,3,4.0,Ayrton Senna
137,Nelson,Piquet,418,1986,4,3.0,Nelson Piquet
95,Nigel,Mansell,418,1986,5,2.0,Nigel Mansell
112,Philippe,Alliot,418,1986,6,1.0,Philippe Alliot
123,Thierry,Boutsen,418,1986,7,0.0,Thierry Boutsen
110,Andrea,de Cesaris,418,1986,8,0.0,Andrea de Cesaris
157,Christian,Danner,418,1986,9,0.0,Christian Danner
156,Jonathan,Palmer,418,1986,10,0.0,Jonathan Palmer
84,Martin,Brundle,418,1986,11,0.0,Martin Brundle
140,Stefan,Johansson,418,1986,12,0.0,Stefan Johansson
119,Riccardo,Patrese,418,1986,13,0.0,Riccardo Patrese
145,Alessandro,Nannini,418,1986,14,0.0,Alessandro Nannini
163,René,Arnoux,418,1986,15,0.0,René Arnoux
180,Allen,Berg,418,1986,16,0.0,Allen Berg
117,Alain,Prost,419,1986,1,9.0,Alain Prost
137,Nelson,Piquet,419,1986,2,6.0,Nelson Piquet
140,Stefan,Johansson,419,1986,3,4.0,Stefan Johansson
84,Martin,Brundle,419,1986,4,3.0,Martin Brundle
166,Philippe,Streiff,419,1986,5,2.0,Philippe Streiff
174,Johnny,Dumfries,419,1986,6,1.0,Johnny Dumfries
163,René,Arnoux,419,1986,7,0.0,René Arnoux
112,Philippe,Alliot,419,1986,8,0.0,Philippe Alliot
156,Jonathan,Palmer,419,1986,9,0.0,Jonathan Palmer
170,Teo,Fabi,419,1986,10,0.0,Teo Fabi
117,Alain,Prost,420,1985,1,9.0,Alain Prost
105,Michele,Alboreto,420,1985,2,6.0,Michele Alboreto
173,Elio,de Angelis,420,1985,3,4.0,Elio de Angelis
163,René,Arnoux,420,1985,4,3.0,René Arnoux
175,Patrick,Tambay,420,1985,5,2.0,Patrick Tambay
172,Jacques,Laffite,420,1985,6,1.0,Jacques Laffite
140,Stefan,Johansson,420,1985,7,0.0,Stefan Johansson
84,Martin,Brundle,420,1985,8,0.0,Martin Brundle
112,Philippe,Alliot,420,1985,9,0.0,Philippe Alliot
118,Derek,Warwick,420,1985,10,0.0,Derek Warwick
123,Thierry,Boutsen,420,1985,11,0.0,Thierry Boutsen
160,Piercarlo,Ghinzani,420,1985,12,0.0,Piercarlo Ghinzani
181,Manfred,Winkelhock,420,1985,13,0.0,Manfred Winkelhock
102,Ayrton,Senna,421,1985,1,9.0,Ayrton Senna
105,Michele,Alboreto,421,1985,2,6.0,Michele Alboreto
175,Patrick,Tambay,421,1985,3,4.0,Patrick Tambay
173,Elio,de Angelis,421,1985,4,3.0,Elio de Angelis
95,Nigel,Mansell,421,1985,5,2.0,Nigel Mansell
185,Stefan,Bellof,421,1985,6,1.0,Stefan Bellof
118,Derek,Warwick,421,1985,7,0.0,Derek Warwick
140,Stefan,Johansson,421,1985,8,0.0,Stefan Johansson
160,Piercarlo,Ghinzani,421,1985,9,0.0,Piercarlo Ghinzani
173,Elio,de Angelis,422,1985,1,9.0,Elio de Angelis
123,Thierry,Boutsen,422,1985,2,6.0,Thierry Boutsen
175,Patrick,Tambay,422,1985,3,4.0,Patrick Tambay
182,Niki,Lauda,422,1985,4,3.0,Niki Lauda
95,Nigel,Mansell,422,1985,5,2.0,Nigel Mansell
140,Stefan,Johansson,422,1985,6,1.0,Stefan Johansson
102,Ayrton,Senna,422,1985,7,0.0,Ayrton Senna
137,Nelson,Piquet,422,1985,8,0.0,Nelson Piquet
84,Martin,Brundle,422,1985,9,0.0,Martin Brundle
118,Derek,Warwick,422,1985,10,0.0,Derek Warwick
117,Alain,Prost,423,1985,1,9.0,Alain Prost
105,Michele,Alboreto,423,1985,2,6.0,Michele Alboreto
173,Elio,de Angelis,423,1985,3,4.0,Elio de Angelis
110,Andrea,de Cesaris,423,1985,4,3.0,Andrea de Cesaris
118,Derek,Warwick,423,1985,5,2.0,Derek Warwick
172,Jacques,Laffite,423,1985,6,1.0,Jacques Laffite
95,Nigel,Mansell,423,1985,7,0.0,Nigel Mansell
177,Keke,Rosberg,423,1985,8,0.0,Keke Rosberg
123,Thierry,Boutsen,423,1985,9,0.0,Thierry Boutsen
84,Martin,Brundle,423,1985,10,0.0,Martin Brundle
156,Jonathan,Palmer,423,1985,11,0.0,Jonathan Palmer
105,Michele,Alboreto,424,1985,1,9.0,Michele Alboreto
140,Stefan,Johansson,424,1985,2,6.0,Stefan Johansson
117,Alain,Prost,424,1985,3,4.0,Alain Prost
177,Keke,Rosberg,424,1985,4,3.0,Keke Rosberg
173,Elio,de Angelis,424,1985,5,2.0,Elio de Angelis
95,Nigel,Mansell,424,1985,6,1.0,Nigel Mansell
175,Patrick,Tambay,424,1985,7,0.0,Patrick Tambay
172,Jacques,Laffite,424,1985,8,0.0,Jacques Laffite
123,Thierry,Boutsen,424,1985,9,0.0,Thierry Boutsen
119,Riccardo,Patrese,424,1985,10,0.0,Riccardo Patrese
185,Stefan,Bellof,424,1985,11,0.0,Stefan Bellof
84,Martin,Brundle,424,1985,12,0.0,Martin Brundle
77,Gerhard,Berger,424,1985,13,0.0,Gerhard Berger
110,Andrea,de Cesaris,424,1985,14,0.0,Andrea de Cesaris
176,Marc,Surer,424,1985,15,0.0,Marc Surer
102,Ayrton,Senna,424,1985,16,0.0,Ayrton Senna
158,Eddie,Cheever,424,1985,17,0.0,Eddie Cheever
177,Keke,Rosberg,425,1985,1,9.0,Keke Rosberg
140,Stefan,Johansson,425,1985,2,6.0,Stefan Johansson
105,Michele,Alboreto,425,1985,3,4.0,Michele Alboreto
185,Stefan,Bellof,425,1985,4,3.0,Stefan Bellof
173,Elio,de Angelis,425,1985,5,2.0,Elio de Angelis
137,Nelson,Piquet,425,1985,6,1.0,Nelson Piquet
123,Thierry,Boutsen,425,1985,7,0.0,Thierry Boutsen
176,Marc,Surer,425,1985,8,0.0,Marc Surer
158,Eddie,Cheever,425,1985,9,0.0,Eddie Cheever
110,Andrea,de Cesaris,425,1985,10,0.0,Andrea de Cesaris
77,Gerhard,Berger,425,1985,11,0.0,Gerhard Berger
172,Jacques,Laffite,425,1985,12,0.0,Jacques Laffite
137,Nelson,Piquet,426,1985,1,9.0,Nelson Piquet
177,Keke,Rosberg,426,1985,2,6.0,Keke Rosberg
117,Alain,Prost,426,1985,3,4.0,Alain Prost
140,Stefan,Johansson,426,1985,4,3.0,Stefan Johansson
173,Elio,de Angelis,426,1985,5,2.0,Elio de Angelis
175,Patrick,Tambay,426,1985,6,1.0,Patrick Tambay
118,Derek,Warwick,426,1985,7,0.0,Derek Warwick
176,Marc,Surer,426,1985,8,0.0,Marc Surer
123,Thierry,Boutsen,426,1985,9,0.0,Thierry Boutsen
158,Eddie,Cheever,426,1985,10,0.0,Eddie Cheever
119,Riccardo,Patrese,426,1985,11,0.0,Riccardo Patrese
181,Manfred,Winkelhock,426,1985,12,0.0,Manfred Winkelhock
185,Stefan,Bellof,426,1985,13,0.0,Stefan Bellof
170,Teo,Fabi,426,1985,14,0.0,Teo Fabi
160,Piercarlo,Ghinzani,426,1985,15,0.0,Piercarlo Ghinzani
117,Alain,Prost,427,1985,1,9.0,Alain Prost
105,Michele,Alboreto,427,1985,2,6.0,Michele Alboreto
172,Jacques,Laffite,427,1985,3,4.0,Jacques Laffite
137,Nelson,Piquet,427,1985,4,3.0,Nelson Piquet
118,Derek,Warwick,427,1985,5,2.0,Derek Warwick
176,Marc,Surer,427,1985,6,1.0,Marc Surer
84,Martin,Brundle,427,1985,7,0.0,Martin Brundle
77,Gerhard,Berger,427,1985,8,0.0,Gerhard Berger
119,Riccardo,Patrese,427,1985,9,0.0,Riccardo Patrese
102,Ayrton,Senna,427,1985,10,0.0,Ayrton Senna
185,Stefan,Bellof,427,1985,11,0.0,Stefan Bellof
105,Michele,Alboreto,428,1985,1,9.0,Michele Alboreto
117,Alain,Prost,428,1985,2,6.0,Alain Prost
172,Jacques,Laffite,428,1985,3,4.0,Jacques Laffite
123,Thierry,Boutsen,428,1985,4,3.0,Thierry Boutsen
182,Niki,Lauda,428,1985,5,2.0,Niki Lauda
95,Nigel,Mansell,428,1985,6,1.0,Nigel Mansell
77,Gerhard,Berger,428,1985,7,0.0,Gerhard Berger
185,Stefan,Bellof,428,1985,8,0.0,Stefan Bellof
140,Stefan,Johansson,428,1985,9,0.0,Stefan Johansson
84,Martin,Brundle,428,1985,10,0.0,Martin Brundle
94,Pierluigi,Martini,428,1985,11,0.0,Pierluigi Martini
177,Keke,Rosberg,428,1985,12,0.0,Keke Rosberg
117,Alain,Prost,429,1985,1,9.0,Alain Prost
102,Ayrton,Senna,429,1985,2,6.0,Ayrton Senna
105,Michele,Alboreto,429,1985,3,4.0,Michele Alboreto
140,Stefan,Johansson,429,1985,4,3.0,Stefan Johansson
173,Elio,de Angelis,429,1985,5,2.0,Elio de Angelis
176,Marc,Surer,429,1985,6,1.0,Marc Surer
185,Stefan,Bellof,429,1985,7,0.0,Stefan Bellof
123,Thierry,Boutsen,429,1985,8,0.0,Thierry Boutsen
179,Huub,Rothengatter,429,1985,9,0.0,Huub Rothengatter
175,Patrick,Tambay,429,1985,10,0.0,Patrick Tambay
182,Niki,Lauda,430,1985,1,9.0,Niki Lauda
117,Alain,Prost,430,1985,2,6.0,Alain Prost
102,Ayrton,Senna,430,1985,3,4.0,Ayrton Senna
105,Michele,Alboreto,430,1985,4,3.0,Michele Alboreto
173,Elio,de Angelis,430,1985,5,2.0,Elio de Angelis
95,Nigel,Mansell,430,1985,6,1.0,Nigel Mansell
84,Martin,Brundle,430,1985,7,0.0,Martin Brundle
137,Nelson,Piquet,430,1985,8,0.0,Nelson Piquet
77,Gerhard,Berger,430,1985,9,0.0,Gerhard Berger
176,Marc,Surer,430,1985,10,0.0,Marc Surer
117,Alain,Prost,431,1985,1,9.0,Alain Prost
137,Nelson,Piquet,431,1985,2,6.0,Nelson Piquet
102,Ayrton,Senna,431,1985,3,4.0,Ayrton Senna
176,Marc,Surer,431,1985,4,3.0,Marc Surer
140,Stefan,Johansson,431,1985,5,2.0,Stefan Johansson
173,Elio,de Angelis,431,1985,6,1.0,Elio de Angelis
175,Patrick,Tambay,431,1985,7,0.0,Patrick Tambay
84,Martin,Brundle,431,1985,8,0.0,Martin Brundle
123,Thierry,Boutsen,431,1985,9,0.0,Thierry Boutsen
166,Philippe,Streiff,431,1985,10,0.0,Philippe Streiff
95,Nigel,Mansell,431,1985,11,0.0,Nigel Mansell
170,Teo,Fabi,431,1985,12,0.0,Teo Fabi
105,Michele,Alboreto,431,1985,13,0.0,Michele Alboreto
102,Ayrton,Senna,432,1985,1,9.0,Ayrton Senna
95,Nigel,Mansell,432,1985,2,6.0,Nigel Mansell
117,Alain,Prost,432,1985,3,4.0,Alain Prost
177,Keke,Rosberg,432,1985,4,3.0,Keke Rosberg
137,Nelson,Piquet,432,1985,5,2.0,Nelson Piquet
118,Derek,Warwick,432,1985,6,1.0,Derek Warwick
77,Gerhard,Berger,432,1985,7,0.0,Gerhard Berger
176,Marc,Surer,432,1985,8,0.0,Marc Surer
166,Philippe,Streiff,432,1985,9,0.0,Philippe Streiff
123,Thierry,Boutsen,432,1985,10,0.0,Thierry Boutsen
172,Jacques,Laffite,432,1985,11,0.0,Jacques Laffite
94,Pierluigi,Martini,432,1985,12,0.0,Pierluigi Martini
84,Martin,Brundle,432,1985,13,0.0,Martin Brundle
95,Nigel,Mansell,433,1985,1,9.0,Nigel Mansell
102,Ayrton,Senna,433,1985,2,6.0,Ayrton Senna
177,Keke,Rosberg,433,1985,3,4.0,Keke Rosberg
117,Alain,Prost,433,1985,4,3.0,Alain Prost
173,Elio,de Angelis,433,1985,5,2.0,Elio de Angelis
123,Thierry,Boutsen,433,1985,6,1.0,Thierry Boutsen
187,John,Watson,433,1985,7,0.0,John Watson
166,Philippe,Streiff,433,1985,8,0.0,Philippe Streiff
119,Riccardo,Patrese,433,1985,9,0.0,Riccardo Patrese
77,Gerhard,Berger,433,1985,10,0.0,Gerhard Berger
158,Eddie,Cheever,433,1985,11,0.0,Eddie Cheever
175,Patrick,Tambay,433,1985,12,0.0,Patrick Tambay
176,Marc,Surer,433,1985,13,0.0,Marc Surer
95,Nigel,Mansell,434,1985,1,9.0,Nigel Mansell
177,Keke,Rosberg,434,1985,2,6.0,Keke Rosberg
117,Alain,Prost,434,1985,3,4.0,Alain Prost
140,Stefan,Johansson,434,1985,4,3.0,Stefan Johansson
77,Gerhard,Berger,434,1985,5,2.0,Gerhard Berger
123,Thierry,Boutsen,434,1985,6,1.0,Thierry Boutsen
84,Martin,Brundle,434,1985,7,0.0,Martin Brundle
177,Keke,Rosberg,435,1985,1,9.0,Keke Rosberg
172,Jacques,Laffite,435,1985,2,6.0,Jacques Laffite
166,Philippe,Streiff,435,1985,3,4.0,Philippe Streiff
122,Ivan,Capelli,435,1985,4,3.0,Ivan Capelli
140,Stefan,Johansson,435,1985,5,2.0,Stefan Johansson
77,Gerhard,Berger,435,1985,6,1.0,Gerhard Berger
179,Huub,Rothengatter,435,1985,7,0.0,Huub Rothengatter
94,Pierluigi,Martini,435,1985,8,0.0,Pierluigi Martini
117,Alain,Prost,436,1984,1,9.0,Alain Prost
177,Keke,Rosberg,436,1984,2,6.0,Keke Rosberg
173,Elio,de Angelis,436,1984,3,4.0,Elio de Angelis
158,Eddie,Cheever,436,1984,4,3.0,Eddie Cheever
175,Patrick,Tambay,436,1984,5,2.0,Patrick Tambay
123,Thierry,Boutsen,436,1984,6,1.0,Thierry Boutsen
176,Marc,Surer,436,1984,7,0.0,Marc Surer
156,Jonathan,Palmer,436,1984,8,0.0,Jonathan Palmer
182,Niki,Lauda,437,1984,1,9.0,Niki Lauda
117,Alain,Prost,437,1984,2,6.0,Alain Prost
118,Derek,Warwick,437,1984,3,4.0,Derek Warwick
119,Riccardo,Patrese,437,1984,4,3.0,Riccardo Patrese
110,Andrea,de Cesaris,437,1984,5,2.0,Andrea de Cesaris
102,Ayrton,Senna,437,1984,6,1.0,Ayrton Senna
173,Elio,de Angelis,437,1984,7,0.0,Elio de Angelis
184,Mauro,Baldi,437,1984,8,0.0,Mauro Baldi
176,Marc,Surer,437,1984,9,0.0,Marc Surer
183,François,Hesnault,437,1984,10,0.0,François Hesnault
105,Michele,Alboreto,437,1984,11,0.0,Michele Alboreto
123,Thierry,Boutsen,437,1984,12,0.0,Thierry Boutsen
105,Michele,Alboreto,438,1984,1,9.0,Michele Alboreto
118,Derek,Warwick,438,1984,2,6.0,Derek Warwick
163,René,Arnoux,438,1984,3,4.0,René Arnoux
177,Keke,Rosberg,438,1984,4,3.0,Keke Rosberg
173,Elio,de Angelis,438,1984,5,2.0,Elio de Angelis
102,Ayrton,Senna,438,1984,6,1.0,Ayrton Senna
175,Patrick,Tambay,438,1984,7,0.0,Patrick Tambay
176,Marc,Surer,438,1984,8,0.0,Marc Surer
137,Nelson,Piquet,438,1984,9,0.0,Nelson Piquet
156,Jonathan,Palmer,438,1984,10,0.0,Jonathan Palmer
117,Alain,Prost,439,1984,1,9.0,Alain Prost
163,René,Arnoux,439,1984,2,6.0,René Arnoux
173,Elio,de Angelis,439,1984,3,4.0,Elio de Angelis
118,Derek,Warwick,439,1984,4,3.0,Derek Warwick
123,Thierry,Boutsen,439,1984,5,2.0,Thierry Boutsen
110,Andrea,de Cesaris,439,1984,6,1.0,Andrea de Cesaris
158,Eddie,Cheever,439,1984,7,0.0,Eddie Cheever
184,Mauro,Baldi,439,1984,8,0.0,Mauro Baldi
156,Jonathan,Palmer,439,1984,9,0.0,Jonathan Palmer
182,Niki,Lauda,440,1984,1,9.0,Niki Lauda
175,Patrick,Tambay,440,1984,2,6.0,Patrick Tambay
95,Nigel,Mansell,440,1984,3,4.0,Nigel Mansell
163,René,Arnoux,440,1984,4,3.0,René Arnoux
173,Elio,de Angelis,440,1984,5,2.0,Elio de Angelis
177,Keke,Rosberg,440,1984,6,1.0,Keke Rosberg
117,Alain,Prost,440,1984,7,0.0,Alain Prost
172,Jacques,Laffite,440,1984,8,0.0,Jacques Laffite
170,Teo,Fabi,440,1984,9,0.0,Teo Fabi
110,Andrea,de Cesaris,440,1984,10,0.0,Andrea de Cesaris
123,Thierry,Boutsen,440,1984,11,0.0,Thierry Boutsen
160,Piercarlo,Ghinzani,440,1984,12,0.0,Piercarlo Ghinzani
156,Jonathan,Palmer,440,1984,13,0.0,Jonathan Palmer
117,Alain,Prost,441,1984,1,4.5,Alain Prost
102,Ayrton,Senna,441,1984,2,3.0,Ayrton Senna
163,René,Arnoux,441,1984,3,2.0,René Arnoux
177,Keke,Rosberg,441,1984,4,1.5,Keke Rosberg
173,Elio,de Angelis,441,1984,5,1.0,Elio de Angelis
105,Michele,Alboreto,441,1984,6,0.5,Michele Alboreto
160,Piercarlo,Ghinzani,441,1984,7,0.0,Piercarlo Ghinzani
172,Jacques,Laffite,441,1984,8,0.0,Jacques Laffite
137,Nelson,Piquet,442,1984,1,9.0,Nelson Piquet
182,Niki,Lauda,442,1984,2,6.0,Niki Lauda
117,Alain,Prost,442,1984,3,4.0,Alain Prost
173,Elio,de Angelis,442,1984,4,3.0,Elio de Angelis
163,René,Arnoux,442,1984,5,2.0,René Arnoux
95,Nigel,Mansell,442,1984,6,1.0,Nigel Mansell
102,Ayrton,Senna,442,1984,7,0.0,Ayrton Senna
181,Manfred,Winkelhock,442,1984,8,0.0,Manfred Winkelhock
188,Johnny,Cecotto,442,1984,9,0.0,Johnny Cecotto
112,Philippe,Alliot,442,1984,10,0.0,Philippe Alliot
158,Eddie,Cheever,442,1984,11,0.0,Eddie Cheever
137,Nelson,Piquet,443,1984,1,9.0,Nelson Piquet
173,Elio,de Angelis,443,1984,2,6.0,Elio de Angelis
170,Teo,Fabi,443,1984,3,4.0,Teo Fabi
117,Alain,Prost,443,1984,4,3.0,Alain Prost
172,Jacques,Laffite,443,1984,5,2.0,Jacques Laffite
177,Keke,Rosberg,444,1984,1,9.0,Keke Rosberg
163,René,Arnoux,444,1984,2,6.0,René Arnoux
173,Elio,de Angelis,444,1984,3,4.0,Elio de Angelis
172,Jacques,Laffite,444,1984,4,3.0,Jacques Laffite
160,Piercarlo,Ghinzani,444,1984,5,2.0,Piercarlo Ghinzani
95,Nigel,Mansell,444,1984,6,1.0,Nigel Mansell
190,Corrado,Fabi,444,1984,7,0.0,Corrado Fabi
181,Manfred,Winkelhock,444,1984,8,0.0,Manfred Winkelhock
182,Niki,Lauda,445,1984,1,9.0,Niki Lauda
118,Derek,Warwick,445,1984,2,6.0,Derek Warwick
102,Ayrton,Senna,445,1984,3,4.0,Ayrton Senna
173,Elio,de Angelis,445,1984,4,3.0,Elio de Angelis
105,Michele,Alboreto,445,1984,5,2.0,Michele Alboreto
163,René,Arnoux,445,1984,6,1.0,René Arnoux
137,Nelson,Piquet,445,1984,7,0.0,Nelson Piquet
175,Patrick,Tambay,445,1984,8,0.0,Patrick Tambay
160,Piercarlo,Ghinzani,445,1984,9,0.0,Piercarlo Ghinzani
110,Andrea,de Cesaris,445,1984,10,0.0,Andrea de Cesaris
176,Marc,Surer,445,1984,11,0.0,Marc Surer
119,Riccardo,Patrese,445,1984,12,0.0,Riccardo Patrese
117,Alain,Prost,446,1984,1,9.0,Alain Prost
182,Niki,Lauda,446,1984,2,6.0,Niki Lauda
118,Derek,Warwick,446,1984,3,4.0,Derek Warwick
95,Nigel,Mansell,446,1984,4,3.0,Nigel Mansell
175,Patrick,Tambay,446,1984,5,2.0,Patrick Tambay
163,René,Arnoux,446,1984,6,1.0,René Arnoux
110,Andrea,de Cesaris,446,1984,7,0.0,Andrea de Cesaris
183,François,Hesnault,446,1984,8,0.0,François Hesnault
179,Huub,Rothengatter,446,1984,9,0.0,Huub Rothengatter
182,Niki,Lauda,447,1984,1,9.0,Niki Lauda
137,Nelson,Piquet,447,1984,2,6.0,Nelson Piquet
105,Michele,Alboreto,447,1984,3,4.0,Michele Alboreto
170,Teo,Fabi,447,1984,4,3.0,Teo Fabi
123,Thierry,Boutsen,447,1984,5,2.0,Thierry Boutsen
176,Marc,Surer,447,1984,6,1.0,Marc Surer
163,René,Arnoux,447,1984,7,0.0,René Arnoux
183,François,Hesnault,447,1984,8,0.0,François Hesnault
156,Jonathan,Palmer,447,1984,9,0.0,Jonathan Palmer
119,Riccardo,Patrese,447,1984,10,0.0,Riccardo Patrese
112,Philippe,Alliot,447,1984,11,0.0,Philippe Alliot
77,Gerhard,Berger,447,1984,12,0.0,Gerhard Berger
117,Alain,Prost,448,1984,1,9.0,Alain Prost
182,Niki,Lauda,448,1984,2,6.0,Niki Lauda
95,Nigel,Mansell,448,1984,3,4.0,Nigel Mansell
173,Elio,de Angelis,448,1984,4,3.0,Elio de Angelis
170,Teo,Fabi,448,1984,5,2.0,Teo Fabi
175,Patrick,Tambay,448,1984,6,1.0,Patrick Tambay
183,François,Hesnault,448,1984,7,0.0,François Hesnault
177,Keke,Rosberg,448,1984,8,0.0,Keke Rosberg
156,Jonathan,Palmer,448,1984,9,0.0,Jonathan Palmer
112,Philippe,Alliot,448,1984,10,0.0,Philippe Alliot
163,René,Arnoux,448,1984,11,0.0,René Arnoux
189,Jo,Gartner,448,1984,12,0.0,Jo Gartner
158,Eddie,Cheever,448,1984,13,0.0,Eddie Cheever
182,Niki,Lauda,449,1984,1,9.0,Niki Lauda
105,Michele,Alboreto,449,1984,2,6.0,Michele Alboreto
119,Riccardo,Patrese,449,1984,3,4.0,Riccardo Patrese
140,Stefan,Johansson,449,1984,4,3.0,Stefan Johansson
189,Jo,Gartner,449,1984,5,0.0,Jo Gartner
77,Gerhard,Berger,449,1984,6,0.0,Gerhard Berger
160,Piercarlo,Ghinzani,449,1984,7,0.0,Piercarlo Ghinzani
179,Huub,Rothengatter,449,1984,8,0.0,Huub Rothengatter
158,Eddie,Cheever,449,1984,9,0.0,Eddie Cheever
123,Thierry,Boutsen,449,1984,10,0.0,Thierry Boutsen
117,Alain,Prost,450,1984,1,9.0,Alain Prost
105,Michele,Alboreto,450,1984,2,6.0,Michele Alboreto
137,Nelson,Piquet,450,1984,3,4.0,Nelson Piquet
182,Niki,Lauda,450,1984,4,3.0,Niki Lauda
163,René,Arnoux,450,1984,5,2.0,René Arnoux
119,Riccardo,Patrese,450,1984,6,1.0,Riccardo Patrese
110,Andrea,de Cesaris,450,1984,7,0.0,Andrea de Cesaris
184,Mauro,Baldi,450,1984,8,0.0,Mauro Baldi
123,Thierry,Boutsen,450,1984,9,0.0,Thierry Boutsen
183,François,Hesnault,450,1984,10,0.0,François Hesnault
118,Derek,Warwick,450,1984,11,0.0,Derek Warwick
117,Alain,Prost,451,1984,1,9.0,Alain Prost
182,Niki,Lauda,451,1984,2,6.0,Niki Lauda
102,Ayrton,Senna,451,1984,3,4.0,Ayrton Senna
105,Michele,Alboreto,451,1984,4,3.0,Michele Alboreto
173,Elio,de Angelis,451,1984,5,2.0,Elio de Angelis
137,Nelson,Piquet,451,1984,6,1.0,Nelson Piquet
175,Patrick,Tambay,451,1984,7,0.0,Patrick Tambay
119,Riccardo,Patrese,451,1984,8,0.0,Riccardo Patrese
163,René,Arnoux,451,1984,9,0.0,René Arnoux
181,Manfred,Winkelhock,451,1984,10,0.0,Manfred Winkelhock
140,Stefan,Johansson,451,1984,11,0.0,Stefan Johansson
110,Andrea,de Cesaris,451,1984,12,0.0,Andrea de Cesaris
77,Gerhard,Berger,451,1984,13,0.0,Gerhard Berger
172,Jacques,Laffite,451,1984,14,0.0,Jacques Laffite
184,Mauro,Baldi,451,1984,15,0.0,Mauro Baldi
189,Jo,Gartner,451,1984,16,0.0,Jo Gartner
158,Eddie,Cheever,451,1984,17,0.0,Eddie Cheever
137,Nelson,Piquet,452,1983,1,9.0,Nelson Piquet
182,Niki,Lauda,452,1983,3,4.0,Niki Lauda
172,Jacques,Laffite,452,1983,4,3.0,Jacques Laffite
175,Patrick,Tambay,452,1983,5,2.0,Patrick Tambay
176,Marc,Surer,452,1983,6,1.0,Marc Surer
117,Alain,Prost,452,1983,7,0.0,Alain Prost
118,Derek,Warwick,452,1983,8,0.0,Derek Warwick
192,Chico,Serra,452,1983,9,0.0,Chico Serra
163,René,Arnoux,452,1983,10,0.0,René Arnoux
193,Danny,Sullivan,452,1983,11,0.0,Danny Sullivan
95,Nigel,Mansell,452,1983,12,0.0,Nigel Mansell
188,Johnny,Cecotto,452,1983,13,0.0,Johnny Cecotto
194,Eliseo,Salazar,452,1983,14,0.0,Eliseo Salazar
181,Manfred,Winkelhock,452,1983,15,0.0,Manfred Winkelhock
187,John,Watson,453,1983,1,9.0,John Watson
182,Niki,Lauda,453,1983,2,6.0,Niki Lauda
163,René,Arnoux,453,1983,3,4.0,René Arnoux
172,Jacques,Laffite,453,1983,4,3.0,Jacques Laffite
176,Marc,Surer,453,1983,5,2.0,Marc Surer
188,Johnny,Cecotto,453,1983,6,1.0,Johnny Cecotto
196,Raul,Boesel,453,1983,7,0.0,Raul Boesel
193,Danny,Sullivan,453,1983,8,0.0,Danny Sullivan
105,Michele,Alboreto,453,1983,9,0.0,Michele Alboreto
119,Riccardo,Patrese,453,1983,10,0.0,Riccardo Patrese
117,Alain,Prost,453,1983,11,0.0,Alain Prost
95,Nigel,Mansell,453,1983,12,0.0,Nigel Mansell
158,Eddie,Cheever,453,1983,13,0.0,Eddie Cheever
117,Alain,Prost,454,1983,1,9.0,Alain Prost
137,Nelson,Piquet,454,1983,2,6.0,Nelson Piquet
158,Eddie,Cheever,454,1983,3,4.0,Eddie Cheever
175,Patrick,Tambay,454,1983,4,3.0,Patrick Tambay
177,Keke,Rosberg,454,1983,5,2.0,Keke Rosberg
172,Jacques,Laffite,454,1983,6,1.0,Jacques Laffite
163,René,Arnoux,454,1983,7,0.0,René Arnoux
105,Michele,Alboreto,454,1983,8,0.0,Michele Alboreto
197,Jean-Pierre,Jarier,454,1983,9,0.0,Jean-Pierre Jarier
176,Marc,Surer,454,1983,10,0.0,Marc Surer
188,Johnny,Cecotto,454,1983,11,0.0,Johnny Cecotto
110,Andrea,de Cesaris,454,1983,12,0.0,Andrea de Cesaris
152,Bruno,Giacomelli,454,1983,13,0.0,Bruno Giacomelli
175,Patrick,Tambay,455,1983,1,9.0,Patrick Tambay
117,Alain,Prost,455,1983,2,6.0,Alain Prost
163,René,Arnoux,455,1983,3,4.0,René Arnoux
177,Keke,Rosberg,455,1983,4,3.0,Keke Rosberg
187,John,Watson,455,1983,5,2.0,John Watson
176,Marc,Surer,455,1983,6,1.0,Marc Surer
172,Jacques,Laffite,455,1983,7,0.0,Jacques Laffite
192,Chico,Serra,455,1983,8,0.0,Chico Serra
196,Raul,Boesel,455,1983,9,0.0,Raul Boesel
184,Mauro,Baldi,455,1983,10,0.0,Mauro Baldi
181,Manfred,Winkelhock,455,1983,11,0.0,Manfred Winkelhock
95,Nigel,Mansell,455,1983,12,0.0,Nigel Mansell
177,Keke,Rosberg,456,1983,1,9.0,Keke Rosberg
137,Nelson,Piquet,456,1983,2,6.0,Nelson Piquet
117,Alain,Prost,456,1983,3,4.0,Alain Prost
175,Patrick,Tambay,456,1983,4,3.0,Patrick Tambay
193,Danny,Sullivan,456,1983,5,2.0,Danny Sullivan
184,Mauro,Baldi,456,1983,6,1.0,Mauro Baldi
192,Chico,Serra,456,1983,7,0.0,Chico Serra
117,Alain,Prost,457,1983,1,9.0,Alain Prost
175,Patrick,Tambay,457,1983,2,6.0,Patrick Tambay
158,Eddie,Cheever,457,1983,3,4.0,Eddie Cheever
137,Nelson,Piquet,457,1983,4,3.0,Nelson Piquet
177,Keke,Rosberg,457,1983,5,2.0,Keke Rosberg
172,Jacques,Laffite,457,1983,6,1.0,Jacques Laffite
118,Derek,Warwick,457,1983,7,0.0,Derek Warwick
152,Bruno,Giacomelli,457,1983,8,0.0,Bruno Giacomelli
173,Elio,de Angelis,457,1983,9,0.0,Elio de Angelis
188,Johnny,Cecotto,457,1983,10,0.0,Johnny Cecotto
176,Marc,Surer,457,1983,11,0.0,Marc Surer
193,Danny,Sullivan,457,1983,12,0.0,Danny Sullivan
196,Raul,Boesel,457,1983,13,0.0,Raul Boesel
105,Michele,Alboreto,457,1983,14,0.0,Michele Alboreto
105,Michele,Alboreto,458,1983,1,9.0,Michele Alboreto
177,Keke,Rosberg,458,1983,2,6.0,Keke Rosberg
187,John,Watson,458,1983,3,4.0,John Watson
137,Nelson,Piquet,458,1983,4,3.0,Nelson Piquet
172,Jacques,Laffite,458,1983,5,2.0,Jacques Laffite
95,Nigel,Mansell,458,1983,6,1.0,Nigel Mansell
123,Thierry,Boutsen,458,1983,7,0.0,Thierry Boutsen
117,Alain,Prost,458,1983,8,0.0,Alain Prost
152,Bruno,Giacomelli,458,1983,9,0.0,Bruno Giacomelli
196,Raul,Boesel,458,1983,10,0.0,Raul Boesel
176,Marc,Surer,458,1983,11,0.0,Marc Surer
184,Mauro,Baldi,458,1983,12,0.0,Mauro Baldi
182,Niki,Lauda,458,1983,13,0.0,Niki Lauda
163,René,Arnoux,459,1983,1,9.0,René Arnoux
158,Eddie,Cheever,459,1983,2,6.0,Eddie Cheever
175,Patrick,Tambay,459,1983,3,4.0,Patrick Tambay
177,Keke,Rosberg,459,1983,4,3.0,Keke Rosberg
117,Alain,Prost,459,1983,5,2.0,Alain Prost
187,John,Watson,459,1983,6,1.0,John Watson
123,Thierry,Boutsen,459,1983,7,0.0,Thierry Boutsen
105,Michele,Alboreto,459,1983,8,0.0,Michele Alboreto
181,Manfred,Winkelhock,459,1983,9,0.0,Manfred Winkelhock
184,Mauro,Baldi,459,1983,10,0.0,Mauro Baldi
117,Alain,Prost,460,1983,1,9.0,Alain Prost
137,Nelson,Piquet,460,1983,2,6.0,Nelson Piquet
175,Patrick,Tambay,460,1983,3,4.0,Patrick Tambay
95,Nigel,Mansell,460,1983,4,3.0,Nigel Mansell
163,René,Arnoux,460,1983,5,2.0,René Arnoux
182,Niki,Lauda,460,1983,6,1.0,Niki Lauda
184,Mauro,Baldi,460,1983,7,0.0,Mauro Baldi
110,Andrea,de Cesaris,460,1983,8,0.0,Andrea de Cesaris
187,John,Watson,460,1983,9,0.0,John Watson
197,Jean-Pierre,Jarier,460,1983,10,0.0,Jean-Pierre Jarier
177,Keke,Rosberg,460,1983,11,0.0,Keke Rosberg
172,Jacques,Laffite,460,1983,12,0.0,Jacques Laffite
105,Michele,Alboreto,460,1983,13,0.0,Michele Alboreto
193,Danny,Sullivan,460,1983,14,0.0,Danny Sullivan
123,Thierry,Boutsen,460,1983,15,0.0,Thierry Boutsen
195,Roberto,Guerrero,460,1983,16,0.0,Roberto Guerrero
176,Marc,Surer,460,1983,17,0.0,Marc Surer
163,René,Arnoux,461,1983,1,9.0,René Arnoux
110,Andrea,de Cesaris,461,1983,2,6.0,Andrea de Cesaris
119,Riccardo,Patrese,461,1983,3,4.0,Riccardo Patrese
117,Alain,Prost,461,1983,4,3.0,Alain Prost
187,John,Watson,461,1983,5,2.0,John Watson
172,Jacques,Laffite,461,1983,6,1.0,Jacques Laffite
176,Marc,Surer,461,1983,7,0.0,Marc Surer
197,Jean-Pierre,Jarier,461,1983,8,0.0,Jean-Pierre Jarier
123,Thierry,Boutsen,461,1983,9,0.0,Thierry Boutsen
177,Keke,Rosberg,461,1983,10,0.0,Keke Rosberg
188,Johnny,Cecotto,461,1983,11,0.0,Johnny Cecotto
193,Danny,Sullivan,461,1983,12,0.0,Danny Sullivan
137,Nelson,Piquet,461,1983,13,0.0,Nelson Piquet
117,Alain,Prost,462,1983,1,9.0,Alain Prost
163,René,Arnoux,462,1983,2,6.0,René Arnoux
137,Nelson,Piquet,462,1983,3,4.0,Nelson Piquet
158,Eddie,Cheever,462,1983,4,3.0,Eddie Cheever
95,Nigel,Mansell,462,1983,5,2.0,Nigel Mansell
182,Niki,Lauda,462,1983,6,1.0,Niki Lauda
197,Jean-Pierre,Jarier,462,1983,7,0.0,Jean-Pierre Jarier
177,Keke,Rosberg,462,1983,8,0.0,Keke Rosberg
187,John,Watson,462,1983,9,0.0,John Watson
190,Corrado,Fabi,462,1983,10,0.0,Corrado Fabi
160,Piercarlo,Ghinzani,462,1983,11,0.0,Piercarlo Ghinzani
140,Stefan,Johansson,462,1983,12,0.0,Stefan Johansson
123,Thierry,Boutsen,462,1983,13,0.0,Thierry Boutsen
163,René,Arnoux,463,1983,1,9.0,René Arnoux
175,Patrick,Tambay,463,1983,2,6.0,Patrick Tambay
187,John,Watson,463,1983,3,4.0,John Watson
118,Derek,Warwick,463,1983,4,3.0,Derek Warwick
184,Mauro,Baldi,463,1983,5,2.0,Mauro Baldi
105,Michele,Alboreto,463,1983,6,1.0,Michele Alboreto
140,Stefan,Johansson,463,1983,7,0.0,Stefan Johansson
176,Marc,Surer,463,1983,8,0.0,Marc Surer
119,Riccardo,Patrese,463,1983,9,0.0,Riccardo Patrese
196,Raul,Boesel,463,1983,10,0.0,Raul Boesel
190,Corrado,Fabi,463,1983,11,0.0,Corrado Fabi
195,Roberto,Guerrero,463,1983,12,0.0,Roberto Guerrero
152,Bruno,Giacomelli,463,1983,13,0.0,Bruno Giacomelli
123,Thierry,Boutsen,463,1983,14,0.0,Thierry Boutsen
137,Nelson,Piquet,464,1983,1,9.0,Nelson Piquet
163,René,Arnoux,464,1983,2,6.0,René Arnoux
158,Eddie,Cheever,464,1983,3,4.0,Eddie Cheever
175,Patrick,Tambay,464,1983,4,3.0,Patrick Tambay
173,Elio,de Angelis,464,1983,5,2.0,Elio de Angelis
118,Derek,Warwick,464,1983,6,1.0,Derek Warwick
152,Bruno,Giacomelli,464,1983,7,0.0,Bruno Giacomelli
95,Nigel,Mansell,464,1983,8,0.0,Nigel Mansell
197,Jean-Pierre,Jarier,464,1983,9,0.0,Jean-Pierre Jarier
176,Marc,Surer,464,1983,10,0.0,Marc Surer
177,Keke,Rosberg,464,1983,11,0.0,Keke Rosberg
188,Johnny,Cecotto,464,1983,12,0.0,Johnny Cecotto
195,Roberto,Guerrero,464,1983,13,0.0,Roberto Guerrero
137,Nelson,Piquet,465,1983,1,9.0,Nelson Piquet
117,Alain,Prost,465,1983,2,6.0,Alain Prost
95,Nigel,Mansell,465,1983,3,4.0,Nigel Mansell
110,Andrea,de Cesaris,465,1983,4,3.0,Andrea de Cesaris
118,Derek,Warwick,465,1983,5,2.0,Derek Warwick
152,Bruno,Giacomelli,465,1983,6,1.0,Bruno Giacomelli
119,Riccardo,Patrese,465,1983,7,0.0,Riccardo Patrese
181,Manfred,Winkelhock,465,1983,8,0.0,Manfred Winkelhock
163,René,Arnoux,465,1983,9,0.0,René Arnoux
158,Eddie,Cheever,465,1983,10,0.0,Eddie Cheever
123,Thierry,Boutsen,465,1983,11,0.0,Thierry Boutsen
195,Roberto,Guerrero,465,1983,12,0.0,Roberto Guerrero
156,Jonathan,Palmer,465,1983,13,0.0,Jonathan Palmer
140,Stefan,Johansson,465,1983,14,0.0,Stefan Johansson
196,Raul,Boesel,465,1983,15,0.0,Raul Boesel
119,Riccardo,Patrese,466,1983,1,9.0,Riccardo Patrese
110,Andrea,de Cesaris,466,1983,2,6.0,Andrea de Cesaris
137,Nelson,Piquet,466,1983,3,4.0,Nelson Piquet
118,Derek,Warwick,466,1983,4,3.0,Derek Warwick
177,Keke,Rosberg,466,1983,5,2.0,Keke Rosberg
158,Eddie,Cheever,466,1983,6,1.0,Eddie Cheever
193,Danny,Sullivan,466,1983,7,0.0,Danny Sullivan
176,Marc,Surer,466,1983,8,0.0,Marc Surer
123,Thierry,Boutsen,466,1983,9,0.0,Thierry Boutsen
197,Jean-Pierre,Jarier,466,1983,10,0.0,Jean-Pierre Jarier
182,Niki,Lauda,466,1983,11,0.0,Niki Lauda
186,Kenny,Acheson,466,1983,12,0.0,Kenny Acheson
117,Alain,Prost,467,1982,1,9.0,Alain Prost
199,Carlos,Reutemann,467,1982,2,6.0,Carlos Reutemann
163,René,Arnoux,467,1982,3,4.0,René Arnoux
182,Niki,Lauda,467,1982,4,3.0,Niki Lauda
177,Keke,Rosberg,467,1982,5,2.0,Keke Rosberg
187,John,Watson,467,1982,6,1.0,John Watson
105,Michele,Alboreto,467,1982,7,0.0,Michele Alboreto
173,Elio,de Angelis,467,1982,8,0.0,Elio de Angelis
194,Eliseo,Salazar,467,1982,9,0.0,Eliseo Salazar
181,Manfred,Winkelhock,467,1982,10,0.0,Manfred Winkelhock
152,Bruno,Giacomelli,467,1982,11,0.0,Bruno Giacomelli
200,Jochen,Mass,467,1982,12,0.0,Jochen Mass
110,Andrea,de Cesaris,467,1982,13,0.0,Andrea de Cesaris
206,Derek,Daly,467,1982,14,0.0,Derek Daly
196,Raul,Boesel,467,1982,15,0.0,Raul Boesel
201,Slim,Borgudd,467,1982,16,0.0,Slim Borgudd
192,Chico,Serra,467,1982,17,0.0,Chico Serra
202,Didier,Pironi,467,1982,18,0.0,Didier Pironi
117,Alain,Prost,468,1982,1,9.0,Alain Prost
187,John,Watson,468,1982,2,6.0,John Watson
95,Nigel,Mansell,468,1982,3,4.0,Nigel Mansell
105,Michele,Alboreto,468,1982,4,3.0,Michele Alboreto
181,Manfred,Winkelhock,468,1982,5,2.0,Manfred Winkelhock
202,Didier,Pironi,468,1982,6,1.0,Didier Pironi
201,Slim,Borgudd,468,1982,7,0.0,Slim Borgudd
200,Jochen,Mass,468,1982,8,0.0,Jochen Mass
197,Jean-Pierre,Jarier,468,1982,9,0.0,Jean-Pierre Jarier
184,Mauro,Baldi,468,1982,10,0.0,Mauro Baldi
182,Niki,Lauda,469,1982,1,9.0,Niki Lauda
177,Keke,Rosberg,469,1982,2,6.0,Keke Rosberg
119,Riccardo,Patrese,469,1982,3,4.0,Riccardo Patrese
105,Michele,Alboreto,469,1982,4,3.0,Michele Alboreto
173,Elio,de Angelis,469,1982,5,2.0,Elio de Angelis
187,John,Watson,469,1982,6,1.0,John Watson
95,Nigel,Mansell,469,1982,7,0.0,Nigel Mansell
200,Jochen,Mass,469,1982,8,0.0,Jochen Mass
196,Raul,Boesel,469,1982,9,0.0,Raul Boesel
201,Slim,Borgudd,469,1982,10,0.0,Slim Borgudd
202,Didier,Pironi,470,1982,1,9.0,Didier Pironi
203,Gilles,Villeneuve,470,1982,2,6.0,Gilles Villeneuve
105,Michele,Alboreto,470,1982,3,4.0,Michele Alboreto
197,Jean-Pierre,Jarier,470,1982,4,3.0,Jean-Pierre Jarier
194,Eliseo,Salazar,470,1982,5,2.0,Eliseo Salazar
187,John,Watson,471,1982,1,9.0,John Watson
177,Keke,Rosberg,471,1982,2,6.0,Keke Rosberg
158,Eddie,Cheever,471,1982,3,4.0,Eddie Cheever
173,Elio,de Angelis,471,1982,4,3.0,Elio de Angelis
137,Nelson,Piquet,471,1982,5,2.0,Nelson Piquet
192,Chico,Serra,471,1982,6,1.0,Chico Serra
176,Marc,Surer,471,1982,7,0.0,Marc Surer
196,Raul,Boesel,471,1982,8,0.0,Raul Boesel
172,Jacques,Laffite,471,1982,9,0.0,Jacques Laffite
119,Riccardo,Patrese,472,1982,1,9.0,Riccardo Patrese
202,Didier,Pironi,472,1982,2,6.0,Didier Pironi
110,Andrea,de Cesaris,472,1982,3,4.0,Andrea de Cesaris
95,Nigel,Mansell,472,1982,4,3.0,Nigel Mansell
173,Elio,de Angelis,472,1982,5,2.0,Elio de Angelis
206,Derek,Daly,472,1982,6,1.0,Derek Daly
117,Alain,Prost,472,1982,7,0.0,Alain Prost
205,Brian,Henton,472,1982,8,0.0,Brian Henton
176,Marc,Surer,472,1982,9,0.0,Marc Surer
105,Michele,Alboreto,472,1982,10,0.0,Michele Alboreto
187,John,Watson,473,1982,1,9.0,John Watson
158,Eddie,Cheever,473,1982,2,6.0,Eddie Cheever
202,Didier,Pironi,473,1982,3,4.0,Didier Pironi
177,Keke,Rosberg,473,1982,4,3.0,Keke Rosberg
206,Derek,Daly,473,1982,5,2.0,Derek Daly
172,Jacques,Laffite,473,1982,6,1.0,Jacques Laffite
200,Jochen,Mass,473,1982,7,0.0,Jochen Mass
176,Marc,Surer,473,1982,8,0.0,Marc Surer
205,Brian,Henton,473,1982,9,0.0,Brian Henton
163,René,Arnoux,473,1982,10,0.0,René Arnoux
192,Chico,Serra,473,1982,11,0.0,Chico Serra
137,Nelson,Piquet,474,1982,1,9.0,Nelson Piquet
119,Riccardo,Patrese,474,1982,2,6.0,Riccardo Patrese
187,John,Watson,474,1982,3,4.0,John Watson
173,Elio,de Angelis,474,1982,4,3.0,Elio de Angelis
176,Marc,Surer,474,1982,5,2.0,Marc Surer
110,Andrea,de Cesaris,474,1982,6,1.0,Andrea de Cesaris
206,Derek,Daly,474,1982,7,0.0,Derek Daly
184,Mauro,Baldi,474,1982,8,0.0,Mauro Baldi
202,Didier,Pironi,474,1982,9,0.0,Didier Pironi
158,Eddie,Cheever,474,1982,10,0.0,Eddie Cheever
200,Jochen,Mass,474,1982,11,0.0,Jochen Mass
202,Didier,Pironi,475,1982,1,9.0,Didier Pironi
137,Nelson,Piquet,475,1982,2,6.0,Nelson Piquet
177,Keke,Rosberg,475,1982,3,4.0,Keke Rosberg
182,Niki,Lauda,475,1982,4,3.0,Niki Lauda
206,Derek,Daly,475,1982,5,2.0,Derek Daly
184,Mauro,Baldi,475,1982,6,1.0,Mauro Baldi
105,Michele,Alboreto,475,1982,7,0.0,Michele Alboreto
175,Patrick,Tambay,475,1982,8,0.0,Patrick Tambay
187,John,Watson,475,1982,9,0.0,John Watson
176,Marc,Surer,475,1982,10,0.0,Marc Surer
152,Bruno,Giacomelli,475,1982,11,0.0,Bruno Giacomelli
181,Manfred,Winkelhock,475,1982,12,0.0,Manfred Winkelhock
194,Eliseo,Salazar,475,1982,13,0.0,Eliseo Salazar
197,Jean-Pierre,Jarier,475,1982,14,0.0,Jean-Pierre Jarier
119,Riccardo,Patrese,475,1982,15,0.0,Riccardo Patrese
182,Niki,Lauda,476,1982,1,9.0,Niki Lauda
202,Didier,Pironi,476,1982,2,6.0,Didier Pironi
175,Patrick,Tambay,476,1982,3,4.0,Patrick Tambay
173,Elio,de Angelis,476,1982,4,3.0,Elio de Angelis
206,Derek,Daly,476,1982,5,2.0,Derek Daly
117,Alain,Prost,476,1982,6,1.0,Alain Prost
152,Bruno,Giacomelli,476,1982,7,0.0,Bruno Giacomelli
205,Brian,Henton,476,1982,8,0.0,Brian Henton
184,Mauro,Baldi,476,1982,9,0.0,Mauro Baldi
200,Jochen,Mass,476,1982,10,0.0,Jochen Mass
163,René,Arnoux,477,1982,1,9.0,René Arnoux
117,Alain,Prost,477,1982,2,6.0,Alain Prost
202,Didier,Pironi,477,1982,3,4.0,Didier Pironi
175,Patrick,Tambay,477,1982,4,3.0,Patrick Tambay
177,Keke,Rosberg,477,1982,5,2.0,Keke Rosberg
105,Michele,Alboreto,477,1982,6,1.0,Michele Alboreto
206,Derek,Daly,477,1982,7,0.0,Derek Daly
182,Niki,Lauda,477,1982,8,0.0,Niki Lauda
152,Bruno,Giacomelli,477,1982,9,0.0,Bruno Giacomelli
205,Brian,Henton,477,1982,10,0.0,Brian Henton
181,Manfred,Winkelhock,477,1982,11,0.0,Manfred Winkelhock
209,Geoff,Lees,477,1982,12,0.0,Geoff Lees
176,Marc,Surer,477,1982,13,0.0,Marc Surer
172,Jacques,Laffite,477,1982,14,0.0,Jacques Laffite
118,Derek,Warwick,477,1982,15,0.0,Derek Warwick
158,Eddie,Cheever,477,1982,16,0.0,Eddie Cheever
175,Patrick,Tambay,478,1982,1,9.0,Patrick Tambay
163,René,Arnoux,478,1982,2,6.0,René Arnoux
177,Keke,Rosberg,478,1982,3,4.0,Keke Rosberg
105,Michele,Alboreto,478,1982,4,3.0,Michele Alboreto
152,Bruno,Giacomelli,478,1982,5,2.0,Bruno Giacomelli
176,Marc,Surer,478,1982,6,1.0,Marc Surer
205,Brian,Henton,478,1982,7,0.0,Brian Henton
195,Roberto,Guerrero,478,1982,8,0.0,Roberto Guerrero
95,Nigel,Mansell,478,1982,9,0.0,Nigel Mansell
118,Derek,Warwick,478,1982,10,0.0,Derek Warwick
192,Chico,Serra,478,1982,11,0.0,Chico Serra
173,Elio,de Angelis,479,1982,1,9.0,Elio de Angelis
177,Keke,Rosberg,479,1982,2,6.0,Keke Rosberg
172,Jacques,Laffite,479,1982,3,4.0,Jacques Laffite
175,Patrick,Tambay,479,1982,4,3.0,Patrick Tambay
182,Niki,Lauda,479,1982,5,2.0,Niki Lauda
184,Mauro,Baldi,479,1982,6,1.0,Mauro Baldi
192,Chico,Serra,479,1982,7,0.0,Chico Serra
117,Alain,Prost,479,1982,8,0.0,Alain Prost
187,John,Watson,479,1982,9,0.0,John Watson
177,Keke,Rosberg,480,1982,1,9.0,Keke Rosberg
117,Alain,Prost,480,1982,2,6.0,Alain Prost
182,Niki,Lauda,480,1982,3,4.0,Niki Lauda
137,Nelson,Piquet,480,1982,4,3.0,Nelson Piquet
119,Riccardo,Patrese,480,1982,5,2.0,Riccardo Patrese
173,Elio,de Angelis,480,1982,6,1.0,Elio de Angelis
105,Michele,Alboreto,480,1982,7,0.0,Michele Alboreto
95,Nigel,Mansell,480,1982,8,0.0,Nigel Mansell
206,Derek,Daly,480,1982,9,0.0,Derek Daly
110,Andrea,de Cesaris,480,1982,10,0.0,Andrea de Cesaris
205,Brian,Henton,480,1982,11,0.0,Brian Henton
152,Bruno,Giacomelli,480,1982,12,0.0,Bruno Giacomelli
187,John,Watson,480,1982,13,0.0,John Watson
194,Eliseo,Salazar,480,1982,14,0.0,Eliseo Salazar
176,Marc,Surer,480,1982,15,0.0,Marc Surer
163,René,Arnoux,480,1982,16,0.0,René Arnoux
163,René,Arnoux,481,1982,1,9.0,René Arnoux
175,Patrick,Tambay,481,1982,2,6.0,Patrick Tambay
207,Mario,Andretti,481,1982,3,4.0,Mario Andretti
187,John,Watson,481,1982,4,3.0,John Watson
105,Michele,Alboreto,481,1982,5,2.0,Michele Alboreto
158,Eddie,Cheever,481,1982,6,1.0,Eddie Cheever
95,Nigel,Mansell,481,1982,7,0.0,Nigel Mansell
177,Keke,Rosberg,481,1982,8,0.0,Keke Rosberg
194,Eliseo,Salazar,481,1982,9,0.0,Eliseo Salazar
110,Andrea,de Cesaris,481,1982,10,0.0,Andrea de Cesaris
192,Chico,Serra,481,1982,11,0.0,Chico Serra
184,Mauro,Baldi,481,1982,12,0.0,Mauro Baldi
105,Michele,Alboreto,482,1982,1,9.0,Michele Alboreto
187,John,Watson,482,1982,2,6.0,John Watson
158,Eddie,Cheever,482,1982,3,4.0,Eddie Cheever
117,Alain,Prost,482,1982,4,3.0,Alain Prost
177,Keke,Rosberg,482,1982,5,2.0,Keke Rosberg
206,Derek,Daly,482,1982,6,1.0,Derek Daly
176,Marc,Surer,482,1982,7,0.0,Marc Surer
205,Brian,Henton,482,1982,8,0.0,Brian Henton
110,Andrea,de Cesaris,482,1982,9,0.0,Andrea de Cesaris
152,Bruno,Giacomelli,482,1982,10,0.0,Bruno Giacomelli
184,Mauro,Baldi,482,1982,11,0.0,Mauro Baldi
211,Rupert,Keegan,482,1982,12,0.0,Rupert Keegan
196,Raul,Boesel,482,1982,13,0.0,Raul Boesel
178,Alan,Jones,483,1981,1,9.0,Alan Jones
199,Carlos,Reutemann,483,1981,2,6.0,Carlos Reutemann
137,Nelson,Piquet,483,1981,3,4.0,Nelson Piquet
207,Mario,Andretti,483,1981,4,3.0,Mario Andretti
158,Eddie,Cheever,483,1981,5,2.0,Eddie Cheever
175,Patrick,Tambay,483,1981,6,1.0,Patrick Tambay
192,Chico,Serra,483,1981,7,0.0,Chico Serra
163,René,Arnoux,483,1981,8,0.0,René Arnoux
199,Carlos,Reutemann,484,1981,1,9.0,Carlos Reutemann
178,Alan,Jones,484,1981,2,6.0,Alan Jones
119,Riccardo,Patrese,484,1981,3,4.0,Riccardo Patrese
176,Marc,Surer,484,1981,4,3.0,Marc Surer
173,Elio,de Angelis,484,1981,5,2.0,Elio de Angelis
172,Jacques,Laffite,484,1981,6,1.0,Jacques Laffite
197,Jean-Pierre,Jarier,484,1981,7,0.0,Jean-Pierre Jarier
187,John,Watson,484,1981,8,0.0,John Watson
177,Keke,Rosberg,484,1981,9,0.0,Keke Rosberg
175,Patrick,Tambay,484,1981,10,0.0,Patrick Tambay
95,Nigel,Mansell,484,1981,11,0.0,Nigel Mansell
137,Nelson,Piquet,484,1981,12,0.0,Nelson Piquet
217,Ricardo,Zunino,484,1981,13,0.0,Ricardo Zunino
137,Nelson,Piquet,485,1981,1,9.0,Nelson Piquet
199,Carlos,Reutemann,485,1981,2,6.0,Carlos Reutemann
117,Alain,Prost,485,1981,3,4.0,Alain Prost
178,Alan,Jones,485,1981,4,3.0,Alan Jones
163,René,Arnoux,485,1981,5,2.0,René Arnoux
173,Elio,de Angelis,485,1981,6,1.0,Elio de Angelis
119,Riccardo,Patrese,485,1981,7,0.0,Riccardo Patrese
207,Mario,Andretti,485,1981,8,0.0,Mario Andretti
216,Siegfried,Stohr,485,1981,9,0.0,Siegfried Stohr
152,Bruno,Giacomelli,485,1981,10,0.0,Bruno Giacomelli
110,Andrea,de Cesaris,485,1981,11,0.0,Andrea de Cesaris
136,Jan,Lammers,485,1981,12,0.0,Jan Lammers
217,Ricardo,Zunino,485,1981,13,0.0,Ricardo Zunino
137,Nelson,Piquet,486,1981,1,9.0,Nelson Piquet
119,Riccardo,Patrese,486,1981,2,6.0,Riccardo Patrese
199,Carlos,Reutemann,486,1981,3,4.0,Carlos Reutemann
212,Hector,Rebaque,486,1981,4,3.0,Hector Rebaque
202,Didier,Pironi,486,1981,5,2.0,Didier Pironi
110,Andrea,de Cesaris,486,1981,6,1.0,Andrea de Cesaris
203,Gilles,Villeneuve,486,1981,7,0.0,Gilles Villeneuve
163,René,Arnoux,486,1981,8,0.0,René Arnoux
176,Marc,Surer,486,1981,9,0.0,Marc Surer
187,John,Watson,486,1981,10,0.0,John Watson
175,Patrick,Tambay,486,1981,11,0.0,Patrick Tambay
178,Alan,Jones,486,1981,12,0.0,Alan Jones
201,Slim,Borgudd,486,1981,13,0.0,Slim Borgudd
199,Carlos,Reutemann,487,1981,1,9.0,Carlos Reutemann
172,Jacques,Laffite,487,1981,2,6.0,Jacques Laffite
95,Nigel,Mansell,487,1981,3,4.0,Nigel Mansell
203,Gilles,Villeneuve,487,1981,4,3.0,Gilles Villeneuve
173,Elio,de Angelis,487,1981,5,2.0,Elio de Angelis
158,Eddie,Cheever,487,1981,6,1.0,Eddie Cheever
187,John,Watson,487,1981,7,0.0,John Watson
202,Didier,Pironi,487,1981,8,0.0,Didier Pironi
152,Bruno,Giacomelli,487,1981,9,0.0,Bruno Giacomelli
207,Mario,Andretti,487,1981,10,0.0,Mario Andretti
176,Marc,Surer,487,1981,11,0.0,Marc Surer
105,Michele,Alboreto,487,1981,12,0.0,Michele Alboreto
160,Piercarlo,Ghinzani,487,1981,13,0.0,Piercarlo Ghinzani
203,Gilles,Villeneuve,488,1981,1,9.0,Gilles Villeneuve
178,Alan,Jones,488,1981,2,6.0,Alan Jones
172,Jacques,Laffite,488,1981,3,4.0,Jacques Laffite
202,Didier,Pironi,488,1981,4,3.0,Didier Pironi
158,Eddie,Cheever,488,1981,5,2.0,Eddie Cheever
176,Marc,Surer,488,1981,6,1.0,Marc Surer
175,Patrick,Tambay,488,1981,7,0.0,Patrick Tambay
203,Gilles,Villeneuve,489,1981,1,9.0,Gilles Villeneuve
172,Jacques,Laffite,489,1981,2,6.0,Jacques Laffite
187,John,Watson,489,1981,3,4.0,John Watson
199,Carlos,Reutemann,489,1981,4,3.0,Carlos Reutemann
173,Elio,de Angelis,489,1981,5,2.0,Elio de Angelis
95,Nigel,Mansell,489,1981,6,1.0,Nigel Mansell
178,Alan,Jones,489,1981,7,0.0,Alan Jones
207,Mario,Andretti,489,1981,8,0.0,Mario Andretti
163,René,Arnoux,489,1981,9,0.0,René Arnoux
152,Bruno,Giacomelli,489,1981,10,0.0,Bruno Giacomelli
192,Chico,Serra,489,1981,11,0.0,Chico Serra
177,Keke,Rosberg,489,1981,12,0.0,Keke Rosberg
175,Patrick,Tambay,489,1981,13,0.0,Patrick Tambay
194,Eliseo,Salazar,489,1981,14,0.0,Eliseo Salazar
202,Didier,Pironi,489,1981,15,0.0,Didier Pironi
206,Derek,Daly,489,1981,16,0.0,Derek Daly
117,Alain,Prost,490,1981,1,9.0,Alain Prost
187,John,Watson,490,1981,2,6.0,John Watson
137,Nelson,Piquet,490,1981,3,4.0,Nelson Piquet
163,René,Arnoux,490,1981,4,3.0,René Arnoux
202,Didier,Pironi,490,1981,5,2.0,Didier Pironi
173,Elio,de Angelis,490,1981,6,1.0,Elio de Angelis
95,Nigel,Mansell,490,1981,7,0.0,Nigel Mansell
207,Mario,Andretti,490,1981,8,0.0,Mario Andretti
212,Hector,Rebaque,490,1981,9,0.0,Hector Rebaque
199,Carlos,Reutemann,490,1981,10,0.0,Carlos Reutemann
110,Andrea,de Cesaris,490,1981,11,0.0,Andrea de Cesaris
176,Marc,Surer,490,1981,12,0.0,Marc Surer
158,Eddie,Cheever,490,1981,13,0.0,Eddie Cheever
119,Riccardo,Patrese,490,1981,14,0.0,Riccardo Patrese
152,Bruno,Giacomelli,490,1981,15,0.0,Bruno Giacomelli
105,Michele,Alboreto,490,1981,16,0.0,Michele Alboreto
178,Alan,Jones,490,1981,17,0.0,Alan Jones
187,John,Watson,491,1981,1,9.0,John Watson
199,Carlos,Reutemann,491,1981,2,6.0,Carlos Reutemann
172,Jacques,Laffite,491,1981,3,4.0,Jacques Laffite
158,Eddie,Cheever,491,1981,4,3.0,Eddie Cheever
212,Hector,Rebaque,491,1981,5,2.0,Hector Rebaque
201,Slim,Borgudd,491,1981,6,1.0,Slim Borgudd
206,Derek,Daly,491,1981,7,0.0,Derek Daly
197,Jean-Pierre,Jarier,491,1981,8,0.0,Jean-Pierre Jarier
163,René,Arnoux,491,1981,9,0.0,René Arnoux
119,Riccardo,Patrese,491,1981,10,0.0,Riccardo Patrese
176,Marc,Surer,491,1981,11,0.0,Marc Surer
137,Nelson,Piquet,492,1981,1,9.0,Nelson Piquet
117,Alain,Prost,492,1981,2,6.0,Alain Prost
172,Jacques,Laffite,492,1981,3,4.0,Jacques Laffite
212,Hector,Rebaque,492,1981,4,3.0,Hector Rebaque
158,Eddie,Cheever,492,1981,5,2.0,Eddie Cheever
187,John,Watson,492,1981,6,1.0,John Watson
173,Elio,de Angelis,492,1981,7,0.0,Elio de Angelis
197,Jean-Pierre,Jarier,492,1981,8,0.0,Jean-Pierre Jarier
207,Mario,Andretti,492,1981,9,0.0,Mario Andretti
203,Gilles,Villeneuve,492,1981,10,0.0,Gilles Villeneuve
178,Alan,Jones,492,1981,11,0.0,Alan Jones
216,Siegfried,Stohr,492,1981,12,0.0,Siegfried Stohr
163,René,Arnoux,492,1981,13,0.0,René Arnoux
176,Marc,Surer,492,1981,14,0.0,Marc Surer
152,Bruno,Giacomelli,492,1981,15,0.0,Bruno Giacomelli
172,Jacques,Laffite,493,1981,1,9.0,Jacques Laffite
163,René,Arnoux,493,1981,2,6.0,René Arnoux
137,Nelson,Piquet,493,1981,3,4.0,Nelson Piquet
178,Alan,Jones,493,1981,4,3.0,Alan Jones
199,Carlos,Reutemann,493,1981,5,2.0,Carlos Reutemann
187,John,Watson,493,1981,6,1.0,John Watson
173,Elio,de Angelis,493,1981,7,0.0,Elio de Angelis
110,Andrea,de Cesaris,493,1981,8,0.0,Andrea de Cesaris
202,Didier,Pironi,493,1981,9,0.0,Didier Pironi
197,Jean-Pierre,Jarier,493,1981,10,0.0,Jean-Pierre Jarier
206,Derek,Daly,493,1981,11,0.0,Derek Daly
117,Alain,Prost,494,1981,1,9.0,Alain Prost
137,Nelson,Piquet,494,1981,2,6.0,Nelson Piquet
178,Alan,Jones,494,1981,3,4.0,Alan Jones
212,Hector,Rebaque,494,1981,4,3.0,Hector Rebaque
173,Elio,de Angelis,494,1981,5,2.0,Elio de Angelis
194,Eliseo,Salazar,494,1981,6,1.0,Eliseo Salazar
216,Siegfried,Stohr,494,1981,7,0.0,Siegfried Stohr
176,Marc,Surer,494,1981,8,0.0,Marc Surer
105,Michele,Alboreto,494,1981,9,0.0,Michele Alboreto
201,Slim,Borgudd,494,1981,10,0.0,Slim Borgudd
117,Alain,Prost,495,1981,1,9.0,Alain Prost
178,Alan,Jones,495,1981,2,6.0,Alan Jones
199,Carlos,Reutemann,495,1981,3,4.0,Carlos Reutemann
173,Elio,de Angelis,495,1981,4,3.0,Elio de Angelis
202,Didier,Pironi,495,1981,5,2.0,Didier Pironi
137,Nelson,Piquet,495,1981,6,1.0,Nelson Piquet
110,Andrea,de Cesaris,495,1981,7,0.0,Andrea de Cesaris
152,Bruno,Giacomelli,495,1981,8,0.0,Bruno Giacomelli
197,Jean-Pierre,Jarier,495,1981,9,0.0,Jean-Pierre Jarier
205,Brian,Henton,495,1981,10,0.0,Brian Henton
172,Jacques,Laffite,496,1981,1,9.0,Jacques Laffite
187,John,Watson,496,1981,2,6.0,John Watson
203,Gilles,Villeneuve,496,1981,3,4.0,Gilles Villeneuve
152,Bruno,Giacomelli,496,1981,4,3.0,Bruno Giacomelli
137,Nelson,Piquet,496,1981,5,2.0,Nelson Piquet
173,Elio,de Angelis,496,1981,6,1.0,Elio de Angelis
207,Mario,Andretti,496,1981,7,0.0,Mario Andretti
206,Derek,Daly,496,1981,8,0.0,Derek Daly
176,Marc,Surer,496,1981,9,0.0,Marc Surer
199,Carlos,Reutemann,496,1981,10,0.0,Carlos Reutemann
105,Michele,Alboreto,496,1981,11,0.0,Michele Alboreto
158,Eddie,Cheever,496,1981,12,0.0,Eddie Cheever
178,Alan,Jones,497,1981,1,9.0,Alan Jones
117,Alain,Prost,497,1981,2,6.0,Alain Prost
152,Bruno,Giacomelli,497,1981,3,4.0,Bruno Giacomelli
95,Nigel,Mansell,497,1981,4,3.0,Nigel Mansell
137,Nelson,Piquet,497,1981,5,2.0,Nelson Piquet
172,Jacques,Laffite,497,1981,6,1.0,Jacques Laffite
187,John,Watson,497,1981,7,0.0,John Watson
199,Carlos,Reutemann,497,1981,8,0.0,Carlos Reutemann
202,Didier,Pironi,497,1981,9,0.0,Didier Pironi
177,Keke,Rosberg,497,1981,10,0.0,Keke Rosberg
119,Riccardo,Patrese,497,1981,11,0.0,Riccardo Patrese
110,Andrea,de Cesaris,497,1981,12,0.0,Andrea de Cesaris
105,Michele,Alboreto,497,1981,13,0.0,Michele Alboreto
178,Alan,Jones,498,1980,1,9.0,Alan Jones
137,Nelson,Piquet,498,1980,2,6.0,Nelson Piquet
177,Keke,Rosberg,498,1980,3,4.0,Keke Rosberg
206,Derek,Daly,498,1980,4,3.0,Derek Daly
152,Bruno,Giacomelli,498,1980,5,2.0,Bruno Giacomelli
117,Alain,Prost,498,1980,6,1.0,Alain Prost
217,Ricardo,Zunino,498,1980,7,0.0,Ricardo Zunino
163,René,Arnoux,499,1980,1,9.0,René Arnoux
173,Elio,de Angelis,499,1980,2,6.0,Elio de Angelis
178,Alan,Jones,499,1980,3,4.0,Alan Jones
202,Didier,Pironi,499,1980,4,3.0,Didier Pironi
117,Alain,Prost,499,1980,5,2.0,Alain Prost
119,Riccardo,Patrese,499,1980,6,1.0,Riccardo Patrese
176,Marc,Surer,499,1980,7,0.0,Marc Surer
217,Ricardo,Zunino,499,1980,8,0.0,Ricardo Zunino
177,Keke,Rosberg,499,1980,9,0.0,Keke Rosberg
200,Jochen,Mass,499,1980,10,0.0,Jochen Mass
187,John,Watson,499,1980,11,0.0,John Watson
197,Jean-Pierre,Jarier,499,1980,12,0.0,Jean-Pierre Jarier
152,Bruno,Giacomelli,499,1980,13,0.0,Bruno Giacomelli
206,Derek,Daly,499,1980,14,0.0,Derek Daly
224,Emerson,Fittipaldi,499,1980,15,0.0,Emerson Fittipaldi
203,Gilles,Villeneuve,499,1980,16,0.0,Gilles Villeneuve
163,René,Arnoux,500,1980,1,9.0,René Arnoux
172,Jacques,Laffite,500,1980,2,6.0,Jacques Laffite
202,Didier,Pironi,500,1980,3,4.0,Didier Pironi
137,Nelson,Piquet,500,1980,4,3.0,Nelson Piquet
199,Carlos,Reutemann,500,1980,5,2.0,Carlos Reutemann
200,Jochen,Mass,500,1980,6,1.0,Jochen Mass
197,Jean-Pierre,Jarier,500,1980,7,0.0,Jean-Pierre Jarier
224,Emerson,Fittipaldi,500,1980,8,0.0,Emerson Fittipaldi
223,Clay,Regazzoni,500,1980,9,0.0,Clay Regazzoni
217,Ricardo,Zunino,500,1980,10,0.0,Ricardo Zunino
187,John,Watson,500,1980,11,0.0,John Watson
207,Mario,Andretti,500,1980,12,0.0,Mario Andretti
209,Geoff,Lees,500,1980,13,0.0,Geoff Lees
137,Nelson,Piquet,501,1980,1,9.0,Nelson Piquet
119,Riccardo,Patrese,501,1980,2,6.0,Riccardo Patrese
224,Emerson,Fittipaldi,501,1980,3,4.0,Emerson Fittipaldi
187,John,Watson,501,1980,4,3.0,John Watson
222,Jody,Scheckter,501,1980,5,2.0,Jody Scheckter
202,Didier,Pironi,501,1980,6,1.0,Didier Pironi
200,Jochen,Mass,501,1980,7,0.0,Jochen Mass
206,Derek,Daly,501,1980,8,0.0,Derek Daly
163,René,Arnoux,501,1980,9,0.0,René Arnoux
219,Jean-Pierre,Jabouille,501,1980,10,0.0,Jean-Pierre Jabouille
202,Didier,Pironi,502,1980,1,9.0,Didier Pironi
178,Alan,Jones,502,1980,2,6.0,Alan Jones
199,Carlos,Reutemann,502,1980,3,4.0,Carlos Reutemann
163,René,Arnoux,502,1980,4,3.0,René Arnoux
197,Jean-Pierre,Jarier,502,1980,5,2.0,Jean-Pierre Jarier
203,Gilles,Villeneuve,502,1980,6,1.0,Gilles Villeneuve
177,Keke,Rosberg,502,1980,7,0.0,Keke Rosberg
222,Jody,Scheckter,502,1980,8,0.0,Jody Scheckter
206,Derek,Daly,502,1980,9,0.0,Derek Daly
173,Elio,de Angelis,502,1980,10,0.0,Elio de Angelis
172,Jacques,Laffite,502,1980,11,0.0,Jacques Laffite
136,Jan,Lammers,502,1980,12,0.0,Jan Lammers
199,Carlos,Reutemann,503,1980,1,9.0,Carlos Reutemann
172,Jacques,Laffite,503,1980,2,6.0,Jacques Laffite
137,Nelson,Piquet,503,1980,3,4.0,Nelson Piquet
200,Jochen,Mass,503,1980,4,3.0,Jochen Mass
203,Gilles,Villeneuve,503,1980,5,2.0,Gilles Villeneuve
224,Emerson,Fittipaldi,503,1980,6,1.0,Emerson Fittipaldi
207,Mario,Andretti,503,1980,7,0.0,Mario Andretti
119,Riccardo,Patrese,503,1980,8,0.0,Riccardo Patrese
173,Elio,de Angelis,503,1980,9,0.0,Elio de Angelis
178,Alan,Jones,504,1980,1,9.0,Alan Jones
202,Didier,Pironi,504,1980,2,6.0,Didier Pironi
172,Jacques,Laffite,504,1980,3,4.0,Jacques Laffite
137,Nelson,Piquet,504,1980,4,3.0,Nelson Piquet
163,René,Arnoux,504,1980,5,2.0,René Arnoux
199,Carlos,Reutemann,504,1980,6,1.0,Carlos Reutemann
187,John,Watson,504,1980,7,0.0,John Watson
203,Gilles,Villeneuve,504,1980,8,0.0,Gilles Villeneuve
119,Riccardo,Patrese,504,1980,9,0.0,Riccardo Patrese
200,Jochen,Mass,504,1980,10,0.0,Jochen Mass
206,Derek,Daly,504,1980,11,0.0,Derek Daly
222,Jody,Scheckter,504,1980,12,0.0,Jody Scheckter
178,Alan,Jones,505,1980,1,9.0,Alan Jones
137,Nelson,Piquet,505,1980,2,6.0,Nelson Piquet
199,Carlos,Reutemann,505,1980,3,4.0,Carlos Reutemann
206,Derek,Daly,505,1980,4,3.0,Derek Daly
197,Jean-Pierre,Jarier,505,1980,5,2.0,Jean-Pierre Jarier
117,Alain,Prost,505,1980,6,1.0,Alain Prost
212,Hector,Rebaque,505,1980,7,0.0,Hector Rebaque
187,John,Watson,505,1980,8,0.0,John Watson
119,Riccardo,Patrese,505,1980,9,0.0,Riccardo Patrese
222,Jody,Scheckter,505,1980,10,0.0,Jody Scheckter
211,Rupert,Keegan,505,1980,11,0.0,Rupert Keegan
224,Emerson,Fittipaldi,505,1980,12,0.0,Emerson Fittipaldi
200,Jochen,Mass,505,1980,13,0.0,Jochen Mass
172,Jacques,Laffite,506,1980,1,9.0,Jacques Laffite
199,Carlos,Reutemann,506,1980,2,6.0,Carlos Reutemann
178,Alan,Jones,506,1980,3,4.0,Alan Jones
137,Nelson,Piquet,506,1980,4,3.0,Nelson Piquet
152,Bruno,Giacomelli,506,1980,5,2.0,Bruno Giacomelli
203,Gilles,Villeneuve,506,1980,6,1.0,Gilles Villeneuve
207,Mario,Andretti,506,1980,7,0.0,Mario Andretti
200,Jochen,Mass,506,1980,8,0.0,Jochen Mass
119,Riccardo,Patrese,506,1980,9,0.0,Riccardo Patrese
206,Derek,Daly,506,1980,10,0.0,Derek Daly
117,Alain,Prost,506,1980,11,0.0,Alain Prost
176,Marc,Surer,506,1980,12,0.0,Marc Surer
222,Jody,Scheckter,506,1980,13,0.0,Jody Scheckter
136,Jan,Lammers,506,1980,14,0.0,Jan Lammers
197,Jean-Pierre,Jarier,506,1980,15,0.0,Jean-Pierre Jarier
173,Elio,de Angelis,506,1980,16,0.0,Elio de Angelis
219,Jean-Pierre,Jabouille,507,1980,1,9.0,Jean-Pierre Jabouille
178,Alan,Jones,507,1980,2,6.0,Alan Jones
199,Carlos,Reutemann,507,1980,3,4.0,Carlos Reutemann
172,Jacques,Laffite,507,1980,4,3.0,Jacques Laffite
137,Nelson,Piquet,507,1980,5,2.0,Nelson Piquet
173,Elio,de Angelis,507,1980,6,1.0,Elio de Angelis
117,Alain,Prost,507,1980,7,0.0,Alain Prost
203,Gilles,Villeneuve,507,1980,8,0.0,Gilles Villeneuve
163,René,Arnoux,507,1980,9,0.0,René Arnoux
212,Hector,Rebaque,507,1980,10,0.0,Hector Rebaque
224,Emerson,Fittipaldi,507,1980,11,0.0,Emerson Fittipaldi
176,Marc,Surer,507,1980,12,0.0,Marc Surer
222,Jody,Scheckter,507,1980,13,0.0,Jody Scheckter
119,Riccardo,Patrese,507,1980,14,0.0,Riccardo Patrese
211,Rupert,Keegan,507,1980,15,0.0,Rupert Keegan
177,Keke,Rosberg,507,1980,16,0.0,Keke Rosberg
137,Nelson,Piquet,508,1980,1,9.0,Nelson Piquet
163,René,Arnoux,508,1980,2,6.0,René Arnoux
172,Jacques,Laffite,508,1980,3,4.0,Jacques Laffite
199,Carlos,Reutemann,508,1980,4,3.0,Carlos Reutemann
197,Jean-Pierre,Jarier,508,1980,5,2.0,Jean-Pierre Jarier
117,Alain,Prost,508,1980,6,1.0,Alain Prost
203,Gilles,Villeneuve,508,1980,7,0.0,Gilles Villeneuve
207,Mario,Andretti,508,1980,8,0.0,Mario Andretti
222,Jody,Scheckter,508,1980,9,0.0,Jody Scheckter
176,Marc,Surer,508,1980,10,0.0,Marc Surer
178,Alan,Jones,508,1980,11,0.0,Alan Jones
137,Nelson,Piquet,509,1980,1,9.0,Nelson Piquet
178,Alan,Jones,509,1980,2,6.0,Alan Jones
199,Carlos,Reutemann,509,1980,3,4.0,Carlos Reutemann
173,Elio,de Angelis,509,1980,4,3.0,Elio de Angelis
177,Keke,Rosberg,509,1980,5,2.0,Keke Rosberg
202,Didier,Pironi,509,1980,6,1.0,Didier Pironi
117,Alain,Prost,509,1980,7,0.0,Alain Prost
222,Jody,Scheckter,509,1980,8,0.0,Jody Scheckter
172,Jacques,Laffite,509,1980,9,0.0,Jacques Laffite
163,René,Arnoux,509,1980,10,0.0,René Arnoux
211,Rupert,Keegan,509,1980,11,0.0,Rupert Keegan
158,Eddie,Cheever,509,1980,12,0.0,Eddie Cheever
197,Jean-Pierre,Jarier,509,1980,13,0.0,Jean-Pierre Jarier
178,Alan,Jones,510,1980,1,9.0,Alan Jones
199,Carlos,Reutemann,510,1980,2,6.0,Carlos Reutemann
202,Didier,Pironi,510,1980,3,4.0,Didier Pironi
187,John,Watson,510,1980,4,3.0,John Watson
203,Gilles,Villeneuve,510,1980,5,2.0,Gilles Villeneuve
212,Hector,Rebaque,510,1980,6,1.0,Hector Rebaque
197,Jean-Pierre,Jarier,510,1980,7,0.0,Jean-Pierre Jarier
172,Jacques,Laffite,510,1980,8,0.0,Jacques Laffite
177,Keke,Rosberg,510,1980,9,0.0,Keke Rosberg
173,Elio,de Angelis,510,1980,10,0.0,Elio de Angelis
200,Jochen,Mass,510,1980,11,0.0,Jochen Mass
136,Jan,Lammers,510,1980,12,0.0,Jan Lammers
178,Alan,Jones,511,1980,1,9.0,Alan Jones
199,Carlos,Reutemann,511,1980,2,6.0,Carlos Reutemann
202,Didier,Pironi,511,1980,3,4.0,Didier Pironi
173,Elio,de Angelis,511,1980,4,3.0,Elio de Angelis
172,Jacques,Laffite,511,1980,5,2.0,Jacques Laffite
207,Mario,Andretti,511,1980,6,1.0,Mario Andretti
163,René,Arnoux,511,1980,7,0.0,René Arnoux
176,Marc,Surer,511,1980,8,0.0,Marc Surer
211,Rupert,Keegan,511,1980,9,0.0,Rupert Keegan
177,Keke,Rosberg,511,1980,10,0.0,Keke Rosberg
222,Jody,Scheckter,511,1980,11,0.0,Jody Scheckter
172,Jacques,Laffite,512,1979,1,9.0,Jacques Laffite
199,Carlos,Reutemann,512,1979,2,6.0,Carlos Reutemann
187,John,Watson,512,1979,3,4.0,John Watson
221,Patrick,Depailler,512,1979,4,3.0,Patrick Depailler
207,Mario,Andretti,512,1979,5,2.0,Mario Andretti
224,Emerson,Fittipaldi,512,1979,6,1.0,Emerson Fittipaldi
173,Elio,de Angelis,512,1979,7,0.0,Elio de Angelis
200,Jochen,Mass,512,1979,8,0.0,Jochen Mass
178,Alan,Jones,512,1979,9,0.0,Alan Jones
223,Clay,Regazzoni,512,1979,10,0.0,Clay Regazzoni
206,Derek,Daly,512,1979,11,0.0,Derek Daly
172,Jacques,Laffite,513,1979,1,9.0,Jacques Laffite
221,Patrick,Depailler,513,1979,2,6.0,Patrick Depailler
199,Carlos,Reutemann,513,1979,3,4.0,Carlos Reutemann
202,Didier,Pironi,513,1979,4,3.0,Didier Pironi
203,Gilles,Villeneuve,513,1979,5,2.0,Gilles Villeneuve
222,Jody,Scheckter,513,1979,6,1.0,Jody Scheckter
200,Jochen,Mass,513,1979,7,0.0,Jochen Mass
187,John,Watson,513,1979,8,0.0,John Watson
119,Riccardo,Patrese,513,1979,9,0.0,Riccardo Patrese
219,Jean-Pierre,Jabouille,513,1979,10,0.0,Jean-Pierre Jabouille
224,Emerson,Fittipaldi,513,1979,11,0.0,Emerson Fittipaldi
173,Elio,de Angelis,513,1979,12,0.0,Elio de Angelis
206,Derek,Daly,513,1979,13,0.0,Derek Daly
136,Jan,Lammers,513,1979,14,0.0,Jan Lammers
223,Clay,Regazzoni,513,1979,15,0.0,Clay Regazzoni
203,Gilles,Villeneuve,514,1979,1,9.0,Gilles Villeneuve
222,Jody,Scheckter,514,1979,2,6.0,Jody Scheckter
197,Jean-Pierre,Jarier,514,1979,3,4.0,Jean-Pierre Jarier
207,Mario,Andretti,514,1979,4,3.0,Mario Andretti
199,Carlos,Reutemann,514,1979,5,2.0,Carlos Reutemann
182,Niki,Lauda,514,1979,6,1.0,Niki Lauda
137,Nelson,Piquet,514,1979,7,0.0,Nelson Piquet
231,James,Hunt,514,1979,8,0.0,James Hunt
223,Clay,Regazzoni,514,1979,9,0.0,Clay Regazzoni
175,Patrick,Tambay,514,1979,10,0.0,Patrick Tambay
119,Riccardo,Patrese,514,1979,11,0.0,Riccardo Patrese
200,Jochen,Mass,514,1979,12,0.0,Jochen Mass
224,Emerson,Fittipaldi,514,1979,13,0.0,Emerson Fittipaldi
203,Gilles,Villeneuve,515,1979,1,9.0,Gilles Villeneuve
222,Jody,Scheckter,515,1979,2,6.0,Jody Scheckter
178,Alan,Jones,515,1979,3,4.0,Alan Jones
207,Mario,Andretti,515,1979,4,3.0,Mario Andretti
221,Patrick,Depailler,515,1979,5,2.0,Patrick Depailler
197,Jean-Pierre,Jarier,515,1979,6,1.0,Jean-Pierre Jarier
173,Elio,de Angelis,515,1979,7,0.0,Elio de Angelis
137,Nelson,Piquet,515,1979,8,0.0,Nelson Piquet
200,Jochen,Mass,515,1979,9,0.0,Jochen Mass
221,Patrick,Depailler,516,1979,1,9.0,Patrick Depailler
199,Carlos,Reutemann,516,1979,2,6.0,Carlos Reutemann
207,Mario,Andretti,516,1979,3,4.0,Mario Andretti
222,Jody,Scheckter,516,1979,4,3.0,Jody Scheckter
197,Jean-Pierre,Jarier,516,1979,5,2.0,Jean-Pierre Jarier
202,Didier,Pironi,516,1979,6,1.0,Didier Pironi
203,Gilles,Villeneuve,516,1979,7,0.0,Gilles Villeneuve
200,Jochen,Mass,516,1979,8,0.0,Jochen Mass
163,René,Arnoux,516,1979,9,0.0,René Arnoux
119,Riccardo,Patrese,516,1979,10,0.0,Riccardo Patrese
224,Emerson,Fittipaldi,516,1979,11,0.0,Emerson Fittipaldi
136,Jan,Lammers,516,1979,12,0.0,Jan Lammers
175,Patrick,Tambay,516,1979,13,0.0,Patrick Tambay
233,Hans-Joachim,Stuck,516,1979,14,0.0,Hans-Joachim Stuck
222,Jody,Scheckter,517,1979,1,9.0,Jody Scheckter
172,Jacques,Laffite,517,1979,2,6.0,Jacques Laffite
202,Didier,Pironi,517,1979,3,4.0,Didier Pironi
199,Carlos,Reutemann,517,1979,4,3.0,Carlos Reutemann
119,Riccardo,Patrese,517,1979,5,2.0,Riccardo Patrese
187,John,Watson,517,1979,6,1.0,John Watson
203,Gilles,Villeneuve,517,1979,7,0.0,Gilles Villeneuve
233,Hans-Joachim,Stuck,517,1979,8,0.0,Hans-Joachim Stuck
224,Emerson,Fittipaldi,517,1979,9,0.0,Emerson Fittipaldi
136,Jan,Lammers,517,1979,10,0.0,Jan Lammers
197,Jean-Pierre,Jarier,517,1979,11,0.0,Jean-Pierre Jarier
222,Jody,Scheckter,518,1979,1,9.0,Jody Scheckter
223,Clay,Regazzoni,518,1979,2,6.0,Clay Regazzoni
199,Carlos,Reutemann,518,1979,3,4.0,Carlos Reutemann
187,John,Watson,518,1979,4,3.0,John Watson
221,Patrick,Depailler,518,1979,5,2.0,Patrick Depailler
200,Jochen,Mass,518,1979,6,1.0,Jochen Mass
219,Jean-Pierre,Jabouille,519,1979,1,9.0,Jean-Pierre Jabouille
203,Gilles,Villeneuve,519,1979,2,6.0,Gilles Villeneuve
163,René,Arnoux,519,1979,3,4.0,René Arnoux
178,Alan,Jones,519,1979,4,3.0,Alan Jones
197,Jean-Pierre,Jarier,519,1979,5,2.0,Jean-Pierre Jarier
223,Clay,Regazzoni,519,1979,6,1.0,Clay Regazzoni
222,Jody,Scheckter,519,1979,7,0.0,Jody Scheckter
172,Jacques,Laffite,519,1979,8,0.0,Jacques Laffite
177,Keke,Rosberg,519,1979,9,0.0,Keke Rosberg
175,Patrick,Tambay,519,1979,10,0.0,Patrick Tambay
187,John,Watson,519,1979,11,0.0,John Watson
212,Hector,Rebaque,519,1979,12,0.0,Hector Rebaque
199,Carlos,Reutemann,519,1979,13,0.0,Carlos Reutemann
119,Riccardo,Patrese,519,1979,14,0.0,Riccardo Patrese
200,Jochen,Mass,519,1979,15,0.0,Jochen Mass
173,Elio,de Angelis,519,1979,16,0.0,Elio de Angelis
152,Bruno,Giacomelli,519,1979,17,0.0,Bruno Giacomelli
136,Jan,Lammers,519,1979,18,0.0,Jan Lammers
223,Clay,Regazzoni,520,1979,1,9.0,Clay Regazzoni
163,René,Arnoux,520,1979,2,6.0,René Arnoux
197,Jean-Pierre,Jarier,520,1979,3,4.0,Jean-Pierre Jarier
187,John,Watson,520,1979,4,3.0,John Watson
222,Jody,Scheckter,520,1979,5,2.0,Jody Scheckter
235,Jacky,Ickx,520,1979,6,1.0,Jacky Ickx
175,Patrick,Tambay,520,1979,7,0.0,Patrick Tambay
199,Carlos,Reutemann,520,1979,8,0.0,Carlos Reutemann
212,Hector,Rebaque,520,1979,9,0.0,Hector Rebaque
202,Didier,Pironi,520,1979,10,0.0,Didier Pironi
136,Jan,Lammers,520,1979,11,0.0,Jan Lammers
173,Elio,de Angelis,520,1979,12,0.0,Elio de Angelis
236,Patrick,Gaillard,520,1979,13,0.0,Patrick Gaillard
203,Gilles,Villeneuve,520,1979,14,0.0,Gilles Villeneuve
178,Alan,Jones,521,1979,1,9.0,Alan Jones
223,Clay,Regazzoni,521,1979,2,6.0,Clay Regazzoni
172,Jacques,Laffite,521,1979,3,4.0,Jacques Laffite
222,Jody,Scheckter,521,1979,4,3.0,Jody Scheckter
187,John,Watson,521,1979,5,2.0,John Watson
200,Jochen,Mass,521,1979,6,1.0,Jochen Mass
209,Geoff,Lees,521,1979,7,0.0,Geoff Lees
203,Gilles,Villeneuve,521,1979,8,0.0,Gilles Villeneuve
202,Didier,Pironi,521,1979,9,0.0,Didier Pironi
136,Jan,Lammers,521,1979,10,0.0,Jan Lammers
173,Elio,de Angelis,521,1979,11,0.0,Elio de Angelis
137,Nelson,Piquet,521,1979,12,0.0,Nelson Piquet
178,Alan,Jones,522,1979,1,9.0,Alan Jones
203,Gilles,Villeneuve,522,1979,2,6.0,Gilles Villeneuve
172,Jacques,Laffite,522,1979,3,4.0,Jacques Laffite
222,Jody,Scheckter,522,1979,4,3.0,Jody Scheckter
223,Clay,Regazzoni,522,1979,5,2.0,Clay Regazzoni
163,René,Arnoux,522,1979,6,1.0,René Arnoux
202,Didier,Pironi,522,1979,7,0.0,Didier Pironi
206,Derek,Daly,522,1979,8,0.0,Derek Daly
187,John,Watson,522,1979,9,0.0,John Watson
175,Patrick,Tambay,522,1979,10,0.0,Patrick Tambay
178,Alan,Jones,523,1979,1,9.0,Alan Jones
222,Jody,Scheckter,523,1979,2,6.0,Jody Scheckter
172,Jacques,Laffite,523,1979,3,4.0,Jacques Laffite
137,Nelson,Piquet,523,1979,4,3.0,Nelson Piquet
235,Jacky,Ickx,523,1979,5,2.0,Jacky Ickx
200,Jochen,Mass,523,1979,6,1.0,Jochen Mass
212,Hector,Rebaque,523,1979,7,0.0,Hector Rebaque
222,Jody,Scheckter,524,1979,1,9.0,Jody Scheckter
203,Gilles,Villeneuve,524,1979,2,6.0,Gilles Villeneuve
223,Clay,Regazzoni,524,1979,3,4.0,Clay Regazzoni
182,Niki,Lauda,524,1979,4,3.0,Niki Lauda
207,Mario,Andretti,524,1979,5,2.0,Mario Andretti
197,Jean-Pierre,Jarier,524,1979,6,1.0,Jean-Pierre Jarier
199,Carlos,Reutemann,524,1979,7,0.0,Carlos Reutemann
224,Emerson,Fittipaldi,524,1979,8,0.0,Emerson Fittipaldi
178,Alan,Jones,524,1979,9,0.0,Alan Jones
202,Didier,Pironi,524,1979,10,0.0,Didier Pironi
233,Hans-Joachim,Stuck,524,1979,11,0.0,Hans-Joachim Stuck
230,Vittorio,Brambilla,524,1979,12,0.0,Vittorio Brambilla
119,Riccardo,Patrese,524,1979,13,0.0,Riccardo Patrese
219,Jean-Pierre,Jabouille,524,1979,14,0.0,Jean-Pierre Jabouille
178,Alan,Jones,525,1979,1,9.0,Alan Jones
203,Gilles,Villeneuve,525,1979,2,6.0,Gilles Villeneuve
223,Clay,Regazzoni,525,1979,3,4.0,Clay Regazzoni
222,Jody,Scheckter,525,1979,4,3.0,Jody Scheckter
202,Didier,Pironi,525,1979,5,2.0,Didier Pironi
187,John,Watson,525,1979,6,1.0,John Watson
217,Ricardo,Zunino,525,1979,7,0.0,Ricardo Zunino
224,Emerson,Fittipaldi,525,1979,8,0.0,Emerson Fittipaldi
136,Jan,Lammers,525,1979,9,0.0,Jan Lammers
207,Mario,Andretti,525,1979,10,0.0,Mario Andretti
203,Gilles,Villeneuve,526,1979,1,9.0,Gilles Villeneuve
163,René,Arnoux,526,1979,2,6.0,René Arnoux
202,Didier,Pironi,526,1979,3,4.0,Didier Pironi
173,Elio,de Angelis,526,1979,4,3.0,Elio de Angelis
233,Hans-Joachim,Stuck,526,1979,5,2.0,Hans-Joachim Stuck
187,John,Watson,526,1979,6,1.0,John Watson
224,Emerson,Fittipaldi,526,1979,7,0.0,Emerson Fittipaldi
207,Mario,Andretti,527,1978,1,9.0,Mario Andretti
182,Niki,Lauda,527,1978,2,6.0,Niki Lauda
221,Patrick,Depailler,527,1978,3,4.0,Patrick Depailler
231,James,Hunt,527,1978,4,3.0,James Hunt
238,Ronnie,Peterson,527,1978,5,2.0,Ronnie Peterson
175,Patrick,Tambay,527,1978,6,1.0,Patrick Tambay
199,Carlos,Reutemann,527,1978,7,0.0,Carlos Reutemann
203,Gilles,Villeneuve,527,1978,8,0.0,Gilles Villeneuve
224,Emerson,Fittipaldi,527,1978,9,0.0,Emerson Fittipaldi
222,Jody,Scheckter,527,1978,10,0.0,Jody Scheckter
200,Jochen,Mass,527,1978,11,0.0,Jochen Mass
197,Jean-Pierre,Jarier,527,1978,12,0.0,Jean-Pierre Jarier
239,Brett,Lunger,527,1978,13,0.0,Brett Lunger
202,Didier,Pironi,527,1978,14,0.0,Didier Pironi
223,Clay,Regazzoni,527,1978,15,0.0,Clay Regazzoni
172,Jacques,Laffite,527,1978,16,0.0,Jacques Laffite
233,Hans-Joachim,Stuck,527,1978,17,0.0,Hans-Joachim Stuck
230,Vittorio,Brambilla,527,1978,18,0.0,Vittorio Brambilla
199,Carlos,Reutemann,528,1978,1,9.0,Carlos Reutemann
224,Emerson,Fittipaldi,528,1978,2,6.0,Emerson Fittipaldi
182,Niki,Lauda,528,1978,3,4.0,Niki Lauda
207,Mario,Andretti,528,1978,4,3.0,Mario Andretti
223,Clay,Regazzoni,528,1978,5,2.0,Clay Regazzoni
202,Didier,Pironi,528,1978,6,1.0,Didier Pironi
200,Jochen,Mass,528,1978,7,0.0,Jochen Mass
187,John,Watson,528,1978,8,0.0,John Watson
172,Jacques,Laffite,528,1978,9,0.0,Jacques Laffite
119,Riccardo,Patrese,528,1978,10,0.0,Riccardo Patrese
178,Alan,Jones,528,1978,11,0.0,Alan Jones
238,Ronnie,Peterson,529,1978,1,9.0,Ronnie Peterson
221,Patrick,Depailler,529,1978,2,6.0,Patrick Depailler
187,John,Watson,529,1978,3,4.0,John Watson
178,Alan,Jones,529,1978,4,3.0,Alan Jones
172,Jacques,Laffite,529,1978,5,2.0,Jacques Laffite
202,Didier,Pironi,529,1978,6,1.0,Didier Pironi
207,Mario,Andretti,529,1978,7,0.0,Mario Andretti
197,Jean-Pierre,Jarier,529,1978,8,0.0,Jean-Pierre Jarier
243,Rolf,Stommelen,529,1978,9,0.0,Rolf Stommelen
212,Hector,Rebaque,529,1978,10,0.0,Hector Rebaque
239,Brett,Lunger,529,1978,11,0.0,Brett Lunger
230,Vittorio,Brambilla,529,1978,12,0.0,Vittorio Brambilla
199,Carlos,Reutemann,530,1978,1,9.0,Carlos Reutemann
207,Mario,Andretti,530,1978,2,6.0,Mario Andretti
221,Patrick,Depailler,530,1978,3,4.0,Patrick Depailler
238,Ronnie,Peterson,530,1978,4,3.0,Ronnie Peterson
172,Jacques,Laffite,530,1978,5,2.0,Jacques Laffite
119,Riccardo,Patrese,530,1978,6,1.0,Riccardo Patrese
178,Alan,Jones,530,1978,7,0.0,Alan Jones
224,Emerson,Fittipaldi,530,1978,8,0.0,Emerson Fittipaldi
243,Rolf,Stommelen,530,1978,9,0.0,Rolf Stommelen
223,Clay,Regazzoni,530,1978,10,0.0,Clay Regazzoni
197,Jean-Pierre,Jarier,530,1978,11,0.0,Jean-Pierre Jarier
175,Patrick,Tambay,530,1978,12,0.0,Patrick Tambay
221,Patrick,Depailler,531,1978,1,9.0,Patrick Depailler
182,Niki,Lauda,531,1978,2,6.0,Niki Lauda
222,Jody,Scheckter,531,1978,3,4.0,Jody Scheckter
187,John,Watson,531,1978,4,3.0,John Watson
202,Didier,Pironi,531,1978,5,2.0,Didier Pironi
119,Riccardo,Patrese,531,1978,6,1.0,Riccardo Patrese
175,Patrick,Tambay,531,1978,7,0.0,Patrick Tambay
199,Carlos,Reutemann,531,1978,8,0.0,Carlos Reutemann
224,Emerson,Fittipaldi,531,1978,9,0.0,Emerson Fittipaldi
219,Jean-Pierre,Jabouille,531,1978,10,0.0,Jean-Pierre Jabouille
207,Mario,Andretti,531,1978,11,0.0,Mario Andretti
207,Mario,Andretti,532,1978,1,9.0,Mario Andretti
238,Ronnie,Peterson,532,1978,2,6.0,Ronnie Peterson
199,Carlos,Reutemann,532,1978,3,4.0,Carlos Reutemann
203,Gilles,Villeneuve,532,1978,4,3.0,Gilles Villeneuve
172,Jacques,Laffite,532,1978,5,2.0,Jacques Laffite
202,Didier,Pironi,532,1978,6,1.0,Didier Pironi
239,Brett,Lunger,532,1978,7,0.0,Brett Lunger
152,Bruno,Giacomelli,532,1978,8,0.0,Bruno Giacomelli
163,René,Arnoux,532,1978,9,0.0,René Arnoux
178,Alan,Jones,532,1978,10,0.0,Alan Jones
200,Jochen,Mass,532,1978,11,0.0,Jochen Mass
235,Jacky,Ickx,532,1978,12,0.0,Jacky Ickx
230,Vittorio,Brambilla,532,1978,13,0.0,Vittorio Brambilla
207,Mario,Andretti,533,1978,1,9.0,Mario Andretti
238,Ronnie,Peterson,533,1978,2,6.0,Ronnie Peterson
172,Jacques,Laffite,533,1978,3,4.0,Jacques Laffite
222,Jody,Scheckter,533,1978,4,3.0,Jody Scheckter
187,John,Watson,533,1978,5,2.0,John Watson
231,James,Hunt,533,1978,6,1.0,James Hunt
230,Vittorio,Brambilla,533,1978,7,0.0,Vittorio Brambilla
178,Alan,Jones,533,1978,8,0.0,Alan Jones
200,Jochen,Mass,533,1978,9,0.0,Jochen Mass
203,Gilles,Villeneuve,533,1978,10,0.0,Gilles Villeneuve
211,Rupert,Keegan,533,1978,11,0.0,Rupert Keegan
202,Didier,Pironi,533,1978,12,0.0,Didier Pironi
219,Jean-Pierre,Jabouille,533,1978,13,0.0,Jean-Pierre Jabouille
243,Rolf,Stommelen,533,1978,14,0.0,Rolf Stommelen
223,Clay,Regazzoni,533,1978,15,0.0,Clay Regazzoni
182,Niki,Lauda,534,1978,1,9.0,Niki Lauda
119,Riccardo,Patrese,534,1978,2,6.0,Riccardo Patrese
238,Ronnie,Peterson,534,1978,3,4.0,Ronnie Peterson
175,Patrick,Tambay,534,1978,4,3.0,Patrick Tambay
223,Clay,Regazzoni,534,1978,5,2.0,Clay Regazzoni
224,Emerson,Fittipaldi,534,1978,6,1.0,Emerson Fittipaldi
172,Jacques,Laffite,534,1978,7,0.0,Jacques Laffite
231,James,Hunt,534,1978,8,0.0,James Hunt
203,Gilles,Villeneuve,534,1978,9,0.0,Gilles Villeneuve
199,Carlos,Reutemann,534,1978,10,0.0,Carlos Reutemann
233,Hans-Joachim,Stuck,534,1978,11,0.0,Hans-Joachim Stuck
212,Hector,Rebaque,534,1978,12,0.0,Hector Rebaque
200,Jochen,Mass,534,1978,13,0.0,Jochen Mass
243,Rolf,Stommelen,534,1978,14,0.0,Rolf Stommelen
177,Keke,Rosberg,534,1978,15,0.0,Keke Rosberg
207,Mario,Andretti,535,1978,1,9.0,Mario Andretti
238,Ronnie,Peterson,535,1978,2,6.0,Ronnie Peterson
231,James,Hunt,535,1978,3,4.0,James Hunt
187,John,Watson,535,1978,4,3.0,John Watson
178,Alan,Jones,535,1978,5,2.0,Alan Jones
222,Jody,Scheckter,535,1978,6,1.0,Jody Scheckter
172,Jacques,Laffite,535,1978,7,0.0,Jacques Laffite
119,Riccardo,Patrese,535,1978,8,0.0,Riccardo Patrese
175,Patrick,Tambay,535,1978,9,0.0,Patrick Tambay
202,Didier,Pironi,535,1978,10,0.0,Didier Pironi
233,Hans-Joachim,Stuck,535,1978,11,0.0,Hans-Joachim Stuck
203,Gilles,Villeneuve,535,1978,12,0.0,Gilles Villeneuve
200,Jochen,Mass,535,1978,13,0.0,Jochen Mass
163,René,Arnoux,535,1978,14,0.0,René Arnoux
243,Rolf,Stommelen,535,1978,15,0.0,Rolf Stommelen
177,Keke,Rosberg,535,1978,16,0.0,Keke Rosberg
230,Vittorio,Brambilla,535,1978,17,0.0,Vittorio Brambilla
199,Carlos,Reutemann,535,1978,18,0.0,Carlos Reutemann
199,Carlos,Reutemann,536,1978,1,9.0,Carlos Reutemann
182,Niki,Lauda,536,1978,2,6.0,Niki Lauda
187,John,Watson,536,1978,3,4.0,John Watson
221,Patrick,Depailler,536,1978,4,3.0,Patrick Depailler
233,Hans-Joachim,Stuck,536,1978,5,2.0,Hans-Joachim Stuck
175,Patrick,Tambay,536,1978,6,1.0,Patrick Tambay
152,Bruno,Giacomelli,536,1978,7,0.0,Bruno Giacomelli
239,Brett,Lunger,536,1978,8,0.0,Brett Lunger
230,Vittorio,Brambilla,536,1978,9,0.0,Vittorio Brambilla
172,Jacques,Laffite,536,1978,10,0.0,Jacques Laffite
207,Mario,Andretti,537,1978,1,9.0,Mario Andretti
222,Jody,Scheckter,537,1978,2,6.0,Jody Scheckter
172,Jacques,Laffite,537,1978,3,4.0,Jacques Laffite
224,Emerson,Fittipaldi,537,1978,4,3.0,Emerson Fittipaldi
202,Didier,Pironi,537,1978,5,2.0,Didier Pironi
212,Hector,Rebaque,537,1978,6,1.0,Hector Rebaque
187,John,Watson,537,1978,7,0.0,John Watson
203,Gilles,Villeneuve,537,1978,8,0.0,Gilles Villeneuve
119,Riccardo,Patrese,537,1978,9,0.0,Riccardo Patrese
177,Keke,Rosberg,537,1978,10,0.0,Keke Rosberg
229,Harald,Ertl,537,1978,11,0.0,Harald Ertl
238,Ronnie,Peterson,538,1978,1,9.0,Ronnie Peterson
221,Patrick,Depailler,538,1978,2,6.0,Patrick Depailler
203,Gilles,Villeneuve,538,1978,3,4.0,Gilles Villeneuve
224,Emerson,Fittipaldi,538,1978,4,3.0,Emerson Fittipaldi
172,Jacques,Laffite,538,1978,5,2.0,Jacques Laffite
230,Vittorio,Brambilla,538,1978,6,1.0,Vittorio Brambilla
187,John,Watson,538,1978,7,0.0,John Watson
239,Brett,Lunger,538,1978,8,0.0,Brett Lunger
163,René,Arnoux,538,1978,9,0.0,René Arnoux
207,Mario,Andretti,539,1978,1,9.0,Mario Andretti
238,Ronnie,Peterson,539,1978,2,6.0,Ronnie Peterson
182,Niki,Lauda,539,1978,3,4.0,Niki Lauda
187,John,Watson,539,1978,4,3.0,John Watson
224,Emerson,Fittipaldi,539,1978,5,2.0,Emerson Fittipaldi
203,Gilles,Villeneuve,539,1978,6,1.0,Gilles Villeneuve
199,Carlos,Reutemann,539,1978,7,0.0,Carlos Reutemann
172,Jacques,Laffite,539,1978,8,0.0,Jacques Laffite
175,Patrick,Tambay,539,1978,9,0.0,Patrick Tambay
231,James,Hunt,539,1978,10,0.0,James Hunt
212,Hector,Rebaque,539,1978,11,0.0,Hector Rebaque
222,Jody,Scheckter,539,1978,12,0.0,Jody Scheckter
182,Niki,Lauda,540,1978,1,9.0,Niki Lauda
187,John,Watson,540,1978,2,6.0,John Watson
199,Carlos,Reutemann,540,1978,3,4.0,Carlos Reutemann
172,Jacques,Laffite,540,1978,4,3.0,Jacques Laffite
175,Patrick,Tambay,540,1978,5,2.0,Patrick Tambay
207,Mario,Andretti,540,1978,6,1.0,Mario Andretti
203,Gilles,Villeneuve,540,1978,7,0.0,Gilles Villeneuve
224,Emerson,Fittipaldi,540,1978,8,0.0,Emerson Fittipaldi
137,Nelson,Piquet,540,1978,9,0.0,Nelson Piquet
206,Derek,Daly,540,1978,10,0.0,Derek Daly
221,Patrick,Depailler,540,1978,11,0.0,Patrick Depailler
222,Jody,Scheckter,540,1978,12,0.0,Jody Scheckter
178,Alan,Jones,540,1978,13,0.0,Alan Jones
152,Bruno,Giacomelli,540,1978,14,0.0,Bruno Giacomelli
199,Carlos,Reutemann,541,1978,1,9.0,Carlos Reutemann
178,Alan,Jones,541,1978,2,6.0,Alan Jones
222,Jody,Scheckter,541,1978,3,4.0,Jody Scheckter
219,Jean-Pierre,Jabouille,541,1978,4,3.0,Jean-Pierre Jabouille
224,Emerson,Fittipaldi,541,1978,5,2.0,Emerson Fittipaldi
175,Patrick,Tambay,541,1978,6,1.0,Patrick Tambay
231,James,Hunt,541,1978,7,0.0,James Hunt
206,Derek,Daly,541,1978,8,0.0,Derek Daly
163,René,Arnoux,541,1978,9,0.0,René Arnoux
202,Didier,Pironi,541,1978,10,0.0,Didier Pironi
172,Jacques,Laffite,541,1978,11,0.0,Jacques Laffite
249,Bobby,Rahal,541,1978,12,0.0,Bobby Rahal
239,Brett,Lunger,541,1978,13,0.0,Brett Lunger
223,Clay,Regazzoni,541,1978,14,0.0,Clay Regazzoni
197,Jean-Pierre,Jarier,541,1978,15,0.0,Jean-Pierre Jarier
243,Rolf,Stommelen,541,1978,16,0.0,Rolf Stommelen
203,Gilles,Villeneuve,542,1978,1,9.0,Gilles Villeneuve
222,Jody,Scheckter,542,1978,2,6.0,Jody Scheckter
199,Carlos,Reutemann,542,1978,3,4.0,Carlos Reutemann
119,Riccardo,Patrese,542,1978,4,3.0,Riccardo Patrese
221,Patrick,Depailler,542,1978,5,2.0,Patrick Depailler
206,Derek,Daly,542,1978,6,1.0,Derek Daly
202,Didier,Pironi,542,1978,7,0.0,Didier Pironi
175,Patrick,Tambay,542,1978,8,0.0,Patrick Tambay
178,Alan,Jones,542,1978,9,0.0,Alan Jones
207,Mario,Andretti,542,1978,10,0.0,Mario Andretti
137,Nelson,Piquet,542,1978,11,0.0,Nelson Piquet
219,Jean-Pierre,Jabouille,542,1978,12,0.0,Jean-Pierre Jabouille
222,Jody,Scheckter,543,1977,1,9.0,Jody Scheckter
250,Carlos,Pace,543,1977,2,6.0,Carlos Pace
199,Carlos,Reutemann,543,1977,3,4.0,Carlos Reutemann
224,Emerson,Fittipaldi,543,1977,4,3.0,Emerson Fittipaldi
207,Mario,Andretti,543,1977,5,2.0,Mario Andretti
223,Clay,Regazzoni,543,1977,6,1.0,Clay Regazzoni
230,Vittorio,Brambilla,543,1977,7,0.0,Vittorio Brambilla
199,Carlos,Reutemann,544,1977,1,9.0,Carlos Reutemann
231,James,Hunt,544,1977,2,6.0,James Hunt
182,Niki,Lauda,544,1977,3,4.0,Niki Lauda
224,Emerson,Fittipaldi,544,1977,4,3.0,Emerson Fittipaldi
255,Gunnar,Nilsson,544,1977,5,2.0,Gunnar Nilsson
254,Renzo,Zorzi,544,1977,6,1.0,Renzo Zorzi
253,Ingo,Hoffmann,544,1977,7,0.0,Ingo Hoffmann
182,Niki,Lauda,545,1977,1,9.0,Niki Lauda
222,Jody,Scheckter,545,1977,2,6.0,Jody Scheckter
221,Patrick,Depailler,545,1977,3,4.0,Patrick Depailler
231,James,Hunt,545,1977,4,3.0,James Hunt
200,Jochen,Mass,545,1977,5,2.0,Jochen Mass
187,John,Watson,545,1977,6,1.0,John Watson
230,Vittorio,Brambilla,545,1977,7,0.0,Vittorio Brambilla
199,Carlos,Reutemann,545,1977,8,0.0,Carlos Reutemann
223,Clay,Regazzoni,545,1977,9,0.0,Clay Regazzoni
224,Emerson,Fittipaldi,545,1977,10,0.0,Emerson Fittipaldi
246,Hans,Binder,545,1977,11,0.0,Hans Binder
255,Gunnar,Nilsson,545,1977,12,0.0,Gunnar Nilsson
250,Carlos,Pace,545,1977,13,0.0,Carlos Pace
239,Brett,Lunger,545,1977,14,0.0,Brett Lunger
256,Larry,Perkins,545,1977,15,0.0,Larry Perkins
207,Mario,Andretti,546,1977,1,9.0,Mario Andretti
182,Niki,Lauda,546,1977,2,6.0,Niki Lauda
222,Jody,Scheckter,546,1977,3,4.0,Jody Scheckter
221,Patrick,Depailler,546,1977,4,3.0,Patrick Depailler
224,Emerson,Fittipaldi,546,1977,5,2.0,Emerson Fittipaldi
197,Jean-Pierre,Jarier,546,1977,6,1.0,Jean-Pierre Jarier
231,James,Hunt,546,1977,7,0.0,James Hunt
255,Gunnar,Nilsson,546,1977,8,0.0,Gunnar Nilsson
172,Jacques,Laffite,546,1977,9,0.0,Jacques Laffite
205,Brian,Henton,546,1977,10,0.0,Brian Henton
246,Hans,Binder,546,1977,11,0.0,Hans Binder
207,Mario,Andretti,547,1977,1,9.0,Mario Andretti
199,Carlos,Reutemann,547,1977,2,6.0,Carlos Reutemann
222,Jody,Scheckter,547,1977,3,4.0,Jody Scheckter
200,Jochen,Mass,547,1977,4,3.0,Jochen Mass
255,Gunnar,Nilsson,547,1977,5,2.0,Gunnar Nilsson
233,Hans-Joachim,Stuck,547,1977,6,1.0,Hans-Joachim Stuck
172,Jacques,Laffite,547,1977,7,0.0,Jacques Laffite
238,Ronnie,Peterson,547,1977,8,0.0,Ronnie Peterson
246,Hans,Binder,547,1977,9,0.0,Hans Binder
239,Brett,Lunger,547,1977,10,0.0,Brett Lunger
251,Ian,Scheckter,547,1977,11,0.0,Ian Scheckter
258,Patrick,Nève,547,1977,12,0.0,Patrick Nève
208,Emilio,de Villota,547,1977,13,0.0,Emilio de Villota
224,Emerson,Fittipaldi,547,1977,14,0.0,Emerson Fittipaldi
222,Jody,Scheckter,548,1977,1,9.0,Jody Scheckter
182,Niki,Lauda,548,1977,2,6.0,Niki Lauda
199,Carlos,Reutemann,548,1977,3,4.0,Carlos Reutemann
200,Jochen,Mass,548,1977,4,3.0,Jochen Mass
207,Mario,Andretti,548,1977,5,2.0,Mario Andretti
178,Alan,Jones,548,1977,6,1.0,Alan Jones
172,Jacques,Laffite,548,1977,7,0.0,Jacques Laffite
230,Vittorio,Brambilla,548,1977,8,0.0,Vittorio Brambilla
119,Riccardo,Patrese,548,1977,9,0.0,Riccardo Patrese
235,Jacky,Ickx,548,1977,10,0.0,Jacky Ickx
197,Jean-Pierre,Jarier,548,1977,11,0.0,Jean-Pierre Jarier
211,Rupert,Keegan,548,1977,12,0.0,Rupert Keegan
255,Gunnar,Nilsson,549,1977,1,9.0,Gunnar Nilsson
182,Niki,Lauda,549,1977,2,6.0,Niki Lauda
238,Ronnie,Peterson,549,1977,3,4.0,Ronnie Peterson
230,Vittorio,Brambilla,549,1977,4,3.0,Vittorio Brambilla
178,Alan,Jones,549,1977,5,2.0,Alan Jones
233,Hans-Joachim,Stuck,549,1977,6,1.0,Hans-Joachim Stuck
231,James,Hunt,549,1977,7,0.0,James Hunt
221,Patrick,Depailler,549,1977,8,0.0,Patrick Depailler
229,Harald,Ertl,549,1977,9,0.0,Harald Ertl
258,Patrick,Nève,549,1977,10,0.0,Patrick Nève
197,Jean-Pierre,Jarier,549,1977,11,0.0,Jean-Pierre Jarier
256,Larry,Perkins,549,1977,12,0.0,Larry Perkins
259,David,Purley,549,1977,13,0.0,David Purley
232,Arturo,Merzario,549,1977,14,0.0,Arturo Merzario
172,Jacques,Laffite,550,1977,1,9.0,Jacques Laffite
200,Jochen,Mass,550,1977,2,6.0,Jochen Mass
199,Carlos,Reutemann,550,1977,3,4.0,Carlos Reutemann
221,Patrick,Depailler,550,1977,4,3.0,Patrick Depailler
187,John,Watson,550,1977,5,2.0,John Watson
207,Mario,Andretti,550,1977,6,1.0,Mario Andretti
223,Clay,Regazzoni,550,1977,7,0.0,Clay Regazzoni
197,Jean-Pierre,Jarier,550,1977,8,0.0,Jean-Pierre Jarier
262,Jackie,Oliver,550,1977,9,0.0,Jackie Oliver
233,Hans-Joachim,Stuck,550,1977,10,0.0,Hans-Joachim Stuck
239,Brett,Lunger,550,1977,11,0.0,Brett Lunger
231,James,Hunt,550,1977,12,0.0,James Hunt
211,Rupert,Keegan,550,1977,13,0.0,Rupert Keegan
259,David,Purley,550,1977,14,0.0,David Purley
258,Patrick,Nève,550,1977,15,0.0,Patrick Nève
229,Harald,Ertl,550,1977,16,0.0,Harald Ertl
178,Alan,Jones,550,1977,17,0.0,Alan Jones
224,Emerson,Fittipaldi,550,1977,18,0.0,Emerson Fittipaldi
255,Gunnar,Nilsson,550,1977,19,0.0,Gunnar Nilsson
207,Mario,Andretti,551,1977,1,9.0,Mario Andretti
187,John,Watson,551,1977,2,6.0,John Watson
231,James,Hunt,551,1977,3,4.0,James Hunt
255,Gunnar,Nilsson,551,1977,4,3.0,Gunnar Nilsson
182,Niki,Lauda,551,1977,5,2.0,Niki Lauda
199,Carlos,Reutemann,551,1977,6,1.0,Carlos Reutemann
223,Clay,Regazzoni,551,1977,7,0.0,Clay Regazzoni
172,Jacques,Laffite,551,1977,8,0.0,Jacques Laffite
200,Jochen,Mass,551,1977,9,0.0,Jochen Mass
211,Rupert,Keegan,551,1977,10,0.0,Rupert Keegan
224,Emerson,Fittipaldi,551,1977,11,0.0,Emerson Fittipaldi
238,Ronnie,Peterson,551,1977,12,0.0,Ronnie Peterson
230,Vittorio,Brambilla,551,1977,13,0.0,Vittorio Brambilla
231,James,Hunt,552,1977,1,9.0,James Hunt
182,Niki,Lauda,552,1977,2,6.0,Niki Lauda
255,Gunnar,Nilsson,552,1977,3,4.0,Gunnar Nilsson
200,Jochen,Mass,552,1977,4,3.0,Jochen Mass
233,Hans-Joachim,Stuck,552,1977,5,2.0,Hans-Joachim Stuck
172,Jacques,Laffite,552,1977,6,1.0,Jacques Laffite
178,Alan,Jones,552,1977,7,0.0,Alan Jones
230,Vittorio,Brambilla,552,1977,8,0.0,Vittorio Brambilla
197,Jean-Pierre,Jarier,552,1977,9,0.0,Jean-Pierre Jarier
258,Patrick,Nève,552,1977,10,0.0,Patrick Nève
203,Gilles,Villeneuve,552,1977,11,0.0,Gilles Villeneuve
267,Vern,Schuppan,552,1977,12,0.0,Vern Schuppan
239,Brett,Lunger,552,1977,13,0.0,Brett Lunger
207,Mario,Andretti,552,1977,14,0.0,Mario Andretti
199,Carlos,Reutemann,552,1977,15,0.0,Carlos Reutemann
182,Niki,Lauda,553,1977,1,9.0,Niki Lauda
222,Jody,Scheckter,553,1977,2,6.0,Jody Scheckter
233,Hans-Joachim,Stuck,553,1977,3,4.0,Hans-Joachim Stuck
199,Carlos,Reutemann,553,1977,4,3.0,Carlos Reutemann
230,Vittorio,Brambilla,553,1977,5,2.0,Vittorio Brambilla
175,Patrick,Tambay,553,1977,6,1.0,Patrick Tambay
267,Vern,Schuppan,553,1977,7,0.0,Vern Schuppan
237,Alex,Ribeiro,553,1977,8,0.0,Alex Ribeiro
238,Ronnie,Peterson,553,1977,9,0.0,Ronnie Peterson
119,Riccardo,Patrese,553,1977,10,0.0,Riccardo Patrese
178,Alan,Jones,554,1977,1,9.0,Alan Jones
182,Niki,Lauda,554,1977,2,6.0,Niki Lauda
233,Hans-Joachim,Stuck,554,1977,3,4.0,Hans-Joachim Stuck
199,Carlos,Reutemann,554,1977,4,3.0,Carlos Reutemann
238,Ronnie,Peterson,554,1977,5,2.0,Ronnie Peterson
200,Jochen,Mass,554,1977,6,1.0,Jochen Mass
211,Rupert,Keegan,554,1977,7,0.0,Rupert Keegan
187,John,Watson,554,1977,8,0.0,John Watson
258,Patrick,Nève,554,1977,9,0.0,Patrick Nève
239,Brett,Lunger,554,1977,10,0.0,Brett Lunger
224,Emerson,Fittipaldi,554,1977,11,0.0,Emerson Fittipaldi
246,Hans,Binder,554,1977,12,0.0,Hans Binder
221,Patrick,Depailler,554,1977,13,0.0,Patrick Depailler
197,Jean-Pierre,Jarier,554,1977,14,0.0,Jean-Pierre Jarier
230,Vittorio,Brambilla,554,1977,15,0.0,Vittorio Brambilla
267,Vern,Schuppan,554,1977,16,0.0,Vern Schuppan
208,Emilio,de Villota,554,1977,17,0.0,Emilio de Villota
182,Niki,Lauda,555,1977,1,9.0,Niki Lauda
172,Jacques,Laffite,555,1977,2,6.0,Jacques Laffite
222,Jody,Scheckter,555,1977,3,4.0,Jody Scheckter
224,Emerson,Fittipaldi,555,1977,4,3.0,Emerson Fittipaldi
175,Patrick,Tambay,555,1977,5,2.0,Patrick Tambay
199,Carlos,Reutemann,555,1977,6,1.0,Carlos Reutemann
233,Hans-Joachim,Stuck,555,1977,7,0.0,Hans-Joachim Stuck
246,Hans,Binder,555,1977,8,0.0,Hans Binder
239,Brett,Lunger,555,1977,9,0.0,Brett Lunger
251,Ian,Scheckter,555,1977,10,0.0,Ian Scheckter
237,Alex,Ribeiro,555,1977,11,0.0,Alex Ribeiro
230,Vittorio,Brambilla,555,1977,12,0.0,Vittorio Brambilla
119,Riccardo,Patrese,555,1977,13,0.0,Riccardo Patrese
207,Mario,Andretti,556,1977,1,9.0,Mario Andretti
182,Niki,Lauda,556,1977,2,6.0,Niki Lauda
178,Alan,Jones,556,1977,3,4.0,Alan Jones
200,Jochen,Mass,556,1977,4,3.0,Jochen Mass
223,Clay,Regazzoni,556,1977,5,2.0,Clay Regazzoni
238,Ronnie,Peterson,556,1977,6,1.0,Ronnie Peterson
258,Patrick,Nève,556,1977,7,0.0,Patrick Nève
172,Jacques,Laffite,556,1977,8,0.0,Jacques Laffite
211,Rupert,Keegan,556,1977,9,0.0,Rupert Keegan
231,James,Hunt,557,1977,1,9.0,James Hunt
207,Mario,Andretti,557,1977,2,6.0,Mario Andretti
222,Jody,Scheckter,557,1977,3,4.0,Jody Scheckter
182,Niki,Lauda,557,1977,4,3.0,Niki Lauda
223,Clay,Regazzoni,557,1977,5,2.0,Clay Regazzoni
199,Carlos,Reutemann,557,1977,6,1.0,Carlos Reutemann
172,Jacques,Laffite,557,1977,7,0.0,Jacques Laffite
211,Rupert,Keegan,557,1977,8,0.0,Rupert Keegan
197,Jean-Pierre,Jarier,557,1977,9,0.0,Jean-Pierre Jarier
239,Brett,Lunger,557,1977,10,0.0,Brett Lunger
246,Hans,Binder,557,1977,11,0.0,Hans Binder
187,John,Watson,557,1977,12,0.0,John Watson
224,Emerson,Fittipaldi,557,1977,13,0.0,Emerson Fittipaldi
221,Patrick,Depailler,557,1977,14,0.0,Patrick Depailler
237,Alex,Ribeiro,557,1977,15,0.0,Alex Ribeiro
238,Ronnie,Peterson,557,1977,16,0.0,Ronnie Peterson
270,Ian,Ashley,557,1977,17,0.0,Ian Ashley
258,Patrick,Nève,557,1977,18,0.0,Patrick Nève
230,Vittorio,Brambilla,557,1977,19,0.0,Vittorio Brambilla
222,Jody,Scheckter,558,1977,1,9.0,Jody Scheckter
221,Patrick,Depailler,558,1977,2,6.0,Patrick Depailler
200,Jochen,Mass,558,1977,3,4.0,Jochen Mass
178,Alan,Jones,558,1977,4,3.0,Alan Jones
175,Patrick,Tambay,558,1977,5,2.0,Patrick Tambay
230,Vittorio,Brambilla,558,1977,6,1.0,Vittorio Brambilla
240,Danny,Ongais,558,1977,7,0.0,Danny Ongais
237,Alex,Ribeiro,558,1977,8,0.0,Alex Ribeiro
207,Mario,Andretti,558,1977,9,0.0,Mario Andretti
119,Riccardo,Patrese,558,1977,10,0.0,Riccardo Patrese
239,Brett,Lunger,558,1977,11,0.0,Brett Lunger
203,Gilles,Villeneuve,558,1977,12,0.0,Gilles Villeneuve
231,James,Hunt,559,1977,1,9.0,James Hunt
199,Carlos,Reutemann,559,1977,2,6.0,Carlos Reutemann
221,Patrick,Depailler,559,1977,3,4.0,Patrick Depailler
178,Alan,Jones,559,1977,4,3.0,Alan Jones
172,Jacques,Laffite,559,1977,5,2.0,Jacques Laffite
119,Riccardo,Patrese,559,1977,6,1.0,Riccardo Patrese
233,Hans-Joachim,Stuck,559,1977,7,0.0,Hans-Joachim Stuck
230,Vittorio,Brambilla,559,1977,8,0.0,Vittorio Brambilla
272,Kunimitsu,Takahashi,559,1977,9,0.0,Kunimitsu Takahashi
222,Jody,Scheckter,559,1977,10,0.0,Jody Scheckter
273,Kazuyoshi,Hoshino,559,1977,11,0.0,Kazuyoshi Hoshino
237,Alex,Ribeiro,559,1977,12,0.0,Alex Ribeiro
182,Niki,Lauda,560,1976,1,9.0,Niki Lauda
221,Patrick,Depailler,560,1976,2,6.0,Patrick Depailler
252,Tom,Pryce,560,1976,3,4.0,Tom Pryce
233,Hans-Joachim,Stuck,560,1976,4,3.0,Hans-Joachim Stuck
222,Jody,Scheckter,560,1976,5,2.0,Jody Scheckter
200,Jochen,Mass,560,1976,6,1.0,Jochen Mass
223,Clay,Regazzoni,560,1976,7,0.0,Clay Regazzoni
235,Jacky,Ickx,560,1976,8,0.0,Jacky Ickx
254,Renzo,Zorzi,560,1976,9,0.0,Renzo Zorzi
250,Carlos,Pace,560,1976,10,0.0,Carlos Pace
253,Ingo,Hoffmann,560,1976,11,0.0,Ingo Hoffmann
199,Carlos,Reutemann,560,1976,12,0.0,Carlos Reutemann
224,Emerson,Fittipaldi,560,1976,13,0.0,Emerson Fittipaldi
275,Lella,Lombardi,560,1976,14,0.0,Lella Lombardi
182,Niki,Lauda,561,1976,1,9.0,Niki Lauda
231,James,Hunt,561,1976,2,6.0,James Hunt
200,Jochen,Mass,561,1976,3,4.0,Jochen Mass
222,Jody,Scheckter,561,1976,4,3.0,Jody Scheckter
187,John,Watson,561,1976,5,2.0,John Watson
207,Mario,Andretti,561,1976,6,1.0,Mario Andretti
252,Tom,Pryce,561,1976,7,0.0,Tom Pryce
230,Vittorio,Brambilla,561,1976,8,0.0,Vittorio Brambilla
221,Patrick,Depailler,561,1976,9,0.0,Patrick Depailler
276,Bob,Evans,561,1976,10,0.0,Bob Evans
239,Brett,Lunger,561,1976,11,0.0,Brett Lunger
233,Hans-Joachim,Stuck,561,1976,12,0.0,Hans-Joachim Stuck
277,Michel,Leclère,561,1976,13,0.0,Michel Leclère
278,Chris,Amon,561,1976,14,0.0,Chris Amon
229,Harald,Ertl,561,1976,15,0.0,Harald Ertl
235,Jacky,Ickx,561,1976,16,0.0,Jacky Ickx
224,Emerson,Fittipaldi,561,1976,17,0.0,Emerson Fittipaldi
223,Clay,Regazzoni,562,1976,1,9.0,Clay Regazzoni
182,Niki,Lauda,562,1976,2,6.0,Niki Lauda
221,Patrick,Depailler,562,1976,3,4.0,Patrick Depailler
172,Jacques,Laffite,562,1976,4,3.0,Jacques Laffite
200,Jochen,Mass,562,1976,5,2.0,Jochen Mass
224,Emerson,Fittipaldi,562,1976,6,1.0,Emerson Fittipaldi
197,Jean-Pierre,Jarier,562,1976,7,0.0,Jean-Pierre Jarier
278,Chris,Amon,562,1976,8,0.0,Chris Amon
250,Carlos,Pace,562,1976,9,0.0,Carlos Pace
238,Ronnie,Peterson,562,1976,10,0.0,Ronnie Peterson
231,James,Hunt,563,1976,1,9.0,James Hunt
182,Niki,Lauda,563,1976,2,6.0,Niki Lauda
255,Gunnar,Nilsson,563,1976,3,4.0,Gunnar Nilsson
199,Carlos,Reutemann,563,1976,4,3.0,Carlos Reutemann
278,Chris,Amon,563,1976,5,2.0,Chris Amon
250,Carlos,Pace,563,1976,6,1.0,Carlos Pace
235,Jacky,Ickx,563,1976,7,0.0,Jacky Ickx
252,Tom,Pryce,563,1976,8,0.0,Tom Pryce
178,Alan,Jones,563,1976,9,0.0,Alan Jones
277,Michel,Leclère,563,1976,10,0.0,Michel Leclère
223,Clay,Regazzoni,563,1976,11,0.0,Clay Regazzoni
172,Jacques,Laffite,563,1976,12,0.0,Jacques Laffite
256,Larry,Perkins,563,1976,13,0.0,Larry Perkins
182,Niki,Lauda,564,1976,1,9.0,Niki Lauda
223,Clay,Regazzoni,564,1976,2,6.0,Clay Regazzoni
172,Jacques,Laffite,564,1976,3,4.0,Jacques Laffite
222,Jody,Scheckter,564,1976,4,3.0,Jody Scheckter
178,Alan,Jones,564,1976,5,2.0,Alan Jones
200,Jochen,Mass,564,1976,6,1.0,Jochen Mass
187,John,Watson,564,1976,7,0.0,John Watson
256,Larry,Perkins,564,1976,8,0.0,Larry Perkins
197,Jean-Pierre,Jarier,564,1976,9,0.0,Jean-Pierre Jarier
252,Tom,Pryce,564,1976,10,0.0,Tom Pryce
277,Michel,Leclère,564,1976,11,0.0,Michel Leclère
271,Loris,Kessel,564,1976,12,0.0,Loris Kessel
182,Niki,Lauda,565,1976,1,9.0,Niki Lauda
222,Jody,Scheckter,565,1976,2,6.0,Jody Scheckter
221,Patrick,Depailler,565,1976,3,4.0,Patrick Depailler
233,Hans-Joachim,Stuck,565,1976,4,3.0,Hans-Joachim Stuck
200,Jochen,Mass,565,1976,5,2.0,Jochen Mass
224,Emerson,Fittipaldi,565,1976,6,1.0,Emerson Fittipaldi
252,Tom,Pryce,565,1976,7,0.0,Tom Pryce
197,Jean-Pierre,Jarier,565,1976,8,0.0,Jean-Pierre Jarier
250,Carlos,Pace,565,1976,9,0.0,Carlos Pace
187,John,Watson,565,1976,10,0.0,John Watson
277,Michel,Leclère,565,1976,11,0.0,Michel Leclère
172,Jacques,Laffite,565,1976,12,0.0,Jacques Laffite
278,Chris,Amon,565,1976,13,0.0,Chris Amon
223,Clay,Regazzoni,565,1976,14,0.0,Clay Regazzoni
222,Jody,Scheckter,566,1976,1,9.0,Jody Scheckter
221,Patrick,Depailler,566,1976,2,6.0,Patrick Depailler
182,Niki,Lauda,566,1976,3,4.0,Niki Lauda
172,Jacques,Laffite,566,1976,4,3.0,Jacques Laffite
231,James,Hunt,566,1976,5,2.0,James Hunt
223,Clay,Regazzoni,566,1976,6,1.0,Clay Regazzoni
238,Ronnie,Peterson,566,1976,7,0.0,Ronnie Peterson
250,Carlos,Pace,566,1976,8,0.0,Carlos Pace
252,Tom,Pryce,566,1976,9,0.0,Tom Pryce
230,Vittorio,Brambilla,566,1976,10,0.0,Vittorio Brambilla
200,Jochen,Mass,566,1976,11,0.0,Jochen Mass
197,Jean-Pierre,Jarier,566,1976,12,0.0,Jean-Pierre Jarier
178,Alan,Jones,566,1976,13,0.0,Alan Jones
232,Arturo,Merzario,566,1976,14,0.0,Arturo Merzario
239,Brett,Lunger,566,1976,15,0.0,Brett Lunger
231,James,Hunt,567,1976,1,9.0,James Hunt
221,Patrick,Depailler,567,1976,2,6.0,Patrick Depailler
187,John,Watson,567,1976,3,4.0,John Watson
250,Carlos,Pace,567,1976,4,3.0,Carlos Pace
207,Mario,Andretti,567,1976,5,2.0,Mario Andretti
222,Jody,Scheckter,567,1976,6,1.0,Jody Scheckter
233,Hans-Joachim,Stuck,567,1976,7,0.0,Hans-Joachim Stuck
252,Tom,Pryce,567,1976,8,0.0,Tom Pryce
232,Arturo,Merzario,567,1976,9,0.0,Arturo Merzario
235,Jacky,Ickx,567,1976,10,0.0,Jacky Ickx
199,Carlos,Reutemann,567,1976,11,0.0,Carlos Reutemann
197,Jean-Pierre,Jarier,567,1976,12,0.0,Jean-Pierre Jarier
277,Michel,Leclère,567,1976,13,0.0,Michel Leclère
172,Jacques,Laffite,567,1976,14,0.0,Jacques Laffite
200,Jochen,Mass,567,1976,15,0.0,Jochen Mass
239,Brett,Lunger,567,1976,16,0.0,Brett Lunger
265,Guy,Edwards,567,1976,17,0.0,Guy Edwards
258,Patrick,Nève,567,1976,18,0.0,Patrick Nève
238,Ronnie,Peterson,567,1976,19,0.0,Ronnie Peterson
182,Niki,Lauda,568,1976,1,9.0,Niki Lauda
222,Jody,Scheckter,568,1976,2,6.0,Jody Scheckter
187,John,Watson,568,1976,3,4.0,John Watson
252,Tom,Pryce,568,1976,4,3.0,Tom Pryce
178,Alan,Jones,568,1976,5,2.0,Alan Jones
224,Emerson,Fittipaldi,568,1976,6,1.0,Emerson Fittipaldi
229,Harald,Ertl,568,1976,7,0.0,Harald Ertl
250,Carlos,Pace,568,1976,8,0.0,Carlos Pace
197,Jean-Pierre,Jarier,568,1976,9,0.0,Jean-Pierre Jarier
231,James,Hunt,569,1976,1,9.0,James Hunt
222,Jody,Scheckter,569,1976,2,6.0,Jody Scheckter
200,Jochen,Mass,569,1976,3,4.0,Jochen Mass
250,Carlos,Pace,569,1976,4,3.0,Carlos Pace
255,Gunnar,Nilsson,569,1976,5,2.0,Gunnar Nilsson
243,Rolf,Stommelen,569,1976,6,1.0,Rolf Stommelen
187,John,Watson,569,1976,7,0.0,John Watson
252,Tom,Pryce,569,1976,8,0.0,Tom Pryce
223,Clay,Regazzoni,569,1976,9,0.0,Clay Regazzoni
178,Alan,Jones,569,1976,10,0.0,Alan Jones
197,Jean-Pierre,Jarier,569,1976,11,0.0,Jean-Pierre Jarier
207,Mario,Andretti,569,1976,12,0.0,Mario Andretti
224,Emerson,Fittipaldi,569,1976,13,0.0,Emerson Fittipaldi
284,Alessandro,Pesenti-Rossi,569,1976,14,0.0,Alessandro Pesenti-Rossi
265,Guy,Edwards,569,1976,15,0.0,Guy Edwards
187,John,Watson,570,1976,1,9.0,John Watson
172,Jacques,Laffite,570,1976,2,6.0,Jacques Laffite
255,Gunnar,Nilsson,570,1976,3,4.0,Gunnar Nilsson
231,James,Hunt,570,1976,4,3.0,James Hunt
207,Mario,Andretti,570,1976,5,2.0,Mario Andretti
238,Ronnie,Peterson,570,1976,6,1.0,Ronnie Peterson
200,Jochen,Mass,570,1976,7,0.0,Jochen Mass
229,Harald,Ertl,570,1976,8,0.0,Harald Ertl
280,Henri,Pescarolo,570,1976,9,0.0,Henri Pescarolo
239,Brett,Lunger,570,1976,10,0.0,Brett Lunger
284,Alessandro,Pesenti-Rossi,570,1976,11,0.0,Alessandro Pesenti-Rossi
275,Lella,Lombardi,570,1976,12,0.0,Lella Lombardi
231,James,Hunt,571,1976,1,9.0,James Hunt
223,Clay,Regazzoni,571,1976,2,6.0,Clay Regazzoni
207,Mario,Andretti,571,1976,3,4.0,Mario Andretti
252,Tom,Pryce,571,1976,4,3.0,Tom Pryce
222,Jody,Scheckter,571,1976,5,2.0,Jody Scheckter
230,Vittorio,Brambilla,571,1976,6,1.0,Vittorio Brambilla
221,Patrick,Depailler,571,1976,7,0.0,Patrick Depailler
178,Alan,Jones,571,1976,8,0.0,Alan Jones
200,Jochen,Mass,571,1976,9,0.0,Jochen Mass
197,Jean-Pierre,Jarier,571,1976,10,0.0,Jean-Pierre Jarier
280,Henri,Pescarolo,571,1976,11,0.0,Henri Pescarolo
243,Rolf,Stommelen,571,1976,12,0.0,Rolf Stommelen
238,Ronnie,Peterson,572,1976,1,9.0,Ronnie Peterson
223,Clay,Regazzoni,572,1976,2,6.0,Clay Regazzoni
172,Jacques,Laffite,572,1976,3,4.0,Jacques Laffite
182,Niki,Lauda,572,1976,4,3.0,Niki Lauda
222,Jody,Scheckter,572,1976,5,2.0,Jody Scheckter
221,Patrick,Depailler,572,1976,6,1.0,Patrick Depailler
230,Vittorio,Brambilla,572,1976,7,0.0,Vittorio Brambilla
252,Tom,Pryce,572,1976,8,0.0,Tom Pryce
199,Carlos,Reutemann,572,1976,9,0.0,Carlos Reutemann
235,Jacky,Ickx,572,1976,10,0.0,Jacky Ickx
187,John,Watson,572,1976,11,0.0,John Watson
178,Alan,Jones,572,1976,12,0.0,Alan Jones
255,Gunnar,Nilsson,572,1976,13,0.0,Gunnar Nilsson
239,Brett,Lunger,572,1976,14,0.0,Brett Lunger
224,Emerson,Fittipaldi,572,1976,15,0.0,Emerson Fittipaldi
229,Harald,Ertl,572,1976,16,0.0,Harald Ertl
280,Henri,Pescarolo,572,1976,17,0.0,Henri Pescarolo
284,Alessandro,Pesenti-Rossi,572,1976,18,0.0,Alessandro Pesenti-Rossi
197,Jean-Pierre,Jarier,572,1976,19,0.0,Jean-Pierre Jarier
231,James,Hunt,573,1976,1,9.0,James Hunt
221,Patrick,Depailler,573,1976,2,6.0,Patrick Depailler
207,Mario,Andretti,573,1976,3,4.0,Mario Andretti
222,Jody,Scheckter,573,1976,4,3.0,Jody Scheckter
200,Jochen,Mass,573,1976,5,2.0,Jochen Mass
223,Clay,Regazzoni,573,1976,6,1.0,Clay Regazzoni
250,Carlos,Pace,573,1976,7,0.0,Carlos Pace
182,Niki,Lauda,573,1976,8,0.0,Niki Lauda
238,Ronnie,Peterson,573,1976,9,0.0,Ronnie Peterson
187,John,Watson,573,1976,10,0.0,John Watson
252,Tom,Pryce,573,1976,11,0.0,Tom Pryce
255,Gunnar,Nilsson,573,1976,12,0.0,Gunnar Nilsson
235,Jacky,Ickx,573,1976,13,0.0,Jacky Ickx
230,Vittorio,Brambilla,573,1976,14,0.0,Vittorio Brambilla
239,Brett,Lunger,573,1976,15,0.0,Brett Lunger
178,Alan,Jones,573,1976,16,0.0,Alan Jones
256,Larry,Perkins,573,1976,17,0.0,Larry Perkins
197,Jean-Pierre,Jarier,573,1976,18,0.0,Jean-Pierre Jarier
280,Henri,Pescarolo,573,1976,19,0.0,Henri Pescarolo
265,Guy,Edwards,573,1976,20,0.0,Guy Edwards
231,James,Hunt,574,1976,1,9.0,James Hunt
222,Jody,Scheckter,574,1976,2,6.0,Jody Scheckter
182,Niki,Lauda,574,1976,3,4.0,Niki Lauda
200,Jochen,Mass,574,1976,4,3.0,Jochen Mass
233,Hans-Joachim,Stuck,574,1976,5,2.0,Hans-Joachim Stuck
187,John,Watson,574,1976,6,1.0,John Watson
223,Clay,Regazzoni,574,1976,7,0.0,Clay Regazzoni
178,Alan,Jones,574,1976,8,0.0,Alan Jones
224,Emerson,Fittipaldi,574,1976,9,0.0,Emerson Fittipaldi
197,Jean-Pierre,Jarier,574,1976,10,0.0,Jean-Pierre Jarier
239,Brett,Lunger,574,1976,11,0.0,Brett Lunger
237,Alex,Ribeiro,574,1976,12,0.0,Alex Ribeiro
229,Harald,Ertl,574,1976,13,0.0,Harald Ertl
286,Warwick,Brown,574,1976,14,0.0,Warwick Brown
207,Mario,Andretti,575,1976,1,9.0,Mario Andretti
221,Patrick,Depailler,575,1976,2,6.0,Patrick Depailler
231,James,Hunt,575,1976,3,4.0,James Hunt
178,Alan,Jones,575,1976,4,3.0,Alan Jones
223,Clay,Regazzoni,575,1976,5,2.0,Clay Regazzoni
255,Gunnar,Nilsson,575,1976,6,1.0,Gunnar Nilsson
172,Jacques,Laffite,575,1976,7,0.0,Jacques Laffite
229,Harald,Ertl,575,1976,8,0.0,Harald Ertl
274,Noritake,Takahara,575,1976,9,0.0,Noritake Takahara
197,Jean-Pierre,Jarier,575,1976,10,0.0,Jean-Pierre Jarier
287,Masahiro,Hasemi,575,1976,11,0.0,Masahiro Hasemi
224,Emerson,Fittipaldi,576,1975,1,9.0,Emerson Fittipaldi
231,James,Hunt,576,1975,2,6.0,James Hunt
199,Carlos,Reutemann,576,1975,3,4.0,Carlos Reutemann
223,Clay,Regazzoni,576,1975,4,3.0,Clay Regazzoni
221,Patrick,Depailler,576,1975,5,2.0,Patrick Depailler
182,Niki,Lauda,576,1975,6,1.0,Niki Lauda
288,Mark,Donohue,576,1975,7,0.0,Mark Donohue
235,Jacky,Ickx,576,1975,8,0.0,Jacky Ickx
230,Vittorio,Brambilla,576,1975,9,0.0,Vittorio Brambilla
289,Graham,Hill,576,1975,10,0.0,Graham Hill
222,Jody,Scheckter,576,1975,11,0.0,Jody Scheckter
252,Tom,Pryce,576,1975,12,0.0,Tom Pryce
243,Rolf,Stommelen,576,1975,13,0.0,Rolf Stommelen
200,Jochen,Mass,576,1975,14,0.0,Jochen Mass
250,Carlos,Pace,577,1975,1,9.0,Carlos Pace
224,Emerson,Fittipaldi,577,1975,2,6.0,Emerson Fittipaldi
200,Jochen,Mass,577,1975,3,4.0,Jochen Mass
223,Clay,Regazzoni,577,1975,4,3.0,Clay Regazzoni
182,Niki,Lauda,577,1975,5,2.0,Niki Lauda
231,James,Hunt,577,1975,6,1.0,James Hunt
207,Mario,Andretti,577,1975,7,0.0,Mario Andretti
199,Carlos,Reutemann,577,1975,8,0.0,Carlos Reutemann
235,Jacky,Ickx,577,1975,9,0.0,Jacky Ickx
187,John,Watson,577,1975,10,0.0,John Watson
172,Jacques,Laffite,577,1975,11,0.0,Jacques Laffite
289,Graham,Hill,577,1975,12,0.0,Graham Hill
290,Wilson,Fittipaldi,577,1975,13,0.0,Wilson Fittipaldi
243,Rolf,Stommelen,577,1975,14,0.0,Rolf Stommelen
238,Ronnie,Peterson,577,1975,15,0.0,Ronnie Peterson
222,Jody,Scheckter,578,1975,1,9.0,Jody Scheckter
199,Carlos,Reutemann,578,1975,2,6.0,Carlos Reutemann
221,Patrick,Depailler,578,1975,3,4.0,Patrick Depailler
250,Carlos,Pace,578,1975,4,3.0,Carlos Pace
182,Niki,Lauda,578,1975,5,2.0,Niki Lauda
200,Jochen,Mass,578,1975,6,1.0,Jochen Mass
243,Rolf,Stommelen,578,1975,7,0.0,Rolf Stommelen
288,Mark,Donohue,578,1975,8,0.0,Mark Donohue
252,Tom,Pryce,578,1975,9,0.0,Tom Pryce
238,Ronnie,Peterson,578,1975,10,0.0,Ronnie Peterson
291,Guy,Tunmer,578,1975,11,0.0,Guy Tunmer
235,Jacky,Ickx,578,1975,12,0.0,Jacky Ickx
292,Eddie,Keizan,578,1975,13,0.0,Eddie Keizan
293,Dave,Charlton,578,1975,14,0.0,Dave Charlton
276,Bob,Evans,578,1975,15,0.0,Bob Evans
223,Clay,Regazzoni,578,1975,16,0.0,Clay Regazzoni
207,Mario,Andretti,578,1975,17,0.0,Mario Andretti
200,Jochen,Mass,579,1975,1,4.5,Jochen Mass
235,Jacky,Ickx,579,1975,2,3.0,Jacky Ickx
199,Carlos,Reutemann,579,1975,3,2.0,Carlos Reutemann
197,Jean-Pierre,Jarier,579,1975,4,1.5,Jean-Pierre Jarier
230,Vittorio,Brambilla,579,1975,5,1.0,Vittorio Brambilla
275,Lella,Lombardi,579,1975,6,0.5,Lella Lombardi
294,Tony,Brise,579,1975,7,0.0,Tony Brise
187,John,Watson,579,1975,8,0.0,John Watson
182,Niki,Lauda,580,1975,1,9.0,Niki Lauda
224,Emerson,Fittipaldi,580,1975,2,6.0,Emerson Fittipaldi
250,Carlos,Pace,580,1975,3,4.0,Carlos Pace
238,Ronnie,Peterson,580,1975,4,3.0,Ronnie Peterson
221,Patrick,Depailler,580,1975,5,2.0,Patrick Depailler
200,Jochen,Mass,580,1975,6,1.0,Jochen Mass
222,Jody,Scheckter,580,1975,7,0.0,Jody Scheckter
235,Jacky,Ickx,580,1975,8,0.0,Jacky Ickx
199,Carlos,Reutemann,580,1975,9,0.0,Carlos Reutemann
182,Niki,Lauda,581,1975,1,9.0,Niki Lauda
222,Jody,Scheckter,581,1975,2,6.0,Jody Scheckter
199,Carlos,Reutemann,581,1975,3,4.0,Carlos Reutemann
221,Patrick,Depailler,581,1975,4,3.0,Patrick Depailler
223,Clay,Regazzoni,581,1975,5,2.0,Clay Regazzoni
252,Tom,Pryce,581,1975,6,1.0,Tom Pryce
224,Emerson,Fittipaldi,581,1975,7,0.0,Emerson Fittipaldi
250,Carlos,Pace,581,1975,8,0.0,Carlos Pace
276,Bob,Evans,581,1975,9,0.0,Bob Evans
187,John,Watson,581,1975,10,0.0,John Watson
288,Mark,Donohue,581,1975,11,0.0,Mark Donohue
290,Wilson,Fittipaldi,581,1975,12,0.0,Wilson Fittipaldi
182,Niki,Lauda,582,1975,1,9.0,Niki Lauda
199,Carlos,Reutemann,582,1975,2,6.0,Carlos Reutemann
223,Clay,Regazzoni,582,1975,3,4.0,Clay Regazzoni
207,Mario,Andretti,582,1975,4,3.0,Mario Andretti
288,Mark,Donohue,582,1975,5,2.0,Mark Donohue
294,Tony,Brise,582,1975,6,1.0,Tony Brise
222,Jody,Scheckter,582,1975,7,0.0,Jody Scheckter
224,Emerson,Fittipaldi,582,1975,8,0.0,Emerson Fittipaldi
238,Ronnie,Peterson,582,1975,9,0.0,Ronnie Peterson
297,Torsten,Palm,582,1975,10,0.0,Torsten Palm
178,Alan,Jones,582,1975,11,0.0,Alan Jones
221,Patrick,Depailler,582,1975,12,0.0,Patrick Depailler
276,Bob,Evans,582,1975,13,0.0,Bob Evans
282,Damien,Magee,582,1975,14,0.0,Damien Magee
235,Jacky,Ickx,582,1975,15,0.0,Jacky Ickx
187,John,Watson,582,1975,16,0.0,John Watson
290,Wilson,Fittipaldi,582,1975,17,0.0,Wilson Fittipaldi
231,James,Hunt,583,1975,1,9.0,James Hunt
182,Niki,Lauda,583,1975,2,6.0,Niki Lauda
223,Clay,Regazzoni,583,1975,3,4.0,Clay Regazzoni
199,Carlos,Reutemann,583,1975,4,3.0,Carlos Reutemann
250,Carlos,Pace,583,1975,5,2.0,Carlos Pace
252,Tom,Pryce,583,1975,6,1.0,Tom Pryce
294,Tony,Brise,583,1975,7,0.0,Tony Brise
288,Mark,Donohue,583,1975,8,0.0,Mark Donohue
221,Patrick,Depailler,583,1975,9,0.0,Patrick Depailler
298,Gijs,van Lennep,583,1975,10,0.0,Gijs van Lennep
290,Wilson,Fittipaldi,583,1975,11,0.0,Wilson Fittipaldi
251,Ian,Scheckter,583,1975,12,0.0,Ian Scheckter
178,Alan,Jones,583,1975,13,0.0,Alan Jones
275,Lella,Lombardi,583,1975,14,0.0,Lella Lombardi
238,Ronnie,Peterson,583,1975,15,0.0,Ronnie Peterson
222,Jody,Scheckter,583,1975,16,0.0,Jody Scheckter
182,Niki,Lauda,584,1975,1,9.0,Niki Lauda
231,James,Hunt,584,1975,2,6.0,James Hunt
200,Jochen,Mass,584,1975,3,4.0,Jochen Mass
224,Emerson,Fittipaldi,584,1975,4,3.0,Emerson Fittipaldi
207,Mario,Andretti,584,1975,5,2.0,Mario Andretti
221,Patrick,Depailler,584,1975,6,1.0,Patrick Depailler
294,Tony,Brise,584,1975,7,0.0,Tony Brise
197,Jean-Pierre,Jarier,584,1975,8,0.0,Jean-Pierre Jarier
222,Jody,Scheckter,584,1975,9,0.0,Jody Scheckter
238,Ronnie,Peterson,584,1975,10,0.0,Ronnie Peterson
172,Jacques,Laffite,584,1975,11,0.0,Jacques Laffite
219,Jean-Pierre,Jabouille,584,1975,12,0.0,Jean-Pierre Jabouille
187,John,Watson,584,1975,13,0.0,John Watson
199,Carlos,Reutemann,584,1975,14,0.0,Carlos Reutemann
298,Gijs,van Lennep,584,1975,15,0.0,Gijs van Lennep
178,Alan,Jones,584,1975,16,0.0,Alan Jones
276,Bob,Evans,584,1975,17,0.0,Bob Evans
275,Lella,Lombardi,584,1975,18,0.0,Lella Lombardi
224,Emerson,Fittipaldi,585,1975,1,9.0,Emerson Fittipaldi
250,Carlos,Pace,585,1975,2,6.0,Carlos Pace
222,Jody,Scheckter,585,1975,3,4.0,Jody Scheckter
231,James,Hunt,585,1975,4,3.0,James Hunt
288,Mark,Donohue,585,1975,5,2.0,Mark Donohue
230,Vittorio,Brambilla,585,1975,6,1.0,Vittorio Brambilla
200,Jochen,Mass,585,1975,7,0.0,Jochen Mass
182,Niki,Lauda,585,1975,8,0.0,Niki Lauda
221,Patrick,Depailler,585,1975,9,0.0,Patrick Depailler
178,Alan,Jones,585,1975,10,0.0,Alan Jones
187,John,Watson,585,1975,11,0.0,John Watson
207,Mario,Andretti,585,1975,12,0.0,Mario Andretti
223,Clay,Regazzoni,585,1975,13,0.0,Clay Regazzoni
197,Jean-Pierre,Jarier,585,1975,14,0.0,Jean-Pierre Jarier
294,Tony,Brise,585,1975,15,0.0,Tony Brise
205,Brian,Henton,585,1975,16,0.0,Brian Henton
300,John,Nicholson,585,1975,17,0.0,John Nicholson
301,Dave,Morgan,585,1975,18,0.0,Dave Morgan
290,Wilson,Fittipaldi,585,1975,19,0.0,Wilson Fittipaldi
199,Carlos,Reutemann,586,1975,1,9.0,Carlos Reutemann
172,Jacques,Laffite,586,1975,2,6.0,Jacques Laffite
182,Niki,Lauda,586,1975,3,4.0,Niki Lauda
252,Tom,Pryce,586,1975,4,3.0,Tom Pryce
178,Alan,Jones,586,1975,5,2.0,Alan Jones
298,Gijs,van Lennep,586,1975,6,1.0,Gijs van Lennep
275,Lella,Lombardi,586,1975,7,0.0,Lella Lombardi
229,Harald,Ertl,586,1975,8,0.0,Harald Ertl
221,Patrick,Depailler,586,1975,9,0.0,Patrick Depailler
207,Mario,Andretti,586,1975,10,0.0,Mario Andretti
230,Vittorio,Brambilla,587,1975,1,4.5,Vittorio Brambilla
231,James,Hunt,587,1975,2,3.0,James Hunt
252,Tom,Pryce,587,1975,3,2.0,Tom Pryce
200,Jochen,Mass,587,1975,4,1.5,Jochen Mass
238,Ronnie,Peterson,587,1975,5,1.0,Ronnie Peterson
182,Niki,Lauda,587,1975,6,0.5,Niki Lauda
223,Clay,Regazzoni,587,1975,7,0.0,Clay Regazzoni
222,Jody,Scheckter,587,1975,8,0.0,Jody Scheckter
224,Emerson,Fittipaldi,587,1975,9,0.0,Emerson Fittipaldi
187,John,Watson,587,1975,10,0.0,John Watson
221,Patrick,Depailler,587,1975,11,0.0,Patrick Depailler
278,Chris,Amon,587,1975,12,0.0,Chris Amon
239,Brett,Lunger,587,1975,13,0.0,Brett Lunger
199,Carlos,Reutemann,587,1975,14,0.0,Carlos Reutemann
294,Tony,Brise,587,1975,15,0.0,Tony Brise
243,Rolf,Stommelen,587,1975,16,0.0,Rolf Stommelen
275,Lella,Lombardi,587,1975,17,0.0,Lella Lombardi
223,Clay,Regazzoni,588,1975,1,9.0,Clay Regazzoni
224,Emerson,Fittipaldi,588,1975,2,6.0,Emerson Fittipaldi
182,Niki,Lauda,588,1975,3,4.0,Niki Lauda
199,Carlos,Reutemann,588,1975,4,3.0,Carlos Reutemann
231,James,Hunt,588,1975,5,2.0,James Hunt
252,Tom,Pryce,588,1975,6,1.0,Tom Pryce
221,Patrick,Depailler,588,1975,7,0.0,Patrick Depailler
222,Jody,Scheckter,588,1975,8,0.0,Jody Scheckter
229,Harald,Ertl,588,1975,9,0.0,Harald Ertl
239,Brett,Lunger,588,1975,10,0.0,Brett Lunger
232,Arturo,Merzario,588,1975,11,0.0,Arturo Merzario
278,Chris,Amon,588,1975,12,0.0,Chris Amon
302,Jim,Crawford,588,1975,13,0.0,Jim Crawford
254,Renzo,Zorzi,588,1975,14,0.0,Renzo Zorzi
182,Niki,Lauda,589,1975,1,9.0,Niki Lauda
224,Emerson,Fittipaldi,589,1975,2,6.0,Emerson Fittipaldi
200,Jochen,Mass,589,1975,3,4.0,Jochen Mass
231,James,Hunt,589,1975,4,3.0,James Hunt
238,Ronnie,Peterson,589,1975,5,2.0,Ronnie Peterson
222,Jody,Scheckter,589,1975,6,1.0,Jody Scheckter
230,Vittorio,Brambilla,589,1975,7,0.0,Vittorio Brambilla
233,Hans-Joachim,Stuck,589,1975,8,0.0,Hans-Joachim Stuck
187,John,Watson,589,1975,9,0.0,John Watson
290,Wilson,Fittipaldi,589,1975,10,0.0,Wilson Fittipaldi
304,Denny,Hulme,590,1974,1,9.0,Denny Hulme
182,Niki,Lauda,590,1974,2,6.0,Niki Lauda
223,Clay,Regazzoni,590,1974,3,4.0,Clay Regazzoni
305,Mike,Hailwood,590,1974,4,3.0,Mike Hailwood
306,Jean-Pierre,Beltoise,590,1974,5,2.0,Jean-Pierre Beltoise
221,Patrick,Depailler,590,1974,6,1.0,Patrick Depailler
199,Carlos,Reutemann,590,1974,7,0.0,Carlos Reutemann
307,Howden,Ganley,590,1974,8,0.0,Howden Ganley
280,Henri,Pescarolo,590,1974,9,0.0,Henri Pescarolo
224,Emerson,Fittipaldi,590,1974,10,0.0,Emerson Fittipaldi
265,Guy,Edwards,590,1974,11,0.0,Guy Edwards
187,John,Watson,590,1974,12,0.0,John Watson
238,Ronnie,Peterson,590,1974,13,0.0,Ronnie Peterson
224,Emerson,Fittipaldi,591,1974,1,9.0,Emerson Fittipaldi
223,Clay,Regazzoni,591,1974,2,6.0,Clay Regazzoni
235,Jacky,Ickx,591,1974,3,4.0,Jacky Ickx
250,Carlos,Pace,591,1974,4,3.0,Carlos Pace
305,Mike,Hailwood,591,1974,5,2.0,Mike Hailwood
238,Ronnie,Peterson,591,1974,6,1.0,Ronnie Peterson
199,Carlos,Reutemann,591,1974,7,0.0,Carlos Reutemann
221,Patrick,Depailler,591,1974,8,0.0,Patrick Depailler
231,James,Hunt,591,1974,9,0.0,James Hunt
306,Jean-Pierre,Beltoise,591,1974,10,0.0,Jean-Pierre Beltoise
289,Graham,Hill,591,1974,11,0.0,Graham Hill
304,Denny,Hulme,591,1974,12,0.0,Denny Hulme
222,Jody,Scheckter,591,1974,13,0.0,Jody Scheckter
280,Henri,Pescarolo,591,1974,14,0.0,Henri Pescarolo
308,Richard,Robarts,591,1974,15,0.0,Richard Robarts
296,François,Migault,591,1974,16,0.0,François Migault
200,Jochen,Mass,591,1974,17,0.0,Jochen Mass
199,Carlos,Reutemann,592,1974,1,9.0,Carlos Reutemann
306,Jean-Pierre,Beltoise,592,1974,2,6.0,Jean-Pierre Beltoise
305,Mike,Hailwood,592,1974,3,4.0,Mike Hailwood
221,Patrick,Depailler,592,1974,4,3.0,Patrick Depailler
233,Hans-Joachim,Stuck,592,1974,5,2.0,Hans-Joachim Stuck
232,Arturo,Merzario,592,1974,6,1.0,Arturo Merzario
224,Emerson,Fittipaldi,592,1974,7,0.0,Emerson Fittipaldi
222,Jody,Scheckter,592,1974,8,0.0,Jody Scheckter
304,Denny,Hulme,592,1974,9,0.0,Denny Hulme
230,Vittorio,Brambilla,592,1974,10,0.0,Vittorio Brambilla
250,Carlos,Pace,592,1974,11,0.0,Carlos Pace
289,Graham,Hill,592,1974,12,0.0,Graham Hill
251,Ian,Scheckter,592,1974,13,0.0,Ian Scheckter
292,Eddie,Keizan,592,1974,14,0.0,Eddie Keizan
296,François,Migault,592,1974,15,0.0,François Migault
182,Niki,Lauda,592,1974,16,0.0,Niki Lauda
308,Richard,Robarts,592,1974,17,0.0,Richard Robarts
280,Henri,Pescarolo,592,1974,18,0.0,Henri Pescarolo
293,Dave,Charlton,592,1974,19,0.0,Dave Charlton
182,Niki,Lauda,593,1974,1,9.0,Niki Lauda
223,Clay,Regazzoni,593,1974,2,6.0,Clay Regazzoni
224,Emerson,Fittipaldi,593,1974,3,4.0,Emerson Fittipaldi
233,Hans-Joachim,Stuck,593,1974,4,3.0,Hans-Joachim Stuck
222,Jody,Scheckter,593,1974,5,2.0,Jody Scheckter
304,Denny,Hulme,593,1974,6,1.0,Denny Hulme
312,Brian,Redman,593,1974,7,0.0,Brian Redman
221,Patrick,Depailler,593,1974,8,0.0,Patrick Depailler
305,Mike,Hailwood,593,1974,9,0.0,Mike Hailwood
231,James,Hunt,593,1974,10,0.0,James Hunt
187,John,Watson,593,1974,11,0.0,John Watson
280,Henri,Pescarolo,593,1974,12,0.0,Henri Pescarolo
250,Carlos,Pace,593,1974,13,0.0,Carlos Pace
314,Tim,Schenken,593,1974,14,0.0,Tim Schenken
224,Emerson,Fittipaldi,594,1974,1,9.0,Emerson Fittipaldi
182,Niki,Lauda,594,1974,2,6.0,Niki Lauda
222,Jody,Scheckter,594,1974,3,4.0,Jody Scheckter
223,Clay,Regazzoni,594,1974,4,3.0,Clay Regazzoni
306,Jean-Pierre,Beltoise,594,1974,5,2.0,Jean-Pierre Beltoise
304,Denny,Hulme,594,1974,6,1.0,Denny Hulme
305,Mike,Hailwood,594,1974,7,0.0,Mike Hailwood
289,Graham,Hill,594,1974,8,0.0,Graham Hill
230,Vittorio,Brambilla,594,1974,9,0.0,Vittorio Brambilla
314,Tim,Schenken,594,1974,10,0.0,Tim Schenken
187,John,Watson,594,1974,11,0.0,John Watson
265,Guy,Edwards,594,1974,12,0.0,Guy Edwards
197,Jean-Pierre,Jarier,594,1974,13,0.0,Jean-Pierre Jarier
298,Gijs,van Lennep,594,1974,14,0.0,Gijs van Lennep
267,Vern,Schuppan,594,1974,15,0.0,Vern Schuppan
296,François,Migault,594,1974,16,0.0,François Migault
269,Teddy,Pilette,594,1974,17,0.0,Teddy Pilette
312,Brian,Redman,594,1974,18,0.0,Brian Redman
238,Ronnie,Peterson,595,1974,1,9.0,Ronnie Peterson
222,Jody,Scheckter,595,1974,2,6.0,Jody Scheckter
197,Jean-Pierre,Jarier,595,1974,3,4.0,Jean-Pierre Jarier
223,Clay,Regazzoni,595,1974,4,3.0,Clay Regazzoni
224,Emerson,Fittipaldi,595,1974,5,2.0,Emerson Fittipaldi
187,John,Watson,595,1974,6,1.0,John Watson
289,Graham,Hill,595,1974,7,0.0,Graham Hill
265,Guy,Edwards,595,1974,8,0.0,Guy Edwards
221,Patrick,Depailler,595,1974,9,0.0,Patrick Depailler
222,Jody,Scheckter,596,1974,1,9.0,Jody Scheckter
221,Patrick,Depailler,596,1974,2,6.0,Patrick Depailler
231,James,Hunt,596,1974,3,4.0,James Hunt
224,Emerson,Fittipaldi,596,1974,4,3.0,Emerson Fittipaldi
197,Jean-Pierre,Jarier,596,1974,5,2.0,Jean-Pierre Jarier
289,Graham,Hill,596,1974,6,1.0,Graham Hill
265,Guy,Edwards,596,1974,7,0.0,Guy Edwards
311,Tom,Belsø,596,1974,8,0.0,Tom Belsø
313,Rikky,von Opel,596,1974,9,0.0,Rikky von Opel
230,Vittorio,Brambilla,596,1974,10,0.0,Vittorio Brambilla
187,John,Watson,596,1974,11,0.0,John Watson
182,Niki,Lauda,597,1974,1,9.0,Niki Lauda
223,Clay,Regazzoni,597,1974,2,6.0,Clay Regazzoni
224,Emerson,Fittipaldi,597,1974,3,4.0,Emerson Fittipaldi
305,Mike,Hailwood,597,1974,4,3.0,Mike Hailwood
222,Jody,Scheckter,597,1974,5,2.0,Jody Scheckter
221,Patrick,Depailler,597,1974,6,1.0,Patrick Depailler
187,John,Watson,597,1974,7,0.0,John Watson
238,Ronnie,Peterson,597,1974,8,0.0,Ronnie Peterson
313,Rikky,von Opel,597,1974,9,0.0,Rikky von Opel
230,Vittorio,Brambilla,597,1974,10,0.0,Vittorio Brambilla
235,Jacky,Ickx,597,1974,11,0.0,Jacky Ickx
199,Carlos,Reutemann,597,1974,12,0.0,Carlos Reutemann
238,Ronnie,Peterson,598,1974,1,9.0,Ronnie Peterson
182,Niki,Lauda,598,1974,2,6.0,Niki Lauda
223,Clay,Regazzoni,598,1974,3,4.0,Clay Regazzoni
222,Jody,Scheckter,598,1974,4,3.0,Jody Scheckter
235,Jacky,Ickx,598,1974,5,2.0,Jacky Ickx
304,Denny,Hulme,598,1974,6,1.0,Denny Hulme
305,Mike,Hailwood,598,1974,7,0.0,Mike Hailwood
221,Patrick,Depailler,598,1974,8,0.0,Patrick Depailler
232,Arturo,Merzario,598,1974,9,0.0,Arturo Merzario
306,Jean-Pierre,Beltoise,598,1974,10,0.0,Jean-Pierre Beltoise
230,Vittorio,Brambilla,598,1974,11,0.0,Vittorio Brambilla
197,Jean-Pierre,Jarier,598,1974,12,0.0,Jean-Pierre Jarier
289,Graham,Hill,598,1974,13,0.0,Graham Hill
296,François,Migault,598,1974,14,0.0,François Migault
265,Guy,Edwards,598,1974,15,0.0,Guy Edwards
187,John,Watson,598,1974,16,0.0,John Watson
222,Jody,Scheckter,599,1974,1,9.0,Jody Scheckter
224,Emerson,Fittipaldi,599,1974,2,6.0,Emerson Fittipaldi
235,Jacky,Ickx,599,1974,3,4.0,Jacky Ickx
223,Clay,Regazzoni,599,1974,4,3.0,Clay Regazzoni
182,Niki,Lauda,599,1974,5,2.0,Niki Lauda
199,Carlos,Reutemann,599,1974,6,1.0,Carlos Reutemann
304,Denny,Hulme,599,1974,7,0.0,Denny Hulme
252,Tom,Pryce,599,1974,8,0.0,Tom Pryce
250,Carlos,Pace,599,1974,9,0.0,Carlos Pace
238,Ronnie,Peterson,599,1974,10,0.0,Ronnie Peterson
187,John,Watson,599,1974,11,0.0,John Watson
306,Jean-Pierre,Beltoise,599,1974,12,0.0,Jean-Pierre Beltoise
289,Graham,Hill,599,1974,13,0.0,Graham Hill
200,Jochen,Mass,599,1974,14,0.0,Jochen Mass
223,Clay,Regazzoni,600,1974,1,9.0,Clay Regazzoni
222,Jody,Scheckter,600,1974,2,6.0,Jody Scheckter
199,Carlos,Reutemann,600,1974,3,4.0,Carlos Reutemann
238,Ronnie,Peterson,600,1974,4,3.0,Ronnie Peterson
235,Jacky,Ickx,600,1974,5,2.0,Jacky Ickx
252,Tom,Pryce,600,1974,6,1.0,Tom Pryce
233,Hans-Joachim,Stuck,600,1974,7,0.0,Hans-Joachim Stuck
197,Jean-Pierre,Jarier,600,1974,8,0.0,Jean-Pierre Jarier
289,Graham,Hill,600,1974,9,0.0,Graham Hill
280,Henri,Pescarolo,600,1974,10,0.0,Henri Pescarolo
321,Derek,Bell,600,1974,11,0.0,Derek Bell
250,Carlos,Pace,600,1974,12,0.0,Carlos Pace
230,Vittorio,Brambilla,600,1974,13,0.0,Vittorio Brambilla
270,Ian,Ashley,600,1974,14,0.0,Ian Ashley
305,Mike,Hailwood,600,1974,15,0.0,Mike Hailwood
199,Carlos,Reutemann,601,1974,1,9.0,Carlos Reutemann
304,Denny,Hulme,601,1974,2,6.0,Denny Hulme
231,James,Hunt,601,1974,3,4.0,James Hunt
187,John,Watson,601,1974,4,3.0,John Watson
223,Clay,Regazzoni,601,1974,5,2.0,Clay Regazzoni
230,Vittorio,Brambilla,601,1974,6,1.0,Vittorio Brambilla
322,David,Hobbs,601,1974,7,0.0,David Hobbs
197,Jean-Pierre,Jarier,601,1974,8,0.0,Jean-Pierre Jarier
323,Dieter,Quester,601,1974,9,0.0,Dieter Quester
314,Tim,Schenken,601,1974,10,0.0,Tim Schenken
233,Hans-Joachim,Stuck,601,1974,11,0.0,Hans-Joachim Stuck
289,Graham,Hill,601,1974,12,0.0,Graham Hill
238,Ronnie,Peterson,602,1974,1,9.0,Ronnie Peterson
224,Emerson,Fittipaldi,602,1974,2,6.0,Emerson Fittipaldi
222,Jody,Scheckter,602,1974,3,4.0,Jody Scheckter
232,Arturo,Merzario,602,1974,4,3.0,Arturo Merzario
250,Carlos,Pace,602,1974,5,2.0,Carlos Pace
304,Denny,Hulme,602,1974,6,1.0,Denny Hulme
187,John,Watson,602,1974,7,0.0,John Watson
289,Graham,Hill,602,1974,8,0.0,Graham Hill
322,David,Hobbs,602,1974,9,0.0,David Hobbs
252,Tom,Pryce,602,1974,10,0.0,Tom Pryce
221,Patrick,Depailler,602,1974,11,0.0,Patrick Depailler
224,Emerson,Fittipaldi,603,1974,1,9.0,Emerson Fittipaldi
223,Clay,Regazzoni,603,1974,2,6.0,Clay Regazzoni
238,Ronnie,Peterson,603,1974,3,4.0,Ronnie Peterson
231,James,Hunt,603,1974,4,3.0,James Hunt
221,Patrick,Depailler,603,1974,5,2.0,Patrick Depailler
304,Denny,Hulme,603,1974,6,1.0,Denny Hulme
207,Mario,Andretti,603,1974,7,0.0,Mario Andretti
250,Carlos,Pace,603,1974,8,0.0,Carlos Pace
199,Carlos,Reutemann,603,1974,9,0.0,Carlos Reutemann
324,Helmuth,Koinigg,603,1974,10,0.0,Helmuth Koinigg
243,Rolf,Stommelen,603,1974,11,0.0,Rolf Stommelen
288,Mark,Donohue,603,1974,12,0.0,Mark Donohue
235,Jacky,Ickx,603,1974,13,0.0,Jacky Ickx
289,Graham,Hill,603,1974,14,0.0,Graham Hill
172,Jacques,Laffite,603,1974,15,0.0,Jacques Laffite
200,Jochen,Mass,603,1974,16,0.0,Jochen Mass
199,Carlos,Reutemann,604,1974,1,9.0,Carlos Reutemann
250,Carlos,Pace,604,1974,2,6.0,Carlos Pace
231,James,Hunt,604,1974,3,4.0,James Hunt
224,Emerson,Fittipaldi,604,1974,4,3.0,Emerson Fittipaldi
187,John,Watson,604,1974,5,2.0,John Watson
221,Patrick,Depailler,604,1974,6,1.0,Patrick Depailler
200,Jochen,Mass,604,1974,7,0.0,Jochen Mass
289,Graham,Hill,604,1974,8,0.0,Graham Hill
278,Chris,Amon,604,1974,9,0.0,Chris Amon
197,Jean-Pierre,Jarier,604,1974,10,0.0,Jean-Pierre Jarier
223,Clay,Regazzoni,604,1974,11,0.0,Clay Regazzoni
243,Rolf,Stommelen,604,1974,12,0.0,Rolf Stommelen
224,Emerson,Fittipaldi,605,1973,1,9.0,Emerson Fittipaldi
327,François,Cevert,605,1973,2,6.0,François Cevert
328,Jackie,Stewart,605,1973,3,4.0,Jackie Stewart
235,Jacky,Ickx,605,1973,4,3.0,Jacky Ickx
304,Denny,Hulme,605,1973,5,2.0,Denny Hulme
290,Wilson,Fittipaldi,605,1973,6,1.0,Wilson Fittipaldi
223,Clay,Regazzoni,605,1973,7,0.0,Clay Regazzoni
309,Peter,Revson,605,1973,8,0.0,Peter Revson
232,Arturo,Merzario,605,1973,9,0.0,Arturo Merzario
329,Mike,Beuttler,605,1973,10,0.0,Mike Beuttler
224,Emerson,Fittipaldi,606,1973,1,9.0,Emerson Fittipaldi
328,Jackie,Stewart,606,1973,2,6.0,Jackie Stewart
304,Denny,Hulme,606,1973,3,4.0,Denny Hulme
232,Arturo,Merzario,606,1973,4,3.0,Arturo Merzario
235,Jacky,Ickx,606,1973,5,2.0,Jacky Ickx
223,Clay,Regazzoni,606,1973,6,1.0,Clay Regazzoni
307,Howden,Ganley,606,1973,7,0.0,Howden Ganley
182,Niki,Lauda,606,1973,8,0.0,Niki Lauda
330,Nanni,Galli,606,1973,9,0.0,Nanni Galli
327,François,Cevert,606,1973,10,0.0,François Cevert
199,Carlos,Reutemann,606,1973,11,0.0,Carlos Reutemann
331,Luiz,Bueno,606,1973,12,0.0,Luiz Bueno
328,Jackie,Stewart,607,1973,1,9.0,Jackie Stewart
309,Peter,Revson,607,1973,2,6.0,Peter Revson
224,Emerson,Fittipaldi,607,1973,3,4.0,Emerson Fittipaldi
232,Arturo,Merzario,607,1973,4,3.0,Arturo Merzario
304,Denny,Hulme,607,1973,5,2.0,Denny Hulme
332,George,Follmer,607,1973,6,1.0,George Follmer
199,Carlos,Reutemann,607,1973,7,0.0,Carlos Reutemann
333,Andrea,de Adamich,607,1973,8,0.0,Andrea de Adamich
222,Jody,Scheckter,607,1973,9,0.0,Jody Scheckter
307,Howden,Ganley,607,1973,10,0.0,Howden Ganley
238,Ronnie,Peterson,607,1973,11,0.0,Ronnie Peterson
224,Emerson,Fittipaldi,608,1973,1,9.0,Emerson Fittipaldi
327,François,Cevert,608,1973,2,6.0,François Cevert
332,George,Follmer,608,1973,3,4.0,George Follmer
309,Peter,Revson,608,1973,4,3.0,Peter Revson
306,Jean-Pierre,Beltoise,608,1973,5,2.0,Jean-Pierre Beltoise
304,Denny,Hulme,608,1973,6,1.0,Denny Hulme
329,Mike,Beuttler,608,1973,7,0.0,Mike Beuttler
280,Henri,Pescarolo,608,1973,8,0.0,Henri Pescarolo
223,Clay,Regazzoni,608,1973,9,0.0,Clay Regazzoni
290,Wilson,Fittipaldi,608,1973,10,0.0,Wilson Fittipaldi
330,Nanni,Galli,608,1973,11,0.0,Nanni Galli
235,Jacky,Ickx,608,1973,12,0.0,Jacky Ickx
328,Jackie,Stewart,609,1973,1,9.0,Jackie Stewart
327,François,Cevert,609,1973,2,6.0,François Cevert
224,Emerson,Fittipaldi,609,1973,3,4.0,Emerson Fittipaldi
333,Andrea,de Adamich,609,1973,4,3.0,Andrea de Adamich
182,Niki,Lauda,609,1973,5,2.0,Niki Lauda
278,Chris,Amon,609,1973,6,1.0,Chris Amon
304,Denny,Hulme,609,1973,7,0.0,Denny Hulme
250,Carlos,Pace,609,1973,8,0.0,Carlos Pace
289,Graham,Hill,609,1973,9,0.0,Graham Hill
223,Clay,Regazzoni,609,1973,10,0.0,Clay Regazzoni
329,Mike,Beuttler,609,1973,11,0.0,Mike Beuttler
328,Jackie,Stewart,610,1973,1,9.0,Jackie Stewart
224,Emerson,Fittipaldi,610,1973,2,6.0,Emerson Fittipaldi
238,Ronnie,Peterson,610,1973,3,4.0,Ronnie Peterson
327,François,Cevert,610,1973,4,3.0,François Cevert
309,Peter,Revson,610,1973,5,2.0,Peter Revson
304,Denny,Hulme,610,1973,6,1.0,Denny Hulme
333,Andrea,de Adamich,610,1973,7,0.0,Andrea de Adamich
305,Mike,Hailwood,610,1973,8,0.0,Mike Hailwood
231,James,Hunt,610,1973,9,0.0,James Hunt
262,Jackie,Oliver,610,1973,10,0.0,Jackie Oliver
290,Wilson,Fittipaldi,610,1973,11,0.0,Wilson Fittipaldi
304,Denny,Hulme,611,1973,1,9.0,Denny Hulme
238,Ronnie,Peterson,611,1973,2,6.0,Ronnie Peterson
327,François,Cevert,611,1973,3,4.0,François Cevert
199,Carlos,Reutemann,611,1973,4,3.0,Carlos Reutemann
328,Jackie,Stewart,611,1973,5,2.0,Jackie Stewart
235,Jacky,Ickx,611,1973,6,1.0,Jacky Ickx
309,Peter,Revson,611,1973,7,0.0,Peter Revson
329,Mike,Beuttler,611,1973,8,0.0,Mike Beuttler
223,Clay,Regazzoni,611,1973,9,0.0,Clay Regazzoni
250,Carlos,Pace,611,1973,10,0.0,Carlos Pace
307,Howden,Ganley,611,1973,11,0.0,Howden Ganley
224,Emerson,Fittipaldi,611,1973,12,0.0,Emerson Fittipaldi
182,Niki,Lauda,611,1973,13,0.0,Niki Lauda
332,George,Follmer,611,1973,14,0.0,George Follmer
238,Ronnie,Peterson,612,1973,1,9.0,Ronnie Peterson
327,François,Cevert,612,1973,2,6.0,François Cevert
199,Carlos,Reutemann,612,1973,3,4.0,Carlos Reutemann
328,Jackie,Stewart,612,1973,4,3.0,Jackie Stewart
235,Jacky,Ickx,612,1973,5,2.0,Jacky Ickx
231,James,Hunt,612,1973,6,1.0,James Hunt
232,Arturo,Merzario,612,1973,7,0.0,Arturo Merzario
304,Denny,Hulme,612,1973,8,0.0,Denny Hulme
182,Niki,Lauda,612,1973,9,0.0,Niki Lauda
289,Graham,Hill,612,1973,10,0.0,Graham Hill
306,Jean-Pierre,Beltoise,612,1973,11,0.0,Jean-Pierre Beltoise
223,Clay,Regazzoni,612,1973,12,0.0,Clay Regazzoni
250,Carlos,Pace,612,1973,13,0.0,Carlos Pace
307,Howden,Ganley,612,1973,14,0.0,Howden Ganley
313,Rikky,von Opel,612,1973,15,0.0,Rikky von Opel
290,Wilson,Fittipaldi,612,1973,16,0.0,Wilson Fittipaldi
309,Peter,Revson,613,1973,1,9.0,Peter Revson
238,Ronnie,Peterson,613,1973,2,6.0,Ronnie Peterson
304,Denny,Hulme,613,1973,3,4.0,Denny Hulme
231,James,Hunt,613,1973,4,3.0,James Hunt
327,François,Cevert,613,1973,5,2.0,François Cevert
199,Carlos,Reutemann,613,1973,6,1.0,Carlos Reutemann
223,Clay,Regazzoni,613,1973,7,0.0,Clay Regazzoni
235,Jacky,Ickx,613,1973,8,0.0,Jacky Ickx
307,Howden,Ganley,613,1973,9,0.0,Howden Ganley
328,Jackie,Stewart,613,1973,10,0.0,Jackie Stewart
329,Mike,Beuttler,613,1973,11,0.0,Mike Beuttler
182,Niki,Lauda,613,1973,12,0.0,Niki Lauda
313,Rikky,von Opel,613,1973,13,0.0,Rikky von Opel
328,Jackie,Stewart,614,1973,1,9.0,Jackie Stewart
327,François,Cevert,614,1973,2,6.0,François Cevert
231,James,Hunt,614,1973,3,4.0,James Hunt
309,Peter,Revson,614,1973,4,3.0,Peter Revson
306,Jean-Pierre,Beltoise,614,1973,5,2.0,Jean-Pierre Beltoise
298,Gijs,van Lennep,614,1973,6,1.0,Gijs van Lennep
250,Carlos,Pace,614,1973,7,0.0,Carlos Pace
223,Clay,Regazzoni,614,1973,8,0.0,Clay Regazzoni
307,Howden,Ganley,614,1973,9,0.0,Howden Ganley
332,George,Follmer,614,1973,10,0.0,George Follmer
238,Ronnie,Peterson,614,1973,11,0.0,Ronnie Peterson
328,Jackie,Stewart,615,1973,1,9.0,Jackie Stewart
327,François,Cevert,615,1973,2,6.0,François Cevert
235,Jacky,Ickx,615,1973,3,4.0,Jacky Ickx
250,Carlos,Pace,615,1973,4,3.0,Carlos Pace
290,Wilson,Fittipaldi,615,1973,5,2.0,Wilson Fittipaldi
224,Emerson,Fittipaldi,615,1973,6,1.0,Emerson Fittipaldi
200,Jochen,Mass,615,1973,7,0.0,Jochen Mass
262,Jackie,Oliver,615,1973,8,0.0,Jackie Oliver
309,Peter,Revson,615,1973,9,0.0,Peter Revson
280,Henri,Pescarolo,615,1973,10,0.0,Henri Pescarolo
243,Rolf,Stommelen,615,1973,11,0.0,Rolf Stommelen
304,Denny,Hulme,615,1973,12,0.0,Denny Hulme
289,Graham,Hill,615,1973,13,0.0,Graham Hill
305,Mike,Hailwood,615,1973,14,0.0,Mike Hailwood
259,David,Purley,615,1973,15,0.0,David Purley
329,Mike,Beuttler,615,1973,16,0.0,Mike Beuttler
238,Ronnie,Peterson,616,1973,1,9.0,Ronnie Peterson
328,Jackie,Stewart,616,1973,2,6.0,Jackie Stewart
250,Carlos,Pace,616,1973,3,4.0,Carlos Pace
199,Carlos,Reutemann,616,1973,4,3.0,Carlos Reutemann
306,Jean-Pierre,Beltoise,616,1973,5,2.0,Jean-Pierre Beltoise
223,Clay,Regazzoni,616,1973,6,1.0,Clay Regazzoni
232,Arturo,Merzario,616,1973,7,0.0,Arturo Merzario
304,Denny,Hulme,616,1973,8,0.0,Denny Hulme
298,Gijs,van Lennep,616,1973,9,0.0,Gijs van Lennep
305,Mike,Hailwood,616,1973,10,0.0,Mike Hailwood
238,Ronnie,Peterson,617,1973,1,9.0,Ronnie Peterson
224,Emerson,Fittipaldi,617,1973,2,6.0,Emerson Fittipaldi
309,Peter,Revson,617,1973,3,4.0,Peter Revson
328,Jackie,Stewart,617,1973,4,3.0,Jackie Stewart
327,François,Cevert,617,1973,5,2.0,François Cevert
199,Carlos,Reutemann,617,1973,6,1.0,Carlos Reutemann
305,Mike,Hailwood,617,1973,7,0.0,Mike Hailwood
235,Jacky,Ickx,617,1973,8,0.0,Jacky Ickx
259,David,Purley,617,1973,9,0.0,David Purley
332,George,Follmer,617,1973,10,0.0,George Follmer
262,Jackie,Oliver,617,1973,11,0.0,Jackie Oliver
243,Rolf,Stommelen,617,1973,12,0.0,Rolf Stommelen
306,Jean-Pierre,Beltoise,617,1973,13,0.0,Jean-Pierre Beltoise
289,Graham,Hill,617,1973,14,0.0,Graham Hill
304,Denny,Hulme,617,1973,15,0.0,Denny Hulme
309,Peter,Revson,618,1973,1,9.0,Peter Revson
224,Emerson,Fittipaldi,618,1973,2,6.0,Emerson Fittipaldi
262,Jackie,Oliver,618,1973,3,4.0,Jackie Oliver
306,Jean-Pierre,Beltoise,618,1973,4,3.0,Jean-Pierre Beltoise
328,Jackie,Stewart,618,1973,5,2.0,Jackie Stewart
307,Howden,Ganley,618,1973,6,1.0,Howden Ganley
231,James,Hunt,618,1973,7,0.0,James Hunt
199,Carlos,Reutemann,618,1973,8,0.0,Carlos Reutemann
305,Mike,Hailwood,618,1973,9,0.0,Mike Hailwood
278,Chris,Amon,618,1973,10,0.0,Chris Amon
290,Wilson,Fittipaldi,618,1973,11,0.0,Wilson Fittipaldi
243,Rolf,Stommelen,618,1973,12,0.0,Rolf Stommelen
304,Denny,Hulme,618,1973,13,0.0,Denny Hulme
314,Tim,Schenken,618,1973,14,0.0,Tim Schenken
232,Arturo,Merzario,618,1973,15,0.0,Arturo Merzario
289,Graham,Hill,618,1973,16,0.0,Graham Hill
332,George,Follmer,618,1973,17,0.0,George Follmer
250,Carlos,Pace,618,1973,18,0.0,Carlos Pace
238,Ronnie,Peterson,619,1973,1,9.0,Ronnie Peterson
231,James,Hunt,619,1973,2,6.0,James Hunt
199,Carlos,Reutemann,619,1973,3,4.0,Carlos Reutemann
304,Denny,Hulme,619,1973,4,3.0,Denny Hulme
309,Peter,Revson,619,1973,5,2.0,Peter Revson
224,Emerson,Fittipaldi,619,1973,6,1.0,Emerson Fittipaldi
235,Jacky,Ickx,619,1973,7,0.0,Jacky Ickx
223,Clay,Regazzoni,619,1973,8,0.0,Clay Regazzoni
306,Jean-Pierre,Beltoise,619,1973,9,0.0,Jean-Pierre Beltoise
329,Mike,Beuttler,619,1973,10,0.0,Mike Beuttler
197,Jean-Pierre,Jarier,619,1973,11,0.0,Jean-Pierre Jarier
307,Howden,Ganley,619,1973,12,0.0,Howden Ganley
289,Graham,Hill,619,1973,13,0.0,Graham Hill
332,George,Follmer,619,1973,14,0.0,George Follmer
262,Jackie,Oliver,619,1973,15,0.0,Jackie Oliver
232,Arturo,Merzario,619,1973,16,0.0,Arturo Merzario
328,Jackie,Stewart,620,1972,1,9.0,Jackie Stewart
304,Denny,Hulme,620,1972,2,6.0,Denny Hulme
235,Jacky,Ickx,620,1972,3,4.0,Jacky Ickx
223,Clay,Regazzoni,620,1972,4,3.0,Clay Regazzoni
314,Tim,Schenken,620,1972,5,2.0,Tim Schenken
238,Ronnie,Peterson,620,1972,6,1.0,Ronnie Peterson
199,Carlos,Reutemann,620,1972,7,0.0,Carlos Reutemann
280,Henri,Pescarolo,620,1972,8,0.0,Henri Pescarolo
307,Howden,Ganley,620,1972,9,0.0,Howden Ganley
337,Helmut,Marko,620,1972,10,0.0,Helmut Marko
182,Niki,Lauda,620,1972,11,0.0,Niki Lauda
304,Denny,Hulme,621,1972,1,9.0,Denny Hulme
224,Emerson,Fittipaldi,621,1972,2,6.0,Emerson Fittipaldi
309,Peter,Revson,621,1972,3,4.0,Peter Revson
207,Mario,Andretti,621,1972,4,3.0,Mario Andretti
238,Ronnie,Peterson,621,1972,5,2.0,Ronnie Peterson
289,Graham,Hill,621,1972,6,1.0,Graham Hill
182,Niki,Lauda,621,1972,7,0.0,Niki Lauda
235,Jacky,Ickx,621,1972,8,0.0,Jacky Ickx
327,François,Cevert,621,1972,9,0.0,François Cevert
338,David,Walker,621,1972,10,0.0,David Walker
280,Henri,Pescarolo,621,1972,11,0.0,Henri Pescarolo
223,Clay,Regazzoni,621,1972,12,0.0,Clay Regazzoni
243,Rolf,Stommelen,621,1972,13,0.0,Rolf Stommelen
337,Helmut,Marko,621,1972,14,0.0,Helmut Marko
278,Chris,Amon,621,1972,15,0.0,Chris Amon
340,John,Love,621,1972,16,0.0,John Love
250,Carlos,Pace,621,1972,17,0.0,Carlos Pace
224,Emerson,Fittipaldi,622,1972,1,9.0,Emerson Fittipaldi
235,Jacky,Ickx,622,1972,2,6.0,Jacky Ickx
223,Clay,Regazzoni,622,1972,3,4.0,Clay Regazzoni
333,Andrea,de Adamich,622,1972,4,3.0,Andrea de Adamich
309,Peter,Revson,622,1972,5,2.0,Peter Revson
250,Carlos,Pace,622,1972,6,1.0,Carlos Pace
290,Wilson,Fittipaldi,622,1972,7,0.0,Wilson Fittipaldi
314,Tim,Schenken,622,1972,8,0.0,Tim Schenken
338,David,Walker,622,1972,9,0.0,David Walker
289,Graham,Hill,622,1972,10,0.0,Graham Hill
280,Henri,Pescarolo,622,1972,11,0.0,Henri Pescarolo
306,Jean-Pierre,Beltoise,623,1972,1,9.0,Jean-Pierre Beltoise
235,Jacky,Ickx,623,1972,2,6.0,Jacky Ickx
224,Emerson,Fittipaldi,623,1972,3,4.0,Emerson Fittipaldi
328,Jackie,Stewart,623,1972,4,3.0,Jackie Stewart
312,Brian,Redman,623,1972,5,2.0,Brian Redman
278,Chris,Amon,623,1972,6,1.0,Chris Amon
333,Andrea,de Adamich,623,1972,7,0.0,Andrea de Adamich
337,Helmut,Marko,623,1972,8,0.0,Helmut Marko
290,Wilson,Fittipaldi,623,1972,9,0.0,Wilson Fittipaldi
243,Rolf,Stommelen,623,1972,10,0.0,Rolf Stommelen
238,Ronnie,Peterson,623,1972,11,0.0,Ronnie Peterson
289,Graham,Hill,623,1972,12,0.0,Graham Hill
329,Mike,Beuttler,623,1972,13,0.0,Mike Beuttler
338,David,Walker,623,1972,14,0.0,David Walker
304,Denny,Hulme,623,1972,15,0.0,Denny Hulme
182,Niki,Lauda,623,1972,16,0.0,Niki Lauda
250,Carlos,Pace,623,1972,17,0.0,Carlos Pace
224,Emerson,Fittipaldi,624,1972,1,9.0,Emerson Fittipaldi
327,François,Cevert,624,1972,2,6.0,François Cevert
304,Denny,Hulme,624,1972,3,4.0,Denny Hulme
305,Mike,Hailwood,624,1972,4,3.0,Mike Hailwood
250,Carlos,Pace,624,1972,5,2.0,Carlos Pace
278,Chris,Amon,624,1972,6,1.0,Chris Amon
309,Peter,Revson,624,1972,7,0.0,Peter Revson
307,Howden,Ganley,624,1972,8,0.0,Howden Ganley
238,Ronnie,Peterson,624,1972,9,0.0,Ronnie Peterson
337,Helmut,Marko,624,1972,10,0.0,Helmut Marko
243,Rolf,Stommelen,624,1972,11,0.0,Rolf Stommelen
182,Niki,Lauda,624,1972,12,0.0,Niki Lauda
199,Carlos,Reutemann,624,1972,13,0.0,Carlos Reutemann
338,David,Walker,624,1972,14,0.0,David Walker
328,Jackie,Stewart,625,1972,1,9.0,Jackie Stewart
224,Emerson,Fittipaldi,625,1972,2,6.0,Emerson Fittipaldi
278,Chris,Amon,625,1972,3,4.0,Chris Amon
327,François,Cevert,625,1972,4,3.0,François Cevert
238,Ronnie,Peterson,625,1972,5,2.0,Ronnie Peterson
305,Mike,Hailwood,625,1972,6,1.0,Mike Hailwood
304,Denny,Hulme,625,1972,7,0.0,Denny Hulme
290,Wilson,Fittipaldi,625,1972,8,0.0,Wilson Fittipaldi
312,Brian,Redman,625,1972,9,0.0,Brian Redman
289,Graham,Hill,625,1972,10,0.0,Graham Hill
235,Jacky,Ickx,625,1972,11,0.0,Jacky Ickx
199,Carlos,Reutemann,625,1972,12,0.0,Carlos Reutemann
330,Nanni,Galli,625,1972,13,0.0,Nanni Galli
333,Andrea,de Adamich,625,1972,14,0.0,Andrea de Adamich
306,Jean-Pierre,Beltoise,625,1972,15,0.0,Jean-Pierre Beltoise
243,Rolf,Stommelen,625,1972,16,0.0,Rolf Stommelen
314,Tim,Schenken,625,1972,17,0.0,Tim Schenken
338,David,Walker,625,1972,18,0.0,David Walker
329,Mike,Beuttler,625,1972,19,0.0,Mike Beuttler
224,Emerson,Fittipaldi,626,1972,1,9.0,Emerson Fittipaldi
328,Jackie,Stewart,626,1972,2,6.0,Jackie Stewart
309,Peter,Revson,626,1972,3,4.0,Peter Revson
278,Chris,Amon,626,1972,4,3.0,Chris Amon
304,Denny,Hulme,626,1972,5,2.0,Denny Hulme
232,Arturo,Merzario,626,1972,6,1.0,Arturo Merzario
238,Ronnie,Peterson,626,1972,7,0.0,Ronnie Peterson
199,Carlos,Reutemann,626,1972,8,0.0,Carlos Reutemann
182,Niki,Lauda,626,1972,9,0.0,Niki Lauda
243,Rolf,Stommelen,626,1972,10,0.0,Rolf Stommelen
306,Jean-Pierre,Beltoise,626,1972,11,0.0,Jean-Pierre Beltoise
290,Wilson,Fittipaldi,626,1972,12,0.0,Wilson Fittipaldi
329,Mike,Beuttler,626,1972,13,0.0,Mike Beuttler
235,Jacky,Ickx,627,1972,1,9.0,Jacky Ickx
223,Clay,Regazzoni,627,1972,2,6.0,Clay Regazzoni
238,Ronnie,Peterson,627,1972,3,4.0,Ronnie Peterson
307,Howden,Ganley,627,1972,4,3.0,Howden Ganley
312,Brian,Redman,627,1972,5,2.0,Brian Redman
289,Graham,Hill,627,1972,6,1.0,Graham Hill
290,Wilson,Fittipaldi,627,1972,7,0.0,Wilson Fittipaldi
329,Mike,Beuttler,627,1972,8,0.0,Mike Beuttler
306,Jean-Pierre,Beltoise,627,1972,9,0.0,Jean-Pierre Beltoise
327,François,Cevert,627,1972,10,0.0,François Cevert
328,Jackie,Stewart,627,1972,11,0.0,Jackie Stewart
232,Arturo,Merzario,627,1972,12,0.0,Arturo Merzario
333,Andrea,de Adamich,627,1972,13,0.0,Andrea de Adamich
314,Tim,Schenken,627,1972,14,0.0,Tim Schenken
278,Chris,Amon,627,1972,15,0.0,Chris Amon
224,Emerson,Fittipaldi,628,1972,1,9.0,Emerson Fittipaldi
304,Denny,Hulme,628,1972,2,6.0,Denny Hulme
309,Peter,Revson,628,1972,3,4.0,Peter Revson
305,Mike,Hailwood,628,1972,4,3.0,Mike Hailwood
278,Chris,Amon,628,1972,5,2.0,Chris Amon
307,Howden,Ganley,628,1972,6,1.0,Howden Ganley
328,Jackie,Stewart,628,1972,7,0.0,Jackie Stewart
306,Jean-Pierre,Beltoise,628,1972,8,0.0,Jean-Pierre Beltoise
327,François,Cevert,628,1972,9,0.0,François Cevert
182,Niki,Lauda,628,1972,10,0.0,Niki Lauda
314,Tim,Schenken,628,1972,11,0.0,Tim Schenken
238,Ronnie,Peterson,628,1972,12,0.0,Ronnie Peterson
320,Peter,Gethin,628,1972,13,0.0,Peter Gethin
333,Andrea,de Adamich,628,1972,14,0.0,Andrea de Adamich
224,Emerson,Fittipaldi,629,1972,1,9.0,Emerson Fittipaldi
305,Mike,Hailwood,629,1972,2,6.0,Mike Hailwood
304,Denny,Hulme,629,1972,3,4.0,Denny Hulme
309,Peter,Revson,629,1972,4,3.0,Peter Revson
289,Graham,Hill,629,1972,5,2.0,Graham Hill
320,Peter,Gethin,629,1972,6,1.0,Peter Gethin
207,Mario,Andretti,629,1972,7,0.0,Mario Andretti
306,Jean-Pierre,Beltoise,629,1972,8,0.0,Jean-Pierre Beltoise
238,Ronnie,Peterson,629,1972,9,0.0,Ronnie Peterson
329,Mike,Beuttler,629,1972,10,0.0,Mike Beuttler
307,Howden,Ganley,629,1972,11,0.0,Howden Ganley
317,Reine,Wisell,629,1972,12,0.0,Reine Wisell
182,Niki,Lauda,629,1972,13,0.0,Niki Lauda
328,Jackie,Stewart,630,1972,1,9.0,Jackie Stewart
309,Peter,Revson,630,1972,2,6.0,Peter Revson
304,Denny,Hulme,630,1972,3,4.0,Denny Hulme
199,Carlos,Reutemann,630,1972,4,3.0,Carlos Reutemann
223,Clay,Regazzoni,630,1972,5,2.0,Clay Regazzoni
278,Chris,Amon,630,1972,6,1.0,Chris Amon
314,Tim,Schenken,630,1972,7,0.0,Tim Schenken
289,Graham,Hill,630,1972,8,0.0,Graham Hill
250,Carlos,Pace,630,1972,9,0.0,Carlos Pace
307,Howden,Ganley,630,1972,10,0.0,Howden Ganley
224,Emerson,Fittipaldi,630,1972,11,0.0,Emerson Fittipaldi
235,Jacky,Ickx,630,1972,12,0.0,Jacky Ickx
280,Henri,Pescarolo,630,1972,13,0.0,Henri Pescarolo
328,Jackie,Stewart,631,1972,1,9.0,Jackie Stewart
327,François,Cevert,631,1972,2,6.0,François Cevert
304,Denny,Hulme,631,1972,3,4.0,Denny Hulme
238,Ronnie,Peterson,631,1972,4,3.0,Ronnie Peterson
235,Jacky,Ickx,631,1972,5,2.0,Jacky Ickx
207,Mario,Andretti,631,1972,6,1.0,Mario Andretti
221,Patrick,Depailler,631,1972,7,0.0,Patrick Depailler
223,Clay,Regazzoni,631,1972,8,0.0,Clay Regazzoni
222,Jody,Scheckter,631,1972,9,0.0,Jody Scheckter
317,Reine,Wisell,631,1972,10,0.0,Reine Wisell
289,Graham,Hill,631,1972,11,0.0,Graham Hill
344,Sam,Posey,631,1972,12,0.0,Sam Posey
329,Mike,Beuttler,631,1972,13,0.0,Mike Beuttler
280,Henri,Pescarolo,631,1972,14,0.0,Henri Pescarolo
278,Chris,Amon,631,1972,15,0.0,Chris Amon
342,Skip,Barber,631,1972,16,0.0,Skip Barber
305,Mike,Hailwood,631,1972,17,0.0,Mike Hailwood
309,Peter,Revson,631,1972,18,0.0,Peter Revson
182,Niki,Lauda,631,1972,19,0.0,Niki Lauda
207,Mario,Andretti,632,1971,1,9.0,Mario Andretti
328,Jackie,Stewart,632,1971,2,6.0,Jackie Stewart
223,Clay,Regazzoni,632,1971,3,4.0,Clay Regazzoni
317,Reine,Wisell,632,1971,4,3.0,Reine Wisell
278,Chris,Amon,632,1971,5,2.0,Chris Amon
304,Denny,Hulme,632,1971,6,1.0,Denny Hulme
312,Brian,Redman,632,1971,7,0.0,Brian Redman
235,Jacky,Ickx,632,1971,8,0.0,Jacky Ickx
289,Graham,Hill,632,1971,9,0.0,Graham Hill
238,Ronnie,Peterson,632,1971,10,0.0,Ronnie Peterson
280,Henri,Pescarolo,632,1971,11,0.0,Henri Pescarolo
243,Rolf,Stommelen,632,1971,12,0.0,Rolf Stommelen
333,Andrea,de Adamich,632,1971,13,0.0,Andrea de Adamich
328,Jackie,Stewart,633,1971,1,9.0,Jackie Stewart
235,Jacky,Ickx,633,1971,2,6.0,Jacky Ickx
278,Chris,Amon,633,1971,3,4.0,Chris Amon
345,Pedro,Rodríguez,633,1971,4,3.0,Pedro Rodríguez
304,Denny,Hulme,633,1971,5,2.0,Denny Hulme
306,Jean-Pierre,Beltoise,633,1971,6,1.0,Jean-Pierre Beltoise
327,François,Cevert,633,1971,7,0.0,François Cevert
320,Peter,Gethin,633,1971,8,0.0,Peter Gethin
314,Tim,Schenken,633,1971,9,0.0,Tim Schenken
307,Howden,Ganley,633,1971,10,0.0,Howden Ganley
341,John,Surtees,633,1971,11,0.0,John Surtees
328,Jackie,Stewart,634,1971,1,9.0,Jackie Stewart
238,Ronnie,Peterson,634,1971,2,6.0,Ronnie Peterson
235,Jacky,Ickx,634,1971,3,4.0,Jacky Ickx
304,Denny,Hulme,634,1971,4,3.0,Denny Hulme
224,Emerson,Fittipaldi,634,1971,5,2.0,Emerson Fittipaldi
243,Rolf,Stommelen,634,1971,6,1.0,Rolf Stommelen
341,John,Surtees,634,1971,7,0.0,John Surtees
280,Henri,Pescarolo,634,1971,8,0.0,Henri Pescarolo
345,Pedro,Rodríguez,634,1971,9,0.0,Pedro Rodríguez
314,Tim,Schenken,634,1971,10,0.0,Tim Schenken
235,Jacky,Ickx,635,1971,1,9.0,Jacky Ickx
345,Pedro,Rodríguez,635,1971,2,6.0,Pedro Rodríguez
223,Clay,Regazzoni,635,1971,3,4.0,Clay Regazzoni
238,Ronnie,Peterson,635,1971,4,3.0,Ronnie Peterson
341,John,Surtees,635,1971,5,2.0,John Surtees
346,Jo,Siffert,635,1971,6,1.0,Jo Siffert
307,Howden,Ganley,635,1971,7,0.0,Howden Ganley
298,Gijs,van Lennep,635,1971,8,0.0,Gijs van Lennep
306,Jean-Pierre,Beltoise,635,1971,9,0.0,Jean-Pierre Beltoise
289,Graham,Hill,635,1971,10,0.0,Graham Hill
328,Jackie,Stewart,635,1971,11,0.0,Jackie Stewart
304,Denny,Hulme,635,1971,12,0.0,Denny Hulme
328,Jackie,Stewart,636,1971,1,9.0,Jackie Stewart
327,François,Cevert,636,1971,2,6.0,François Cevert
224,Emerson,Fittipaldi,636,1971,3,4.0,Emerson Fittipaldi
346,Jo,Siffert,636,1971,4,3.0,Jo Siffert
278,Chris,Amon,636,1971,5,2.0,Chris Amon
317,Reine,Wisell,636,1971,6,1.0,Reine Wisell
306,Jean-Pierre,Beltoise,636,1971,7,0.0,Jean-Pierre Beltoise
341,John,Surtees,636,1971,8,0.0,John Surtees
320,Peter,Gethin,636,1971,9,0.0,Peter Gethin
307,Howden,Ganley,636,1971,10,0.0,Howden Ganley
243,Rolf,Stommelen,636,1971,11,0.0,Rolf Stommelen
314,Tim,Schenken,636,1971,12,0.0,Tim Schenken
348,François,Mazet,636,1971,13,0.0,François Mazet
328,Jackie,Stewart,637,1971,1,9.0,Jackie Stewart
238,Ronnie,Peterson,637,1971,2,6.0,Ronnie Peterson
224,Emerson,Fittipaldi,637,1971,3,4.0,Emerson Fittipaldi
280,Henri,Pescarolo,637,1971,4,3.0,Henri Pescarolo
243,Rolf,Stommelen,637,1971,5,2.0,Rolf Stommelen
341,John,Surtees,637,1971,6,1.0,John Surtees
306,Jean-Pierre,Beltoise,637,1971,7,0.0,Jean-Pierre Beltoise
307,Howden,Ganley,637,1971,8,0.0,Howden Ganley
346,Jo,Siffert,637,1971,9,0.0,Jo Siffert
327,François,Cevert,637,1971,10,0.0,François Cevert
330,Nanni,Galli,637,1971,11,0.0,Nanni Galli
314,Tim,Schenken,637,1971,12,0.0,Tim Schenken
328,Jackie,Stewart,638,1971,1,9.0,Jackie Stewart
327,François,Cevert,638,1971,2,6.0,François Cevert
223,Clay,Regazzoni,638,1971,3,4.0,Clay Regazzoni
207,Mario,Andretti,638,1971,4,3.0,Mario Andretti
238,Ronnie,Peterson,638,1971,5,2.0,Ronnie Peterson
314,Tim,Schenken,638,1971,6,1.0,Tim Schenken
341,John,Surtees,638,1971,7,0.0,John Surtees
317,Reine,Wisell,638,1971,8,0.0,Reine Wisell
289,Graham,Hill,638,1971,9,0.0,Graham Hill
243,Rolf,Stommelen,638,1971,10,0.0,Rolf Stommelen
350,Vic,Elford,638,1971,11,0.0,Vic Elford
330,Nanni,Galli,638,1971,12,0.0,Nanni Galli
346,Jo,Siffert,639,1971,1,9.0,Jo Siffert
224,Emerson,Fittipaldi,639,1971,2,6.0,Emerson Fittipaldi
314,Tim,Schenken,639,1971,3,4.0,Tim Schenken
317,Reine,Wisell,639,1971,4,3.0,Reine Wisell
289,Graham,Hill,639,1971,5,2.0,Graham Hill
280,Henri,Pescarolo,639,1971,6,1.0,Henri Pescarolo
243,Rolf,Stommelen,639,1971,7,0.0,Rolf Stommelen
238,Ronnie,Peterson,639,1971,8,0.0,Ronnie Peterson
262,Jackie,Oliver,639,1971,9,0.0,Jackie Oliver
320,Peter,Gethin,639,1971,10,0.0,Peter Gethin
337,Helmut,Marko,639,1971,11,0.0,Helmut Marko
330,Nanni,Galli,639,1971,12,0.0,Nanni Galli
320,Peter,Gethin,640,1971,1,9.0,Peter Gethin
238,Ronnie,Peterson,640,1971,2,6.0,Ronnie Peterson
327,François,Cevert,640,1971,3,4.0,François Cevert
305,Mike,Hailwood,640,1971,4,3.0,Mike Hailwood
307,Howden,Ganley,640,1971,5,2.0,Howden Ganley
278,Chris,Amon,640,1971,6,1.0,Chris Amon
262,Jackie,Oliver,640,1971,7,0.0,Jackie Oliver
224,Emerson,Fittipaldi,640,1971,8,0.0,Emerson Fittipaldi
346,Jo,Siffert,640,1971,9,0.0,Jo Siffert
347,Jo,Bonnier,640,1971,10,0.0,Jo Bonnier
328,Jackie,Stewart,641,1971,1,9.0,Jackie Stewart
238,Ronnie,Peterson,641,1971,2,6.0,Ronnie Peterson
288,Mark,Donohue,641,1971,3,4.0,Mark Donohue
304,Denny,Hulme,641,1971,4,3.0,Denny Hulme
317,Reine,Wisell,641,1971,5,2.0,Reine Wisell
327,François,Cevert,641,1971,6,1.0,François Cevert
224,Emerson,Fittipaldi,641,1971,7,0.0,Emerson Fittipaldi
235,Jacky,Ickx,641,1971,8,0.0,Jacky Ickx
346,Jo,Siffert,641,1971,9,0.0,Jo Siffert
278,Chris,Amon,641,1971,10,0.0,Chris Amon
341,John,Surtees,641,1971,11,0.0,John Surtees
337,Helmut,Marko,641,1971,12,0.0,Helmut Marko
207,Mario,Andretti,641,1971,13,0.0,Mario Andretti
320,Peter,Gethin,641,1971,14,0.0,Peter Gethin
352,George,Eaton,641,1971,15,0.0,George Eaton
330,Nanni,Galli,641,1971,16,0.0,Nanni Galli
327,François,Cevert,642,1971,1,9.0,François Cevert
346,Jo,Siffert,642,1971,2,6.0,Jo Siffert
238,Ronnie,Peterson,642,1971,3,4.0,Ronnie Peterson
307,Howden,Ganley,642,1971,4,3.0,Howden Ganley
328,Jackie,Stewart,642,1971,5,2.0,Jackie Stewart
223,Clay,Regazzoni,642,1971,6,1.0,Clay Regazzoni
289,Graham,Hill,642,1971,7,0.0,Graham Hill
306,Jean-Pierre,Beltoise,642,1971,8,0.0,Jean-Pierre Beltoise
320,Peter,Gethin,642,1971,9,0.0,Peter Gethin
322,David,Hobbs,642,1971,10,0.0,David Hobbs
333,Andrea,de Adamich,642,1971,11,0.0,Andrea de Adamich
278,Chris,Amon,642,1971,12,0.0,Chris Amon
337,Helmut,Marko,642,1971,13,0.0,Helmut Marko
355,John,Cannon,642,1971,14,0.0,John Cannon
305,Mike,Hailwood,642,1971,15,0.0,Mike Hailwood
347,Jo,Bonnier,642,1971,16,0.0,Jo Bonnier
341,John,Surtees,642,1971,17,0.0,John Surtees
356,Jack,Brabham,643,1970,1,9.0,Jack Brabham
304,Denny,Hulme,643,1970,2,6.0,Denny Hulme
328,Jackie,Stewart,643,1970,3,4.0,Jackie Stewart
306,Jean-Pierre,Beltoise,643,1970,4,3.0,Jean-Pierre Beltoise
357,John,Miles,643,1970,5,2.0,John Miles
289,Graham,Hill,643,1970,6,1.0,Graham Hill
280,Henri,Pescarolo,643,1970,7,0.0,Henri Pescarolo
340,John,Love,643,1970,8,0.0,John Love
345,Pedro,Rodríguez,643,1970,9,0.0,Pedro Rodríguez
346,Jo,Siffert,643,1970,10,0.0,Jo Siffert
362,Peter,de Klerk,643,1970,11,0.0,Peter de Klerk
293,Dave,Charlton,643,1970,12,0.0,Dave Charlton
358,Jochen,Rindt,643,1970,13,0.0,Jochen Rindt
328,Jackie,Stewart,644,1970,1,9.0,Jackie Stewart
360,Bruce,McLaren,644,1970,2,6.0,Bruce McLaren
207,Mario,Andretti,644,1970,3,4.0,Mario Andretti
289,Graham,Hill,644,1970,4,3.0,Graham Hill
359,Johnny,Servoz-Gavin,644,1970,5,2.0,Johnny Servoz-Gavin
358,Jochen,Rindt,645,1970,1,9.0,Jochen Rindt
356,Jack,Brabham,645,1970,2,6.0,Jack Brabham
280,Henri,Pescarolo,645,1970,3,4.0,Henri Pescarolo
304,Denny,Hulme,645,1970,4,3.0,Denny Hulme
289,Graham,Hill,645,1970,5,2.0,Graham Hill
345,Pedro,Rodríguez,645,1970,6,1.0,Pedro Rodríguez
238,Ronnie,Peterson,645,1970,7,0.0,Ronnie Peterson
346,Jo,Siffert,645,1970,8,0.0,Jo Siffert
345,Pedro,Rodríguez,646,1970,1,9.0,Pedro Rodríguez
278,Chris,Amon,646,1970,2,6.0,Chris Amon
306,Jean-Pierre,Beltoise,646,1970,3,4.0,Jean-Pierre Beltoise
363,Ignazio,Giunti,646,1970,4,3.0,Ignazio Giunti
243,Rolf,Stommelen,646,1970,5,2.0,Rolf Stommelen
280,Henri,Pescarolo,646,1970,6,1.0,Henri Pescarolo
346,Jo,Siffert,646,1970,7,0.0,Jo Siffert
235,Jacky,Ickx,646,1970,8,0.0,Jacky Ickx
358,Jochen,Rindt,647,1970,1,9.0,Jochen Rindt
328,Jackie,Stewart,647,1970,2,6.0,Jackie Stewart
235,Jacky,Ickx,647,1970,3,4.0,Jacky Ickx
223,Clay,Regazzoni,647,1970,4,3.0,Clay Regazzoni
306,Jean-Pierre,Beltoise,647,1970,5,2.0,Jean-Pierre Beltoise
341,John,Surtees,647,1970,6,1.0,John Surtees
357,John,Miles,647,1970,7,0.0,John Miles
280,Henri,Pescarolo,647,1970,8,0.0,Henri Pescarolo
238,Ronnie,Peterson,647,1970,9,0.0,Ronnie Peterson
345,Pedro,Rodríguez,647,1970,10,0.0,Pedro Rodríguez
356,Jack,Brabham,647,1970,11,0.0,Jack Brabham
358,Jochen,Rindt,648,1970,1,9.0,Jochen Rindt
278,Chris,Amon,648,1970,2,6.0,Chris Amon
356,Jack,Brabham,648,1970,3,4.0,Jack Brabham
304,Denny,Hulme,648,1970,4,3.0,Denny Hulme
280,Henri,Pescarolo,648,1970,5,2.0,Henri Pescarolo
364,Dan,Gurney,648,1970,6,1.0,Dan Gurney
243,Rolf,Stommelen,648,1970,7,0.0,Rolf Stommelen
357,John,Miles,648,1970,8,0.0,John Miles
328,Jackie,Stewart,648,1970,9,0.0,Jackie Stewart
289,Graham,Hill,648,1970,10,0.0,Graham Hill
327,François,Cevert,648,1970,11,0.0,François Cevert
352,George,Eaton,648,1970,12,0.0,George Eaton
306,Jean-Pierre,Beltoise,648,1970,13,0.0,Jean-Pierre Beltoise
363,Ignazio,Giunti,648,1970,14,0.0,Ignazio Giunti
358,Jochen,Rindt,649,1970,1,9.0,Jochen Rindt
356,Jack,Brabham,649,1970,2,6.0,Jack Brabham
304,Denny,Hulme,649,1970,3,4.0,Denny Hulme
223,Clay,Regazzoni,649,1970,4,3.0,Clay Regazzoni
278,Chris,Amon,649,1970,5,2.0,Chris Amon
289,Graham,Hill,649,1970,6,1.0,Graham Hill
327,François,Cevert,649,1970,7,0.0,François Cevert
224,Emerson,Fittipaldi,649,1970,8,0.0,Emerson Fittipaldi
238,Ronnie,Peterson,649,1970,9,0.0,Ronnie Peterson
358,Jochen,Rindt,650,1970,1,9.0,Jochen Rindt
235,Jacky,Ickx,650,1970,2,6.0,Jacky Ickx
304,Denny,Hulme,650,1970,3,4.0,Denny Hulme
224,Emerson,Fittipaldi,650,1970,4,3.0,Emerson Fittipaldi
243,Rolf,Stommelen,650,1970,5,2.0,Rolf Stommelen
280,Henri,Pescarolo,650,1970,6,1.0,Henri Pescarolo
327,François,Cevert,650,1970,7,0.0,François Cevert
346,Jo,Siffert,650,1970,8,0.0,Jo Siffert
341,John,Surtees,650,1970,9,0.0,John Surtees
20,Sebastian,Vettel,17,2009,1,10.0,Sebastian Vettel
17,Mark,Webber,17,2009,2,8.0,Mark Webber
18,Jenson,Button,17,2009,3,6.0,Jenson Button
22,Rubens,Barrichello,17,2009,4,5.0,Rubens Barrichello
2,Nick,Heidfeld,17,2009,5,4.0,Nick Heidfeld
155,Kamui,Kobayashi,17,2009,6,3.0,Kamui Kobayashi
15,Jarno,Trulli,17,2009,7,2.0,Jarno Trulli
67,Sébastien,Buemi,17,2009,8,1.0,Sébastien Buemi
3,Nico,Rosberg,17,2009,9,0.0,Nico Rosberg
9,Robert,Kubica,17,2009,10,0.0,Robert Kubica
5,Heikki,Kovalainen,17,2009,11,0.0,Heikki Kovalainen
8,Kimi,Räikkönen,17,2009,12,0.0,Kimi Räikkönen
6,Kazuki,Nakajima,17,2009,13,0.0,Kazuki Nakajima
4,Fernando,Alonso,17,2009,14,0.0,Fernando Alonso
24,Vitantonio,Liuzzi,17,2009,15,0.0,Vitantonio Liuzzi
21,Giancarlo,Fisichella,17,2009,16,0.0,Giancarlo Fisichella
16,Adrian,Sutil,17,2009,17,0.0,Adrian Sutil
154,Romain,Grosjean,17,2009,18,0.0,Romain Grosjean
235,Jacky,Ickx,651,1970,1,9.0,Jacky Ickx
223,Clay,Regazzoni,651,1970,2,6.0,Clay Regazzoni
243,Rolf,Stommelen,651,1970,3,4.0,Rolf Stommelen
345,Pedro,Rodríguez,651,1970,4,3.0,Pedro Rodríguez
262,Jackie,Oliver,651,1970,5,2.0,Jackie Oliver
306,Jean-Pierre,Beltoise,651,1970,6,1.0,Jean-Pierre Beltoise
363,Ignazio,Giunti,651,1970,7,0.0,Ignazio Giunti
278,Chris,Amon,651,1970,8,0.0,Chris Amon
346,Jo,Siffert,651,1970,9,0.0,Jo Siffert
320,Peter,Gethin,651,1970,10,0.0,Peter Gethin
352,George,Eaton,651,1970,11,0.0,George Eaton
333,Andrea,de Adamich,651,1970,12,0.0,Andrea de Adamich
356,Jack,Brabham,651,1970,13,0.0,Jack Brabham
280,Henri,Pescarolo,651,1970,14,0.0,Henri Pescarolo
224,Emerson,Fittipaldi,651,1970,15,0.0,Emerson Fittipaldi
223,Clay,Regazzoni,652,1970,1,9.0,Clay Regazzoni
328,Jackie,Stewart,652,1970,2,6.0,Jackie Stewart
306,Jean-Pierre,Beltoise,652,1970,3,4.0,Jean-Pierre Beltoise
304,Denny,Hulme,652,1970,4,3.0,Denny Hulme
243,Rolf,Stommelen,652,1970,5,2.0,Rolf Stommelen
327,François,Cevert,652,1970,6,1.0,François Cevert
278,Chris,Amon,652,1970,7,0.0,Chris Amon
333,Andrea,de Adamich,652,1970,8,0.0,Andrea de Adamich
235,Jacky,Ickx,653,1970,1,9.0,Jacky Ickx
223,Clay,Regazzoni,653,1970,2,6.0,Clay Regazzoni
278,Chris,Amon,653,1970,3,4.0,Chris Amon
345,Pedro,Rodríguez,653,1970,4,3.0,Pedro Rodríguez
341,John,Surtees,653,1970,5,2.0,John Surtees
320,Peter,Gethin,653,1970,6,1.0,Peter Gethin
280,Henri,Pescarolo,653,1970,7,0.0,Henri Pescarolo
306,Jean-Pierre,Beltoise,653,1970,8,0.0,Jean-Pierre Beltoise
327,François,Cevert,653,1970,9,0.0,François Cevert
352,George,Eaton,653,1970,10,0.0,George Eaton
224,Emerson,Fittipaldi,654,1970,1,9.0,Emerson Fittipaldi
345,Pedro,Rodríguez,654,1970,2,6.0,Pedro Rodríguez
317,Reine,Wisell,654,1970,3,4.0,Reine Wisell
235,Jacky,Ickx,654,1970,4,3.0,Jacky Ickx
278,Chris,Amon,654,1970,5,2.0,Chris Amon
321,Derek,Bell,654,1970,6,1.0,Derek Bell
304,Denny,Hulme,654,1970,7,0.0,Denny Hulme
280,Henri,Pescarolo,654,1970,8,0.0,Henri Pescarolo
346,Jo,Siffert,654,1970,9,0.0,Jo Siffert
356,Jack,Brabham,654,1970,10,0.0,Jack Brabham
238,Ronnie,Peterson,654,1970,11,0.0,Ronnie Peterson
243,Rolf,Stommelen,654,1970,12,0.0,Rolf Stommelen
223,Clay,Regazzoni,654,1970,13,0.0,Clay Regazzoni
320,Peter,Gethin,654,1970,14,0.0,Peter Gethin
235,Jacky,Ickx,655,1970,1,9.0,Jacky Ickx
223,Clay,Regazzoni,655,1970,2,6.0,Clay Regazzoni
304,Denny,Hulme,655,1970,3,4.0,Denny Hulme
278,Chris,Amon,655,1970,4,3.0,Chris Amon
306,Jean-Pierre,Beltoise,655,1970,5,2.0,Jean-Pierre Beltoise
345,Pedro,Rodríguez,655,1970,6,1.0,Pedro Rodríguez
262,Jackie,Oliver,655,1970,7,0.0,Jackie Oliver
341,John,Surtees,655,1970,8,0.0,John Surtees
280,Henri,Pescarolo,655,1970,9,0.0,Henri Pescarolo
328,Jackie,Stewart,656,1969,1,9.0,Jackie Stewart
289,Graham,Hill,656,1969,2,6.0,Graham Hill
304,Denny,Hulme,656,1969,3,4.0,Denny Hulme
346,Jo,Siffert,656,1969,4,3.0,Jo Siffert
360,Bruce,McLaren,656,1969,5,2.0,Bruce McLaren
306,Jean-Pierre,Beltoise,656,1969,6,1.0,Jean-Pierre Beltoise
262,Jackie,Oliver,656,1969,7,0.0,Jackie Oliver
368,Sam,Tingle,656,1969,8,0.0,Sam Tingle
328,Jackie,Stewart,657,1969,1,9.0,Jackie Stewart
360,Bruce,McLaren,657,1969,2,6.0,Bruce McLaren
306,Jean-Pierre,Beltoise,657,1969,3,4.0,Jean-Pierre Beltoise
304,Denny,Hulme,657,1969,4,3.0,Denny Hulme
341,John,Surtees,657,1969,5,2.0,John Surtees
235,Jacky,Ickx,657,1969,6,1.0,Jacky Ickx
289,Graham,Hill,658,1969,1,9.0,Graham Hill
361,Piers,Courage,658,1969,2,6.0,Piers Courage
346,Jo,Siffert,658,1969,3,4.0,Jo Siffert
370,Richard,Attwood,658,1969,4,3.0,Richard Attwood
360,Bruce,McLaren,658,1969,5,2.0,Bruce McLaren
304,Denny,Hulme,658,1969,6,1.0,Denny Hulme
350,Vic,Elford,658,1969,7,0.0,Vic Elford
328,Jackie,Stewart,659,1969,1,9.0,Jackie Stewart
346,Jo,Siffert,659,1969,2,6.0,Jo Siffert
278,Chris,Amon,659,1969,3,4.0,Chris Amon
304,Denny,Hulme,659,1969,4,3.0,Denny Hulme
235,Jacky,Ickx,659,1969,5,2.0,Jacky Ickx
356,Jack,Brabham,659,1969,6,1.0,Jack Brabham
289,Graham,Hill,659,1969,7,0.0,Graham Hill
306,Jean-Pierre,Beltoise,659,1969,8,0.0,Jean-Pierre Beltoise
341,John,Surtees,659,1969,9,0.0,John Surtees
350,Vic,Elford,659,1969,10,0.0,Vic Elford
328,Jackie,Stewart,660,1969,1,9.0,Jackie Stewart
306,Jean-Pierre,Beltoise,660,1969,2,6.0,Jean-Pierre Beltoise
235,Jacky,Ickx,660,1969,3,4.0,Jacky Ickx
360,Bruce,McLaren,660,1969,4,3.0,Bruce McLaren
350,Vic,Elford,660,1969,5,2.0,Vic Elford
289,Graham,Hill,660,1969,6,1.0,Graham Hill
351,Silvio,Moser,660,1969,7,0.0,Silvio Moser
304,Denny,Hulme,660,1969,8,0.0,Denny Hulme
346,Jo,Siffert,660,1969,9,0.0,Jo Siffert
328,Jackie,Stewart,661,1969,1,9.0,Jackie Stewart
235,Jacky,Ickx,661,1969,2,6.0,Jacky Ickx
360,Bruce,McLaren,661,1969,3,4.0,Bruce McLaren
358,Jochen,Rindt,661,1969,4,3.0,Jochen Rindt
361,Piers,Courage,661,1969,5,2.0,Piers Courage
350,Vic,Elford,661,1969,6,1.0,Vic Elford
289,Graham,Hill,661,1969,7,0.0,Graham Hill
346,Jo,Siffert,661,1969,8,0.0,Jo Siffert
306,Jean-Pierre,Beltoise,661,1969,9,0.0,Jean-Pierre Beltoise
357,John,Miles,661,1969,10,0.0,John Miles
235,Jacky,Ickx,662,1969,1,9.0,Jacky Ickx
328,Jackie,Stewart,662,1969,2,6.0,Jackie Stewart
360,Bruce,McLaren,662,1969,3,4.0,Bruce McLaren
289,Graham,Hill,662,1969,4,3.0,Graham Hill
346,Jo,Siffert,662,1969,5,2.0,Jo Siffert
306,Jean-Pierre,Beltoise,662,1969,6,1.0,Jean-Pierre Beltoise
328,Jackie,Stewart,663,1969,1,9.0,Jackie Stewart
358,Jochen,Rindt,663,1969,2,6.0,Jochen Rindt
306,Jean-Pierre,Beltoise,663,1969,3,4.0,Jean-Pierre Beltoise
360,Bruce,McLaren,663,1969,4,3.0,Bruce McLaren
361,Piers,Courage,663,1969,5,2.0,Piers Courage
345,Pedro,Rodríguez,663,1969,6,1.0,Pedro Rodríguez
304,Denny,Hulme,663,1969,7,0.0,Denny Hulme
346,Jo,Siffert,663,1969,8,0.0,Jo Siffert
289,Graham,Hill,663,1969,9,0.0,Graham Hill
235,Jacky,Ickx,663,1969,10,0.0,Jacky Ickx
235,Jacky,Ickx,664,1969,1,9.0,Jacky Ickx
356,Jack,Brabham,664,1969,2,6.0,Jack Brabham
358,Jochen,Rindt,664,1969,3,4.0,Jochen Rindt
306,Jean-Pierre,Beltoise,664,1969,4,3.0,Jean-Pierre Beltoise
360,Bruce,McLaren,664,1969,5,2.0,Bruce McLaren
359,Johnny,Servoz-Gavin,664,1969,6,1.0,Johnny Servoz-Gavin
353,Pete,Lovely,664,1969,7,0.0,Pete Lovely
358,Jochen,Rindt,665,1969,1,9.0,Jochen Rindt
361,Piers,Courage,665,1969,2,6.0,Piers Courage
341,John,Surtees,665,1969,3,4.0,John Surtees
356,Jack,Brabham,665,1969,4,3.0,Jack Brabham
345,Pedro,Rodríguez,665,1969,5,2.0,Pedro Rodríguez
351,Silvio,Moser,665,1969,6,1.0,Silvio Moser
304,Denny,Hulme,666,1969,1,9.0,Denny Hulme
235,Jacky,Ickx,666,1969,2,6.0,Jacky Ickx
356,Jack,Brabham,666,1969,3,4.0,Jack Brabham
328,Jackie,Stewart,666,1969,4,3.0,Jackie Stewart
306,Jean-Pierre,Beltoise,666,1969,5,2.0,Jean-Pierre Beltoise
262,Jackie,Oliver,666,1969,6,1.0,Jackie Oliver
345,Pedro,Rodríguez,666,1969,7,0.0,Pedro Rodríguez
359,Johnny,Servoz-Gavin,666,1969,8,0.0,Johnny Servoz-Gavin
353,Pete,Lovely,666,1969,9,0.0,Pete Lovely
361,Piers,Courage,666,1969,10,0.0,Piers Courage
351,Silvio,Moser,666,1969,11,0.0,Silvio Moser
373,Jim,Clark,667,1968,1,9.0,Jim Clark
289,Graham,Hill,667,1968,2,6.0,Graham Hill
358,Jochen,Rindt,667,1968,3,4.0,Jochen Rindt
278,Chris,Amon,667,1968,4,3.0,Chris Amon
304,Denny,Hulme,667,1968,5,2.0,Denny Hulme
306,Jean-Pierre,Beltoise,667,1968,6,1.0,Jean-Pierre Beltoise
346,Jo,Siffert,667,1968,7,0.0,Jo Siffert
341,John,Surtees,667,1968,8,0.0,John Surtees
340,John,Love,667,1968,9,0.0,John Love
289,Graham,Hill,668,1968,1,9.0,Graham Hill
304,Denny,Hulme,668,1968,2,6.0,Denny Hulme
312,Brian,Redman,668,1968,3,4.0,Brian Redman
375,Ludovico,Scarfiotti,668,1968,4,3.0,Ludovico Scarfiotti
306,Jean-Pierre,Beltoise,668,1968,5,2.0,Jean-Pierre Beltoise
289,Graham,Hill,669,1968,1,9.0,Graham Hill
370,Richard,Attwood,669,1968,2,6.0,Richard Attwood
376,Lucien,Bianchi,669,1968,3,4.0,Lucien Bianchi
375,Ludovico,Scarfiotti,669,1968,4,3.0,Ludovico Scarfiotti
304,Denny,Hulme,669,1968,5,2.0,Denny Hulme
360,Bruce,McLaren,670,1968,1,9.0,Bruce McLaren
345,Pedro,Rodríguez,670,1968,2,6.0,Pedro Rodríguez
235,Jacky,Ickx,670,1968,3,4.0,Jacky Ickx
328,Jackie,Stewart,670,1968,4,3.0,Jackie Stewart
262,Jackie,Oliver,670,1968,5,2.0,Jackie Oliver
376,Lucien,Bianchi,670,1968,6,1.0,Lucien Bianchi
346,Jo,Siffert,670,1968,7,0.0,Jo Siffert
306,Jean-Pierre,Beltoise,670,1968,8,0.0,Jean-Pierre Beltoise
328,Jackie,Stewart,671,1968,1,9.0,Jackie Stewart
306,Jean-Pierre,Beltoise,671,1968,2,6.0,Jean-Pierre Beltoise
345,Pedro,Rodríguez,671,1968,3,4.0,Pedro Rodríguez
235,Jacky,Ickx,671,1968,4,3.0,Jacky Ickx
351,Silvio,Moser,671,1968,5,2.0,Silvio Moser
278,Chris,Amon,671,1968,6,1.0,Chris Amon
370,Richard,Attwood,671,1968,7,0.0,Richard Attwood
347,Jo,Bonnier,671,1968,8,0.0,Jo Bonnier
289,Graham,Hill,671,1968,9,0.0,Graham Hill
235,Jacky,Ickx,672,1968,1,9.0,Jacky Ickx
341,John,Surtees,672,1968,2,6.0,John Surtees
328,Jackie,Stewart,672,1968,3,4.0,Jackie Stewart
350,Vic,Elford,672,1968,4,3.0,Vic Elford
304,Denny,Hulme,672,1968,5,2.0,Denny Hulme
361,Piers,Courage,672,1968,6,1.0,Piers Courage
370,Richard,Attwood,672,1968,7,0.0,Richard Attwood
360,Bruce,McLaren,672,1968,8,0.0,Bruce McLaren
306,Jean-Pierre,Beltoise,672,1968,9,0.0,Jean-Pierre Beltoise
278,Chris,Amon,672,1968,10,0.0,Chris Amon
346,Jo,Siffert,672,1968,11,0.0,Jo Siffert
346,Jo,Siffert,673,1968,1,9.0,Jo Siffert
278,Chris,Amon,673,1968,2,6.0,Chris Amon
235,Jacky,Ickx,673,1968,3,4.0,Jacky Ickx
304,Denny,Hulme,673,1968,4,3.0,Denny Hulme
341,John,Surtees,673,1968,5,2.0,John Surtees
328,Jackie,Stewart,673,1968,6,1.0,Jackie Stewart
360,Bruce,McLaren,673,1968,7,0.0,Bruce McLaren
361,Piers,Courage,673,1968,8,0.0,Piers Courage
328,Jackie,Stewart,674,1968,1,9.0,Jackie Stewart
289,Graham,Hill,674,1968,2,6.0,Graham Hill
358,Jochen,Rindt,674,1968,3,4.0,Jochen Rindt
235,Jacky,Ickx,674,1968,4,3.0,Jacky Ickx
356,Jack,Brabham,674,1968,5,2.0,Jack Brabham
345,Pedro,Rodríguez,674,1968,6,1.0,Pedro Rodríguez
304,Denny,Hulme,674,1968,7,0.0,Denny Hulme
361,Piers,Courage,674,1968,8,0.0,Piers Courage
364,Dan,Gurney,674,1968,9,0.0,Dan Gurney
365,Hubert,Hahne,674,1968,10,0.0,Hubert Hahne
262,Jackie,Oliver,674,1968,11,0.0,Jackie Oliver
379,Kurt,Ahrens,674,1968,12,0.0,Kurt Ahrens
360,Bruce,McLaren,674,1968,13,0.0,Bruce McLaren
370,Richard,Attwood,674,1968,14,0.0,Richard Attwood
304,Denny,Hulme,675,1968,1,9.0,Denny Hulme
359,Johnny,Servoz-Gavin,675,1968,2,6.0,Johnny Servoz-Gavin
235,Jacky,Ickx,675,1968,3,4.0,Jacky Ickx
361,Piers,Courage,675,1968,4,3.0,Piers Courage
306,Jean-Pierre,Beltoise,675,1968,5,2.0,Jean-Pierre Beltoise
347,Jo,Bonnier,675,1968,6,1.0,Jo Bonnier
304,Denny,Hulme,676,1968,1,9.0,Denny Hulme
360,Bruce,McLaren,676,1968,2,6.0,Bruce McLaren
345,Pedro,Rodríguez,676,1968,3,4.0,Pedro Rodríguez
289,Graham,Hill,676,1968,4,3.0,Graham Hill
350,Vic,Elford,676,1968,5,2.0,Vic Elford
328,Jackie,Stewart,676,1968,6,1.0,Jackie Stewart
328,Jackie,Stewart,677,1968,1,9.0,Jackie Stewart
289,Graham,Hill,677,1968,2,6.0,Graham Hill
341,John,Surtees,677,1968,3,4.0,John Surtees
364,Dan,Gurney,677,1968,4,3.0,Dan Gurney
346,Jo,Siffert,677,1968,5,2.0,Jo Siffert
360,Bruce,McLaren,677,1968,6,1.0,Bruce McLaren
289,Graham,Hill,678,1968,1,9.0,Graham Hill
360,Bruce,McLaren,678,1968,2,6.0,Bruce McLaren
262,Jackie,Oliver,678,1968,3,4.0,Jackie Oliver
345,Pedro,Rodríguez,678,1968,4,3.0,Pedro Rodríguez
347,Jo,Bonnier,678,1968,5,2.0,Jo Bonnier
346,Jo,Siffert,678,1968,6,1.0,Jo Siffert
328,Jackie,Stewart,678,1968,7,0.0,Jackie Stewart
350,Vic,Elford,678,1968,8,0.0,Vic Elford
280,Henri,Pescarolo,678,1968,9,0.0,Henri Pescarolo
356,Jack,Brabham,678,1968,10,0.0,Jack Brabham
345,Pedro,Rodríguez,679,1967,1,9.0,Pedro Rodríguez
340,John,Love,679,1967,2,6.0,John Love
341,John,Surtees,679,1967,3,4.0,John Surtees
304,Denny,Hulme,679,1967,4,3.0,Denny Hulme
383,Bob,Anderson,679,1967,5,2.0,Bob Anderson
356,Jack,Brabham,679,1967,6,1.0,Jack Brabham
304,Denny,Hulme,680,1967,1,9.0,Denny Hulme
289,Graham,Hill,680,1967,2,6.0,Graham Hill
278,Chris,Amon,680,1967,3,4.0,Chris Amon
360,Bruce,McLaren,680,1967,4,3.0,Bruce McLaren
345,Pedro,Rodríguez,680,1967,5,2.0,Pedro Rodríguez
374,Mike,Spence,680,1967,6,1.0,Mike Spence
373,Jim,Clark,681,1967,1,9.0,Jim Clark
356,Jack,Brabham,681,1967,2,6.0,Jack Brabham
304,Denny,Hulme,681,1967,3,4.0,Denny Hulme
278,Chris,Amon,681,1967,4,3.0,Chris Amon
387,Mike,Parkes,681,1967,5,2.0,Mike Parkes
375,Ludovico,Scarfiotti,681,1967,6,1.0,Ludovico Scarfiotti
388,Chris,Irwin,681,1967,7,0.0,Chris Irwin
374,Mike,Spence,681,1967,8,0.0,Mike Spence
383,Bob,Anderson,681,1967,9,0.0,Bob Anderson
346,Jo,Siffert,681,1967,10,0.0,Jo Siffert
364,Dan,Gurney,682,1967,1,9.0,Dan Gurney
328,Jackie,Stewart,682,1967,2,6.0,Jackie Stewart
278,Chris,Amon,682,1967,3,4.0,Chris Amon
358,Jochen,Rindt,682,1967,4,3.0,Jochen Rindt
374,Mike,Spence,682,1967,5,2.0,Mike Spence
373,Jim,Clark,682,1967,6,1.0,Jim Clark
346,Jo,Siffert,682,1967,7,0.0,Jo Siffert
383,Bob,Anderson,682,1967,8,0.0,Bob Anderson
345,Pedro,Rodríguez,682,1967,9,0.0,Pedro Rodríguez
389,Guy,Ligier,682,1967,10,0.0,Guy Ligier
356,Jack,Brabham,683,1967,1,9.0,Jack Brabham
304,Denny,Hulme,683,1967,2,6.0,Denny Hulme
328,Jackie,Stewart,683,1967,3,4.0,Jackie Stewart
346,Jo,Siffert,683,1967,4,3.0,Jo Siffert
388,Chris,Irwin,683,1967,5,2.0,Chris Irwin
345,Pedro,Rodríguez,683,1967,6,1.0,Pedro Rodríguez
373,Jim,Clark,684,1967,1,9.0,Jim Clark
304,Denny,Hulme,684,1967,2,6.0,Denny Hulme
278,Chris,Amon,684,1967,3,4.0,Chris Amon
356,Jack,Brabham,684,1967,4,3.0,Jack Brabham
345,Pedro,Rodríguez,684,1967,5,2.0,Pedro Rodríguez
341,John,Surtees,684,1967,6,1.0,John Surtees
388,Chris,Irwin,684,1967,7,0.0,Chris Irwin
322,David,Hobbs,684,1967,8,0.0,David Hobbs
390,Alan,Rees,684,1967,9,0.0,Alan Rees
389,Guy,Ligier,684,1967,10,0.0,Guy Ligier
304,Denny,Hulme,685,1967,1,9.0,Denny Hulme
356,Jack,Brabham,685,1967,2,6.0,Jack Brabham
278,Chris,Amon,685,1967,3,4.0,Chris Amon
341,John,Surtees,685,1967,4,3.0,John Surtees
262,Jackie,Oliver,685,1967,5,0.0,Jackie Oliver
347,Jo,Bonnier,685,1967,6,2.0,Jo Bonnier
390,Alan,Rees,685,1967,7,0.0,Alan Rees
389,Guy,Ligier,685,1967,8,1.0,Guy Ligier
388,Chris,Irwin,685,1967,9,0.0,Chris Irwin
322,David,Hobbs,685,1967,10,0.0,David Hobbs
345,Pedro,Rodríguez,685,1967,11,0.0,Pedro Rodríguez
356,Jack,Brabham,686,1967,1,9.0,Jack Brabham
304,Denny,Hulme,686,1967,2,6.0,Denny Hulme
364,Dan,Gurney,686,1967,3,4.0,Dan Gurney
289,Graham,Hill,686,1967,4,3.0,Graham Hill
374,Mike,Spence,686,1967,5,2.0,Mike Spence
278,Chris,Amon,686,1967,6,1.0,Chris Amon
360,Bruce,McLaren,686,1967,7,0.0,Bruce McLaren
347,Jo,Bonnier,686,1967,8,0.0,Jo Bonnier
322,David,Hobbs,686,1967,9,0.0,David Hobbs
370,Richard,Attwood,686,1967,10,0.0,Richard Attwood
392,Mike,Fisher,686,1967,11,0.0,Mike Fisher
341,John,Surtees,687,1967,1,9.0,John Surtees
356,Jack,Brabham,687,1967,2,6.0,Jack Brabham
373,Jim,Clark,687,1967,3,4.0,Jim Clark
358,Jochen,Rindt,687,1967,4,3.0,Jochen Rindt
374,Mike,Spence,687,1967,5,2.0,Mike Spence
235,Jacky,Ickx,687,1967,6,1.0,Jacky Ickx
278,Chris,Amon,687,1967,7,0.0,Chris Amon
373,Jim,Clark,688,1967,1,9.0,Jim Clark
289,Graham,Hill,688,1967,2,6.0,Graham Hill
304,Denny,Hulme,688,1967,3,4.0,Denny Hulme
346,Jo,Siffert,688,1967,4,3.0,Jo Siffert
356,Jack,Brabham,688,1967,5,2.0,Jack Brabham
347,Jo,Bonnier,688,1967,6,1.0,Jo Bonnier
306,Jean-Pierre,Beltoise,688,1967,7,0.0,Jean-Pierre Beltoise
373,Jim,Clark,689,1967,1,9.0,Jim Clark
356,Jack,Brabham,689,1967,2,6.0,Jack Brabham
304,Denny,Hulme,689,1967,3,4.0,Denny Hulme
341,John,Surtees,689,1967,4,3.0,John Surtees
374,Mike,Spence,689,1967,5,2.0,Mike Spence
345,Pedro,Rodríguez,689,1967,6,1.0,Pedro Rodríguez
306,Jean-Pierre,Beltoise,689,1967,7,0.0,Jean-Pierre Beltoise
395,Jonathan,Williams,689,1967,8,0.0,Jonathan Williams
278,Chris,Amon,689,1967,9,0.0,Chris Amon
347,Jo,Bonnier,689,1967,10,0.0,Jo Bonnier
389,Guy,Ligier,689,1967,11,0.0,Guy Ligier
346,Jo,Siffert,689,1967,12,0.0,Jo Siffert
328,Jackie,Stewart,690,1966,1,9.0,Jackie Stewart
385,Lorenzo,Bandini,690,1966,2,6.0,Lorenzo Bandini
289,Graham,Hill,690,1966,3,4.0,Graham Hill
396,Bob,Bondurant,690,1966,4,3.0,Bob Bondurant
341,John,Surtees,691,1966,1,9.0,John Surtees
358,Jochen,Rindt,691,1966,2,6.0,Jochen Rindt
385,Lorenzo,Bandini,691,1966,3,4.0,Lorenzo Bandini
356,Jack,Brabham,691,1966,4,3.0,Jack Brabham
386,Richie,Ginther,691,1966,5,2.0,Richie Ginther
356,Jack,Brabham,692,1966,1,9.0,Jack Brabham
387,Mike,Parkes,692,1966,2,6.0,Mike Parkes
304,Denny,Hulme,692,1966,3,4.0,Denny Hulme
358,Jochen,Rindt,692,1966,4,3.0,Jochen Rindt
364,Dan,Gurney,692,1966,5,2.0,Dan Gurney
399,John,Taylor,692,1966,6,1.0,John Taylor
383,Bob,Anderson,692,1966,7,0.0,Bob Anderson
278,Chris,Amon,692,1966,8,0.0,Chris Amon
356,Jack,Brabham,693,1966,1,9.0,Jack Brabham
304,Denny,Hulme,693,1966,2,6.0,Denny Hulme
289,Graham,Hill,693,1966,3,4.0,Graham Hill
373,Jim,Clark,693,1966,4,3.0,Jim Clark
358,Jochen,Rindt,693,1966,5,2.0,Jochen Rindt
360,Bruce,McLaren,693,1966,6,1.0,Bruce McLaren
388,Chris,Irwin,693,1966,7,0.0,Chris Irwin
399,John,Taylor,693,1966,8,0.0,John Taylor
396,Bob,Bondurant,693,1966,9,0.0,Bob Bondurant
389,Guy,Ligier,693,1966,10,0.0,Guy Ligier
400,Chris,Lawrence,693,1966,11,0.0,Chris Lawrence
356,Jack,Brabham,694,1966,1,9.0,Jack Brabham
289,Graham,Hill,694,1966,2,6.0,Graham Hill
373,Jim,Clark,694,1966,3,4.0,Jim Clark
328,Jackie,Stewart,694,1966,4,3.0,Jackie Stewart
374,Mike,Spence,694,1966,5,2.0,Mike Spence
385,Lorenzo,Bandini,694,1966,6,1.0,Lorenzo Bandini
347,Jo,Bonnier,694,1966,7,0.0,Jo Bonnier
399,John,Taylor,694,1966,8,0.0,John Taylor
389,Guy,Ligier,694,1966,9,0.0,Guy Ligier
356,Jack,Brabham,695,1966,1,9.0,Jack Brabham
341,John,Surtees,695,1966,2,6.0,John Surtees
358,Jochen,Rindt,695,1966,3,4.0,Jochen Rindt
289,Graham,Hill,695,1966,4,3.0,Graham Hill
328,Jackie,Stewart,695,1966,5,2.0,Jackie Stewart
385,Lorenzo,Bandini,695,1966,6,1.0,Lorenzo Bandini
364,Dan,Gurney,695,1966,7,0.0,Dan Gurney
397,Peter,Arundell,695,1966,8,0.0,Peter Arundell
375,Ludovico,Scarfiotti,696,1966,1,9.0,Ludovico Scarfiotti
387,Mike,Parkes,696,1966,2,6.0,Mike Parkes
304,Denny,Hulme,696,1966,3,4.0,Denny Hulme
358,Jochen,Rindt,696,1966,4,3.0,Jochen Rindt
374,Mike,Spence,696,1966,5,2.0,Mike Spence
383,Bob,Anderson,696,1966,6,1.0,Bob Anderson
396,Bob,Bondurant,696,1966,7,0.0,Bob Bondurant
397,Peter,Arundell,696,1966,8,0.0,Peter Arundell
402,Giacomo,Russo,696,1966,9,0.0,Giacomo Russo
373,Jim,Clark,697,1966,1,9.0,Jim Clark
358,Jochen,Rindt,697,1966,2,6.0,Jochen Rindt
341,John,Surtees,697,1966,3,4.0,John Surtees
346,Jo,Siffert,697,1966,4,3.0,Jo Siffert
360,Bruce,McLaren,697,1966,5,2.0,Bruce McLaren
397,Peter,Arundell,697,1966,6,1.0,Peter Arundell
341,John,Surtees,698,1966,1,9.0,John Surtees
356,Jack,Brabham,698,1966,2,6.0,Jack Brabham
304,Denny,Hulme,698,1966,3,4.0,Denny Hulme
386,Richie,Ginther,698,1966,4,3.0,Richie Ginther
364,Dan,Gurney,698,1966,5,2.0,Dan Gurney
347,Jo,Bonnier,698,1966,6,1.0,Jo Bonnier
397,Peter,Arundell,698,1966,7,0.0,Peter Arundell
405,Ronnie,Bucknum,698,1966,8,0.0,Ronnie Bucknum
373,Jim,Clark,699,1965,1,9.0,Jim Clark
341,John,Surtees,699,1965,2,6.0,John Surtees
289,Graham,Hill,699,1965,3,4.0,Graham Hill
374,Mike,Spence,699,1965,4,3.0,Mike Spence
360,Bruce,McLaren,699,1965,5,2.0,Bruce McLaren
328,Jackie,Stewart,699,1965,6,1.0,Jackie Stewart
346,Jo,Siffert,699,1965,7,0.0,Jo Siffert
356,Jack,Brabham,699,1965,8,0.0,Jack Brabham
406,Paul,Hawkins,699,1965,9,0.0,Paul Hawkins
362,Peter,de Klerk,699,1965,10,0.0,Peter de Klerk
408,Tony,Maggs,699,1965,11,0.0,Tony Maggs
380,Frank,Gardner,699,1965,12,0.0,Frank Gardner
368,Sam,Tingle,699,1965,13,0.0,Sam Tingle
407,David,Prophet,699,1965,14,0.0,David Prophet
385,Lorenzo,Bandini,699,1965,15,0.0,Lorenzo Bandini
289,Graham,Hill,700,1965,1,9.0,Graham Hill
385,Lorenzo,Bandini,700,1965,2,6.0,Lorenzo Bandini
328,Jackie,Stewart,700,1965,3,4.0,Jackie Stewart
341,John,Surtees,700,1965,4,3.0,John Surtees
360,Bruce,McLaren,700,1965,5,2.0,Bruce McLaren
346,Jo,Siffert,700,1965,6,1.0,Jo Siffert
347,Jo,Bonnier,700,1965,7,0.0,Jo Bonnier
304,Denny,Hulme,700,1965,8,0.0,Denny Hulme
383,Bob,Anderson,700,1965,9,0.0,Bob Anderson
406,Paul,Hawkins,700,1965,10,0.0,Paul Hawkins
373,Jim,Clark,701,1965,1,9.0,Jim Clark
328,Jackie,Stewart,701,1965,2,6.0,Jackie Stewart
360,Bruce,McLaren,701,1965,3,4.0,Bruce McLaren
356,Jack,Brabham,701,1965,4,3.0,Jack Brabham
289,Graham,Hill,701,1965,5,2.0,Graham Hill
386,Richie,Ginther,701,1965,6,1.0,Richie Ginther
374,Mike,Spence,701,1965,7,0.0,Mike Spence
346,Jo,Siffert,701,1965,8,0.0,Jo Siffert
385,Lorenzo,Bandini,701,1965,9,0.0,Lorenzo Bandini
364,Dan,Gurney,701,1965,10,0.0,Dan Gurney
358,Jochen,Rindt,701,1965,11,0.0,Jochen Rindt
376,Lucien,Bianchi,701,1965,12,0.0,Lucien Bianchi
404,Innes,Ireland,701,1965,13,0.0,Innes Ireland
370,Richard,Attwood,701,1965,14,0.0,Richard Attwood
373,Jim,Clark,702,1965,1,9.0,Jim Clark
328,Jackie,Stewart,702,1965,2,6.0,Jackie Stewart
341,John,Surtees,702,1965,3,4.0,John Surtees
304,Denny,Hulme,702,1965,4,3.0,Denny Hulme
289,Graham,Hill,702,1965,5,2.0,Graham Hill
346,Jo,Siffert,702,1965,6,1.0,Jo Siffert
374,Mike,Spence,702,1965,7,0.0,Mike Spence
385,Lorenzo,Bandini,702,1965,8,0.0,Lorenzo Bandini
383,Bob,Anderson,702,1965,9,0.0,Bob Anderson
373,Jim,Clark,703,1965,1,9.0,Jim Clark
289,Graham,Hill,703,1965,2,6.0,Graham Hill
341,John,Surtees,703,1965,3,4.0,John Surtees
374,Mike,Spence,703,1965,4,3.0,Mike Spence
328,Jackie,Stewart,703,1965,5,2.0,Jackie Stewart
364,Dan,Gurney,703,1965,6,1.0,Dan Gurney
347,Jo,Bonnier,703,1965,7,0.0,Jo Bonnier
380,Frank,Gardner,703,1965,8,0.0,Frank Gardner
346,Jo,Siffert,703,1965,9,0.0,Jo Siffert
360,Bruce,McLaren,703,1965,10,0.0,Bruce McLaren
420,Ian,Raby,703,1965,11,0.0,Ian Raby
418,Masten,Gregory,703,1965,12,0.0,Masten Gregory
370,Richard,Attwood,703,1965,13,0.0,Richard Attwood
358,Jochen,Rindt,703,1965,14,0.0,Jochen Rindt
373,Jim,Clark,704,1965,1,9.0,Jim Clark
328,Jackie,Stewart,704,1965,2,6.0,Jackie Stewart
364,Dan,Gurney,704,1965,3,4.0,Dan Gurney
289,Graham,Hill,704,1965,4,3.0,Graham Hill
304,Denny,Hulme,704,1965,5,2.0,Denny Hulme
386,Richie,Ginther,704,1965,6,1.0,Richie Ginther
341,John,Surtees,704,1965,7,0.0,John Surtees
374,Mike,Spence,704,1965,8,0.0,Mike Spence
385,Lorenzo,Bandini,704,1965,9,0.0,Lorenzo Bandini
404,Innes,Ireland,704,1965,10,0.0,Innes Ireland
380,Frank,Gardner,704,1965,11,0.0,Frank Gardner
370,Richard,Attwood,704,1965,12,0.0,Richard Attwood
346,Jo,Siffert,704,1965,13,0.0,Jo Siffert
373,Jim,Clark,705,1965,1,9.0,Jim Clark
289,Graham,Hill,705,1965,2,6.0,Graham Hill
364,Dan,Gurney,705,1965,3,4.0,Dan Gurney
358,Jochen,Rindt,705,1965,4,3.0,Jochen Rindt
356,Jack,Brabham,705,1965,5,2.0,Jack Brabham
385,Lorenzo,Bandini,705,1965,6,1.0,Lorenzo Bandini
347,Jo,Bonnier,705,1965,7,0.0,Jo Bonnier
418,Masten,Gregory,705,1965,8,0.0,Masten Gregory
328,Jackie,Stewart,706,1965,1,9.0,Jackie Stewart
289,Graham,Hill,706,1965,2,6.0,Graham Hill
364,Dan,Gurney,706,1965,3,4.0,Dan Gurney
385,Lorenzo,Bandini,706,1965,4,3.0,Lorenzo Bandini
360,Bruce,McLaren,706,1965,5,2.0,Bruce McLaren
370,Richard,Attwood,706,1965,6,1.0,Richard Attwood
347,Jo,Bonnier,706,1965,7,0.0,Jo Bonnier
358,Jochen,Rindt,706,1965,8,0.0,Jochen Rindt
404,Innes,Ireland,706,1965,9,0.0,Innes Ireland
373,Jim,Clark,706,1965,10,0.0,Jim Clark
374,Mike,Spence,706,1965,11,0.0,Mike Spence
425,Nino,Vaccarella,706,1965,12,0.0,Nino Vaccarella
424,Roberto,Bussinello,706,1965,13,0.0,Roberto Bussinello
386,Richie,Ginther,706,1965,14,0.0,Richie Ginther
289,Graham,Hill,707,1965,1,9.0,Graham Hill
364,Dan,Gurney,707,1965,2,6.0,Dan Gurney
356,Jack,Brabham,707,1965,3,4.0,Jack Brabham
385,Lorenzo,Bandini,707,1965,4,3.0,Lorenzo Bandini
345,Pedro,Rodríguez,707,1965,5,2.0,Pedro Rodríguez
358,Jochen,Rindt,707,1965,6,1.0,Jochen Rindt
386,Richie,Ginther,707,1965,7,0.0,Richie Ginther
347,Jo,Bonnier,707,1965,8,0.0,Jo Bonnier
396,Bob,Bondurant,707,1965,9,0.0,Bob Bondurant
370,Richard,Attwood,707,1965,10,0.0,Richard Attwood
346,Jo,Siffert,707,1965,11,0.0,Jo Siffert
382,Moisés,Solana,707,1965,12,0.0,Moisés Solana
405,Ronnie,Bucknum,707,1965,13,0.0,Ronnie Bucknum
386,Richie,Ginther,708,1965,1,9.0,Richie Ginther
364,Dan,Gurney,708,1965,2,6.0,Dan Gurney
374,Mike,Spence,708,1965,3,4.0,Mike Spence
346,Jo,Siffert,708,1965,4,3.0,Jo Siffert
405,Ronnie,Bucknum,708,1965,5,2.0,Ronnie Bucknum
370,Richard,Attwood,708,1965,6,1.0,Richard Attwood
345,Pedro,Rodríguez,708,1965,7,0.0,Pedro Rodríguez
385,Lorenzo,Bandini,708,1965,8,0.0,Lorenzo Bandini
289,Graham,Hill,709,1964,1,9.0,Graham Hill
386,Richie,Ginther,709,1964,2,6.0,Richie Ginther
397,Peter,Arundell,709,1964,3,4.0,Peter Arundell
373,Jim,Clark,709,1964,4,3.0,Jim Clark
347,Jo,Bonnier,709,1964,5,2.0,Jo Bonnier
305,Mike,Hailwood,709,1964,6,1.0,Mike Hailwood
383,Bob,Anderson,709,1964,7,0.0,Bob Anderson
346,Jo,Siffert,709,1964,8,0.0,Jo Siffert
403,Phil,Hill,709,1964,9,0.0,Phil Hill
385,Lorenzo,Bandini,709,1964,10,0.0,Lorenzo Bandini
373,Jim,Clark,710,1964,1,9.0,Jim Clark
341,John,Surtees,710,1964,2,6.0,John Surtees
397,Peter,Arundell,710,1964,3,4.0,Peter Arundell
289,Graham,Hill,710,1964,4,3.0,Graham Hill
278,Chris,Amon,710,1964,5,2.0,Chris Amon
383,Bob,Anderson,710,1964,6,1.0,Bob Anderson
360,Bruce,McLaren,710,1964,7,0.0,Bruce McLaren
403,Phil,Hill,710,1964,8,0.0,Phil Hill
347,Jo,Bonnier,710,1964,9,0.0,Jo Bonnier
394,Giancarlo,Baghetti,710,1964,10,0.0,Giancarlo Baghetti
386,Richie,Ginther,710,1964,11,0.0,Richie Ginther
305,Mike,Hailwood,710,1964,12,0.0,Mike Hailwood
346,Jo,Siffert,710,1964,13,0.0,Jo Siffert
373,Jim,Clark,711,1964,1,9.0,Jim Clark
360,Bruce,McLaren,711,1964,2,6.0,Bruce McLaren
356,Jack,Brabham,711,1964,3,4.0,Jack Brabham
386,Richie,Ginther,711,1964,4,3.0,Richie Ginther
289,Graham,Hill,711,1964,5,2.0,Graham Hill
364,Dan,Gurney,711,1964,6,1.0,Dan Gurney
401,Trevor,Taylor,711,1964,7,0.0,Trevor Taylor
394,Giancarlo,Baghetti,711,1964,8,0.0,Giancarlo Baghetti
397,Peter,Arundell,711,1964,9,0.0,Peter Arundell
404,Innes,Ireland,711,1964,10,0.0,Innes Ireland
364,Dan,Gurney,712,1964,1,9.0,Dan Gurney
289,Graham,Hill,712,1964,2,6.0,Graham Hill
356,Jack,Brabham,712,1964,3,4.0,Jack Brabham
397,Peter,Arundell,712,1964,4,3.0,Peter Arundell
386,Richie,Ginther,712,1964,5,2.0,Richie Ginther
360,Bruce,McLaren,712,1964,6,1.0,Bruce McLaren
403,Phil,Hill,712,1964,7,0.0,Phil Hill
305,Mike,Hailwood,712,1964,8,0.0,Mike Hailwood
385,Lorenzo,Bandini,712,1964,9,0.0,Lorenzo Bandini
278,Chris,Amon,712,1964,10,0.0,Chris Amon
427,Maurice,Trintignant,712,1964,11,0.0,Maurice Trintignant
383,Bob,Anderson,712,1964,12,0.0,Bob Anderson
373,Jim,Clark,713,1964,1,9.0,Jim Clark
289,Graham,Hill,713,1964,2,6.0,Graham Hill
341,John,Surtees,713,1964,3,4.0,John Surtees
356,Jack,Brabham,713,1964,4,3.0,Jack Brabham
385,Lorenzo,Bandini,713,1964,5,2.0,Lorenzo Bandini
403,Phil,Hill,713,1964,6,1.0,Phil Hill
383,Bob,Anderson,713,1964,7,0.0,Bob Anderson
386,Richie,Ginther,713,1964,8,0.0,Richie Ginther
374,Mike,Spence,713,1964,9,0.0,Mike Spence
404,Innes,Ireland,713,1964,10,0.0,Innes Ireland
346,Jo,Siffert,713,1964,11,0.0,Jo Siffert
394,Giancarlo,Baghetti,713,1964,12,0.0,Giancarlo Baghetti
364,Dan,Gurney,713,1964,13,0.0,Dan Gurney
399,John,Taylor,713,1964,14,0.0,John Taylor
341,John,Surtees,714,1964,1,9.0,John Surtees
289,Graham,Hill,714,1964,2,6.0,Graham Hill
385,Lorenzo,Bandini,714,1964,3,4.0,Lorenzo Bandini
346,Jo,Siffert,714,1964,4,3.0,Jo Siffert
427,Maurice,Trintignant,714,1964,5,2.0,Maurice Trintignant
408,Tony,Maggs,714,1964,6,1.0,Tony Maggs
386,Richie,Ginther,714,1964,7,0.0,Richie Ginther
374,Mike,Spence,714,1964,8,0.0,Mike Spence
423,Gerhard,Mitter,714,1964,9,0.0,Gerhard Mitter
364,Dan,Gurney,714,1964,10,0.0,Dan Gurney
278,Chris,Amon,714,1964,11,0.0,Chris Amon
356,Jack,Brabham,714,1964,12,0.0,Jack Brabham
405,Ronnie,Bucknum,714,1964,13,0.0,Ronnie Bucknum
309,Peter,Revson,714,1964,14,0.0,Peter Revson
385,Lorenzo,Bandini,715,1964,1,9.0,Lorenzo Bandini
386,Richie,Ginther,715,1964,2,6.0,Richie Ginther
383,Bob,Anderson,715,1964,3,4.0,Bob Anderson
408,Tony,Maggs,715,1964,4,3.0,Tony Maggs
404,Innes,Ireland,715,1964,5,2.0,Innes Ireland
347,Jo,Bonnier,715,1964,6,1.0,Jo Bonnier
394,Giancarlo,Baghetti,715,1964,7,0.0,Giancarlo Baghetti
305,Mike,Hailwood,715,1964,8,0.0,Mike Hailwood
356,Jack,Brabham,715,1964,9,0.0,Jack Brabham
341,John,Surtees,716,1964,1,9.0,John Surtees
360,Bruce,McLaren,716,1964,2,6.0,Bruce McLaren
385,Lorenzo,Bandini,716,1964,3,4.0,Lorenzo Bandini
386,Richie,Ginther,716,1964,4,3.0,Richie Ginther
404,Innes,Ireland,716,1964,5,2.0,Innes Ireland
374,Mike,Spence,716,1964,6,1.0,Mike Spence
346,Jo,Siffert,716,1964,7,0.0,Jo Siffert
394,Giancarlo,Baghetti,716,1964,8,0.0,Giancarlo Baghetti
375,Ludovico,Scarfiotti,716,1964,9,0.0,Ludovico Scarfiotti
364,Dan,Gurney,716,1964,10,0.0,Dan Gurney
383,Bob,Anderson,716,1964,11,0.0,Bob Anderson
347,Jo,Bonnier,716,1964,12,0.0,Jo Bonnier
309,Peter,Revson,716,1964,13,0.0,Peter Revson
356,Jack,Brabham,716,1964,14,0.0,Jack Brabham
373,Jim,Clark,716,1964,15,0.0,Jim Clark
289,Graham,Hill,717,1964,1,9.0,Graham Hill
341,John,Surtees,717,1964,2,6.0,John Surtees
346,Jo,Siffert,717,1964,3,4.0,Jo Siffert
386,Richie,Ginther,717,1964,4,3.0,Richie Ginther
433,Walt,Hansgen,717,1964,5,2.0,Walt Hansgen
401,Trevor,Taylor,717,1964,6,1.0,Trevor Taylor
373,Jim,Clark,717,1964,7,0.0,Jim Clark
305,Mike,Hailwood,717,1964,8,0.0,Mike Hailwood
364,Dan,Gurney,718,1964,1,9.0,Dan Gurney
341,John,Surtees,718,1964,2,6.0,John Surtees
385,Lorenzo,Bandini,718,1964,3,4.0,Lorenzo Bandini
374,Mike,Spence,718,1964,4,3.0,Mike Spence
373,Jim,Clark,718,1964,5,2.0,Jim Clark
345,Pedro,Rodríguez,718,1964,6,1.0,Pedro Rodríguez
360,Bruce,McLaren,718,1964,7,0.0,Bruce McLaren
386,Richie,Ginther,718,1964,8,0.0,Richie Ginther
403,Phil,Hill,718,1964,9,0.0,Phil Hill
382,Moisés,Solana,718,1964,10,0.0,Moisés Solana
289,Graham,Hill,718,1964,11,0.0,Graham Hill
404,Innes,Ireland,718,1964,12,0.0,Innes Ireland
434,Hap,Sharp,718,1964,13,0.0,Hap Sharp
289,Graham,Hill,719,1963,1,9.0,Graham Hill
386,Richie,Ginther,719,1963,2,6.0,Richie Ginther
360,Bruce,McLaren,719,1963,3,4.0,Bruce McLaren
341,John,Surtees,719,1963,4,3.0,John Surtees
408,Tony,Maggs,719,1963,5,2.0,Tony Maggs
401,Trevor,Taylor,719,1963,6,1.0,Trevor Taylor
347,Jo,Bonnier,719,1963,7,0.0,Jo Bonnier
373,Jim,Clark,719,1963,8,0.0,Jim Clark
356,Jack,Brabham,719,1963,9,0.0,Jack Brabham
373,Jim,Clark,720,1963,1,9.0,Jim Clark
360,Bruce,McLaren,720,1963,2,6.0,Bruce McLaren
364,Dan,Gurney,720,1963,3,4.0,Dan Gurney
386,Richie,Ginther,720,1963,4,3.0,Richie Ginther
347,Jo,Bonnier,720,1963,5,2.0,Jo Bonnier
430,Carel Godin,de Beaufort,720,1963,6,1.0,Carel Godin de Beaufort
408,Tony,Maggs,720,1963,7,0.0,Tony Maggs
438,Tony,Settember,720,1963,8,0.0,Tony Settember
373,Jim,Clark,721,1963,1,9.0,Jim Clark
364,Dan,Gurney,721,1963,2,6.0,Dan Gurney
341,John,Surtees,721,1963,3,4.0,John Surtees
404,Innes,Ireland,721,1963,4,3.0,Innes Ireland
386,Richie,Ginther,721,1963,5,2.0,Richie Ginther
375,Ludovico,Scarfiotti,721,1963,6,1.0,Ludovico Scarfiotti
346,Jo,Siffert,721,1963,7,0.0,Jo Siffert
440,Jim,Hall,721,1963,8,0.0,Jim Hall
430,Carel Godin,de Beaufort,721,1963,9,0.0,Carel Godin de Beaufort
401,Trevor,Taylor,721,1963,10,0.0,Trevor Taylor
347,Jo,Bonnier,721,1963,11,0.0,Jo Bonnier
373,Jim,Clark,722,1963,1,9.0,Jim Clark
408,Tony,Maggs,722,1963,2,6.0,Tony Maggs
289,Graham,Hill,722,1963,3,0.0,Graham Hill
356,Jack,Brabham,722,1963,4,3.0,Jack Brabham
364,Dan,Gurney,722,1963,5,2.0,Dan Gurney
346,Jo,Siffert,722,1963,6,1.0,Jo Siffert
278,Chris,Amon,722,1963,7,0.0,Chris Amon
427,Maurice,Trintignant,722,1963,8,0.0,Maurice Trintignant
404,Innes,Ireland,722,1963,9,0.0,Innes Ireland
385,Lorenzo,Bandini,722,1963,10,0.0,Lorenzo Bandini
440,Jim,Hall,722,1963,11,0.0,Jim Hall
360,Bruce,McLaren,722,1963,12,0.0,Bruce McLaren
401,Trevor,Taylor,722,1963,13,0.0,Trevor Taylor
373,Jim,Clark,723,1963,1,9.0,Jim Clark
341,John,Surtees,723,1963,2,6.0,John Surtees
289,Graham,Hill,723,1963,3,4.0,Graham Hill
386,Richie,Ginther,723,1963,4,3.0,Richie Ginther
385,Lorenzo,Bandini,723,1963,5,2.0,Lorenzo Bandini
440,Jim,Hall,723,1963,6,1.0,Jim Hall
278,Chris,Amon,723,1963,7,0.0,Chris Amon
305,Mike,Hailwood,723,1963,8,0.0,Mike Hailwood
408,Tony,Maggs,723,1963,9,0.0,Tony Maggs
430,Carel Godin,de Beaufort,723,1963,10,0.0,Carel Godin de Beaufort
418,Masten,Gregory,723,1963,11,0.0,Masten Gregory
383,Bob,Anderson,723,1963,12,0.0,Bob Anderson
436,John,Campbell-Jones,723,1963,13,0.0,John Campbell-Jones
341,John,Surtees,724,1963,1,9.0,John Surtees
373,Jim,Clark,724,1963,2,6.0,Jim Clark
386,Richie,Ginther,724,1963,3,4.0,Richie Ginther
423,Gerhard,Mitter,724,1963,4,3.0,Gerhard Mitter
440,Jim,Hall,724,1963,5,2.0,Jim Hall
347,Jo,Bonnier,724,1963,6,1.0,Jo Bonnier
356,Jack,Brabham,724,1963,7,0.0,Jack Brabham
401,Trevor,Taylor,724,1963,8,0.0,Trevor Taylor
346,Jo,Siffert,724,1963,9,0.0,Jo Siffert
428,Bernard,Collomb,724,1963,10,0.0,Bernard Collomb
373,Jim,Clark,725,1963,1,9.0,Jim Clark
386,Richie,Ginther,725,1963,2,6.0,Richie Ginther
360,Bruce,McLaren,725,1963,3,4.0,Bruce McLaren
404,Innes,Ireland,725,1963,4,3.0,Innes Ireland
356,Jack,Brabham,725,1963,5,2.0,Jack Brabham
408,Tony,Maggs,725,1963,6,1.0,Tony Maggs
347,Jo,Bonnier,725,1963,7,0.0,Jo Bonnier
440,Jim,Hall,725,1963,8,0.0,Jim Hall
427,Maurice,Trintignant,725,1963,9,0.0,Maurice Trintignant
305,Mike,Hailwood,725,1963,10,0.0,Mike Hailwood
403,Phil,Hill,725,1963,11,0.0,Phil Hill
383,Bob,Anderson,725,1963,12,0.0,Bob Anderson
374,Mike,Spence,725,1963,13,0.0,Mike Spence
364,Dan,Gurney,725,1963,14,0.0,Dan Gurney
394,Giancarlo,Baghetti,725,1963,15,0.0,Giancarlo Baghetti
289,Graham,Hill,725,1963,16,0.0,Graham Hill
289,Graham,Hill,726,1963,1,9.0,Graham Hill
386,Richie,Ginther,726,1963,2,6.0,Richie Ginther
373,Jim,Clark,726,1963,3,4.0,Jim Clark
356,Jack,Brabham,726,1963,4,3.0,Jack Brabham
385,Lorenzo,Bandini,726,1963,5,2.0,Lorenzo Bandini
430,Carel Godin,de Beaufort,726,1963,6,1.0,Carel Godin de Beaufort
448,Peter,Broeker,726,1963,7,0.0,Peter Broeker
347,Jo,Bonnier,726,1963,8,0.0,Jo Bonnier
341,John,Surtees,726,1963,9,0.0,John Surtees
440,Jim,Hall,726,1963,10,0.0,Jim Hall
360,Bruce,McLaren,726,1963,11,0.0,Bruce McLaren
373,Jim,Clark,727,1963,1,9.0,Jim Clark
356,Jack,Brabham,727,1963,2,6.0,Jack Brabham
386,Richie,Ginther,727,1963,3,4.0,Richie Ginther
289,Graham,Hill,727,1963,4,3.0,Graham Hill
347,Jo,Bonnier,727,1963,5,2.0,Jo Bonnier
364,Dan,Gurney,727,1963,6,1.0,Dan Gurney
434,Hap,Sharp,727,1963,7,0.0,Hap Sharp
440,Jim,Hall,727,1963,8,0.0,Jim Hall
346,Jo,Siffert,727,1963,9,0.0,Jo Siffert
430,Carel Godin,de Beaufort,727,1963,10,0.0,Carel Godin de Beaufort
382,Moisés,Solana,727,1963,11,0.0,Moisés Solana
289,Graham,Hill,729,1962,1,9.0,Graham Hill
401,Trevor,Taylor,729,1962,2,6.0,Trevor Taylor
403,Phil,Hill,729,1962,3,4.0,Phil Hill
394,Giancarlo,Baghetti,729,1962,4,3.0,Giancarlo Baghetti
408,Tony,Maggs,729,1962,5,2.0,Tony Maggs
430,Carel Godin,de Beaufort,729,1962,6,1.0,Carel Godin de Beaufort
347,Jo,Bonnier,729,1962,7,0.0,Jo Bonnier
453,Jackie,Lewis,729,1962,8,0.0,Jackie Lewis
373,Jim,Clark,729,1962,9,0.0,Jim Clark
360,Bruce,McLaren,730,1962,1,9.0,Bruce McLaren
403,Phil,Hill,730,1962,2,6.0,Phil Hill
385,Lorenzo,Bandini,730,1962,3,4.0,Lorenzo Bandini
341,John,Surtees,730,1962,4,3.0,John Surtees
347,Jo,Bonnier,730,1962,5,2.0,Jo Bonnier
289,Graham,Hill,730,1962,6,1.0,Graham Hill
435,Willy,Mairesse,730,1962,7,0.0,Willy Mairesse
356,Jack,Brabham,730,1962,8,0.0,Jack Brabham
373,Jim,Clark,731,1962,1,9.0,Jim Clark
289,Graham,Hill,731,1962,2,6.0,Graham Hill
403,Phil,Hill,731,1962,3,4.0,Phil Hill
454,Ricardo,Rodríguez,731,1962,4,3.0,Ricardo Rodríguez
341,John,Surtees,731,1962,5,2.0,John Surtees
356,Jack,Brabham,731,1962,6,1.0,Jack Brabham
430,Carel Godin,de Beaufort,731,1962,7,0.0,Carel Godin de Beaufort
427,Maurice,Trintignant,731,1962,8,0.0,Maurice Trintignant
376,Lucien,Bianchi,731,1962,9,0.0,Lucien Bianchi
346,Jo,Siffert,731,1962,10,0.0,Jo Siffert
436,John,Campbell-Jones,731,1962,11,0.0,John Campbell-Jones
364,Dan,Gurney,732,1962,1,9.0,Dan Gurney
408,Tony,Maggs,732,1962,2,6.0,Tony Maggs
386,Richie,Ginther,732,1962,3,4.0,Richie Ginther
360,Bruce,McLaren,732,1962,4,3.0,Bruce McLaren
341,John,Surtees,732,1962,5,2.0,John Surtees
430,Carel Godin,de Beaufort,732,1962,6,1.0,Carel Godin de Beaufort
427,Maurice,Trintignant,732,1962,7,0.0,Maurice Trintignant
401,Trevor,Taylor,732,1962,8,0.0,Trevor Taylor
289,Graham,Hill,732,1962,9,0.0,Graham Hill
373,Jim,Clark,733,1962,1,9.0,Jim Clark
341,John,Surtees,733,1962,2,6.0,John Surtees
360,Bruce,McLaren,733,1962,3,4.0,Bruce McLaren
289,Graham,Hill,733,1962,4,3.0,Graham Hill
356,Jack,Brabham,733,1962,5,2.0,Jack Brabham
408,Tony,Maggs,733,1962,6,1.0,Tony Maggs
418,Masten,Gregory,733,1962,7,0.0,Masten Gregory
401,Trevor,Taylor,733,1962,8,0.0,Trevor Taylor
364,Dan,Gurney,733,1962,9,0.0,Dan Gurney
453,Jackie,Lewis,733,1962,10,0.0,Jackie Lewis
438,Tony,Settember,733,1962,11,0.0,Tony Settember
437,Ian,Burgess,733,1962,12,0.0,Ian Burgess
386,Richie,Ginther,733,1962,13,0.0,Richie Ginther
430,Carel Godin,de Beaufort,733,1962,14,0.0,Carel Godin de Beaufort
463,Jay,Chamberlain,733,1962,15,0.0,Jay Chamberlain
404,Innes,Ireland,733,1962,16,0.0,Innes Ireland
289,Graham,Hill,734,1962,1,9.0,Graham Hill
341,John,Surtees,734,1962,2,6.0,John Surtees
364,Dan,Gurney,734,1962,3,4.0,Dan Gurney
373,Jim,Clark,734,1962,4,3.0,Jim Clark
360,Bruce,McLaren,734,1962,5,2.0,Bruce McLaren
454,Ricardo,Rodríguez,734,1962,6,1.0,Ricardo Rodríguez
347,Jo,Bonnier,734,1962,7,0.0,Jo Bonnier
386,Richie,Ginther,734,1962,8,0.0,Richie Ginther
408,Tony,Maggs,734,1962,9,0.0,Tony Maggs
394,Giancarlo,Baghetti,734,1962,10,0.0,Giancarlo Baghetti
437,Ian,Burgess,734,1962,11,0.0,Ian Burgess
346,Jo,Siffert,734,1962,12,0.0,Jo Siffert
430,Carel Godin,de Beaufort,734,1962,13,0.0,Carel Godin de Beaufort
466,Heini,Walter,734,1962,14,0.0,Heini Walter
425,Nino,Vaccarella,734,1962,15,0.0,Nino Vaccarella
376,Lucien,Bianchi,734,1962,16,0.0,Lucien Bianchi
289,Graham,Hill,735,1962,1,9.0,Graham Hill
386,Richie,Ginther,735,1962,2,6.0,Richie Ginther
360,Bruce,McLaren,735,1962,3,4.0,Bruce McLaren
435,Willy,Mairesse,735,1962,4,3.0,Willy Mairesse
394,Giancarlo,Baghetti,735,1962,5,2.0,Giancarlo Baghetti
347,Jo,Bonnier,735,1962,6,1.0,Jo Bonnier
408,Tony,Maggs,735,1962,7,0.0,Tony Maggs
385,Lorenzo,Bandini,735,1962,8,0.0,Lorenzo Bandini
425,Nino,Vaccarella,735,1962,9,0.0,Nino Vaccarella
430,Carel Godin,de Beaufort,735,1962,10,0.0,Carel Godin de Beaufort
403,Phil,Hill,735,1962,11,0.0,Phil Hill
418,Masten,Gregory,735,1962,12,0.0,Masten Gregory
364,Dan,Gurney,735,1962,13,0.0,Dan Gurney
454,Ricardo,Rodríguez,735,1962,14,0.0,Ricardo Rodríguez
373,Jim,Clark,736,1962,1,9.0,Jim Clark
289,Graham,Hill,736,1962,2,6.0,Graham Hill
360,Bruce,McLaren,736,1962,3,4.0,Bruce McLaren
356,Jack,Brabham,736,1962,4,3.0,Jack Brabham
364,Dan,Gurney,736,1962,5,2.0,Dan Gurney
418,Masten,Gregory,736,1962,6,1.0,Masten Gregory
408,Tony,Maggs,736,1962,7,0.0,Tony Maggs
404,Innes,Ireland,736,1962,8,0.0,Innes Ireland
468,Roger,Penske,736,1962,9,0.0,Roger Penske
469,Rob,Schroeder,736,1962,10,0.0,Rob Schroeder
434,Hap,Sharp,736,1962,11,0.0,Hap Sharp
401,Trevor,Taylor,736,1962,12,0.0,Trevor Taylor
347,Jo,Bonnier,736,1962,13,0.0,Jo Bonnier
289,Graham,Hill,737,1962,1,9.0,Graham Hill
360,Bruce,McLaren,737,1962,2,6.0,Bruce McLaren
408,Tony,Maggs,737,1962,3,4.0,Tony Maggs
356,Jack,Brabham,737,1962,4,3.0,Jack Brabham
404,Innes,Ireland,737,1962,5,2.0,Innes Ireland
410,Neville,Lederle,737,1962,6,1.0,Neville Lederle
386,Richie,Ginther,737,1962,7,0.0,Richie Ginther
340,John,Love,737,1962,8,0.0,John Love
471,Bruce,Johnstone,737,1962,9,0.0,Bruce Johnstone
413,Ernie,Pieterse,737,1962,10,0.0,Ernie Pieterse
430,Carel Godin,de Beaufort,737,1962,11,0.0,Carel Godin de Beaufort
475,Stirling,Moss,738,1961,1,9.0,Stirling Moss
386,Richie,Ginther,738,1961,2,6.0,Richie Ginther
403,Phil,Hill,738,1961,3,4.0,Phil Hill
476,Wolfgang,von Trips,738,1961,4,3.0,Wolfgang von Trips
364,Dan,Gurney,738,1961,5,2.0,Dan Gurney
360,Bruce,McLaren,738,1961,6,1.0,Bruce McLaren
427,Maurice,Trintignant,738,1961,7,0.0,Maurice Trintignant
477,Cliff,Allison,738,1961,8,0.0,Cliff Allison
478,Hans,Herrmann,738,1961,9,0.0,Hans Herrmann
373,Jim,Clark,738,1961,10,0.0,Jim Clark
341,John,Surtees,738,1961,11,0.0,John Surtees
347,Jo,Bonnier,738,1961,12,0.0,Jo Bonnier
479,Tony,Brooks,738,1961,13,0.0,Tony Brooks
476,Wolfgang,von Trips,739,1961,1,9.0,Wolfgang von Trips
403,Phil,Hill,739,1961,2,6.0,Phil Hill
373,Jim,Clark,739,1961,3,4.0,Jim Clark
475,Stirling,Moss,739,1961,4,3.0,Stirling Moss
386,Richie,Ginther,739,1961,5,2.0,Richie Ginther
356,Jack,Brabham,739,1961,6,1.0,Jack Brabham
341,John,Surtees,739,1961,7,0.0,John Surtees
289,Graham,Hill,739,1961,8,0.0,Graham Hill
479,Tony,Brooks,739,1961,9,0.0,Tony Brooks
364,Dan,Gurney,739,1961,10,0.0,Dan Gurney
347,Jo,Bonnier,739,1961,11,0.0,Jo Bonnier
360,Bruce,McLaren,739,1961,12,0.0,Bruce McLaren
401,Trevor,Taylor,739,1961,13,0.0,Trevor Taylor
430,Carel Godin,de Beaufort,739,1961,14,0.0,Carel Godin de Beaufort
478,Hans,Herrmann,739,1961,15,0.0,Hans Herrmann
403,Phil,Hill,740,1961,1,9.0,Phil Hill
476,Wolfgang,von Trips,740,1961,2,6.0,Wolfgang von Trips
386,Richie,Ginther,740,1961,3,4.0,Richie Ginther
482,Olivier,Gendebien,740,1961,4,3.0,Olivier Gendebien
341,John,Surtees,740,1961,5,2.0,John Surtees
364,Dan,Gurney,740,1961,6,1.0,Dan Gurney
347,Jo,Bonnier,740,1961,7,0.0,Jo Bonnier
475,Stirling,Moss,740,1961,8,0.0,Stirling Moss
453,Jackie,Lewis,740,1961,9,0.0,Jackie Lewis
418,Masten,Gregory,740,1961,10,0.0,Masten Gregory
430,Carel Godin,de Beaufort,740,1961,11,0.0,Carel Godin de Beaufort
373,Jim,Clark,740,1961,12,0.0,Jim Clark
479,Tony,Brooks,740,1961,13,0.0,Tony Brooks
394,Giancarlo,Baghetti,741,1961,1,9.0,Giancarlo Baghetti
364,Dan,Gurney,741,1961,2,6.0,Dan Gurney
373,Jim,Clark,741,1961,3,4.0,Jim Clark
404,Innes,Ireland,741,1961,4,3.0,Innes Ireland
360,Bruce,McLaren,741,1961,5,2.0,Bruce McLaren
289,Graham,Hill,741,1961,6,1.0,Graham Hill
347,Jo,Bonnier,741,1961,7,0.0,Jo Bonnier
456,Roy,Salvadori,741,1961,8,0.0,Roy Salvadori
403,Phil,Hill,741,1961,9,0.0,Phil Hill
481,Henry,Taylor,741,1961,10,0.0,Henry Taylor
480,Michael,May,741,1961,11,0.0,Michael May
418,Masten,Gregory,741,1961,12,0.0,Masten Gregory
427,Maurice,Trintignant,741,1961,13,0.0,Maurice Trintignant
437,Ian,Burgess,741,1961,14,0.0,Ian Burgess
386,Richie,Ginther,741,1961,15,0.0,Richie Ginther
476,Wolfgang,von Trips,742,1961,1,9.0,Wolfgang von Trips
403,Phil,Hill,742,1961,2,6.0,Phil Hill
386,Richie,Ginther,742,1961,3,4.0,Richie Ginther
356,Jack,Brabham,742,1961,4,3.0,Jack Brabham
347,Jo,Bonnier,742,1961,5,2.0,Jo Bonnier
456,Roy,Salvadori,742,1961,6,1.0,Roy Salvadori
364,Dan,Gurney,742,1961,7,0.0,Dan Gurney
360,Bruce,McLaren,742,1961,8,0.0,Bruce McLaren
479,Tony,Brooks,742,1961,9,0.0,Tony Brooks
404,Innes,Ireland,742,1961,10,0.0,Innes Ireland
418,Masten,Gregory,742,1961,11,0.0,Masten Gregory
385,Lorenzo,Bandini,742,1961,12,0.0,Lorenzo Bandini
408,Tony,Maggs,742,1961,13,0.0,Tony Maggs
437,Ian,Burgess,742,1961,14,0.0,Ian Burgess
465,Keith,Greene,742,1961,15,0.0,Keith Greene
430,Carel Godin,de Beaufort,742,1961,16,0.0,Carel Godin de Beaufort
455,Wolfgang,Seidel,742,1961,17,0.0,Wolfgang Seidel
475,Stirling,Moss,743,1961,1,9.0,Stirling Moss
476,Wolfgang,von Trips,743,1961,2,6.0,Wolfgang von Trips
403,Phil,Hill,743,1961,3,4.0,Phil Hill
373,Jim,Clark,743,1961,4,3.0,Jim Clark
341,John,Surtees,743,1961,5,2.0,John Surtees
360,Bruce,McLaren,743,1961,6,1.0,Bruce McLaren
364,Dan,Gurney,743,1961,7,0.0,Dan Gurney
386,Richie,Ginther,743,1961,8,0.0,Richie Ginther
453,Jackie,Lewis,743,1961,9,0.0,Jackie Lewis
456,Roy,Salvadori,743,1961,10,0.0,Roy Salvadori
408,Tony,Maggs,743,1961,11,0.0,Tony Maggs
437,Ian,Burgess,743,1961,12,0.0,Ian Burgess
478,Hans,Herrmann,743,1961,13,0.0,Hans Herrmann
430,Carel Godin,de Beaufort,743,1961,14,0.0,Carel Godin de Beaufort
459,Tony,Marsh,743,1961,15,0.0,Tony Marsh
460,Gerry,Ashmore,743,1961,16,0.0,Gerry Ashmore
403,Phil,Hill,744,1961,1,9.0,Phil Hill
364,Dan,Gurney,744,1961,2,6.0,Dan Gurney
360,Bruce,McLaren,744,1961,3,4.0,Bruce McLaren
453,Jackie,Lewis,744,1961,4,3.0,Jackie Lewis
479,Tony,Brooks,744,1961,5,2.0,Tony Brooks
456,Roy,Salvadori,744,1961,6,1.0,Roy Salvadori
430,Carel Godin,de Beaufort,744,1961,7,0.0,Carel Godin de Beaufort
385,Lorenzo,Bandini,744,1961,8,0.0,Lorenzo Bandini
427,Maurice,Trintignant,744,1961,9,0.0,Maurice Trintignant
441,Tim,Parnell,744,1961,10,0.0,Tim Parnell
481,Henry,Taylor,744,1961,11,0.0,Henry Taylor
489,Renato,Pirocchi,744,1961,12,0.0,Renato Pirocchi
404,Innes,Ireland,745,1961,1,9.0,Innes Ireland
364,Dan,Gurney,745,1961,2,6.0,Dan Gurney
479,Tony,Brooks,745,1961,3,4.0,Tony Brooks
360,Bruce,McLaren,745,1961,4,3.0,Bruce McLaren
289,Graham,Hill,745,1961,5,2.0,Graham Hill
347,Jo,Bonnier,745,1961,6,1.0,Jo Bonnier
373,Jim,Clark,745,1961,7,0.0,Jim Clark
468,Roger,Penske,745,1961,8,0.0,Roger Penske
493,Peter,Ryan,745,1961,9,0.0,Peter Ryan
434,Hap,Sharp,745,1961,10,0.0,Hap Sharp
482,Olivier,Gendebien,745,1961,11,0.0,Olivier Gendebien
360,Bruce,McLaren,746,1960,1,8.0,Bruce McLaren
477,Cliff,Allison,746,1960,2,6.0,Cliff Allison
427,Maurice,Trintignant,746,1960,3,0.0,Maurice Trintignant
496,Carlos,Menditeguy,746,1960,4,3.0,Carlos Menditeguy
476,Wolfgang,von Trips,746,1960,5,2.0,Wolfgang von Trips
404,Innes,Ireland,746,1960,6,1.0,Innes Ireland
347,Jo,Bonnier,746,1960,7,0.0,Jo Bonnier
403,Phil,Hill,746,1960,8,0.0,Phil Hill
497,Alberto Rodriguez,Larreta,746,1960,9,0.0,Alberto Rodriguez Larreta
498,José Froilán,González,746,1960,10,0.0,José Froilán González
499,Roberto,Bonomi,746,1960,11,0.0,Roberto Bonomi
418,Masten,Gregory,746,1960,12,0.0,Masten Gregory
500,Gino,Munaron,746,1960,13,0.0,Gino Munaron
439,Nasif,Estéfano,746,1960,14,0.0,Nasif Estéfano
475,Stirling,Moss,747,1960,1,8.0,Stirling Moss
360,Bruce,McLaren,747,1960,2,6.0,Bruce McLaren
403,Phil,Hill,747,1960,3,4.0,Phil Hill
479,Tony,Brooks,747,1960,4,3.0,Tony Brooks
347,Jo,Bonnier,747,1960,5,2.0,Jo Bonnier
386,Richie,Ginther,747,1960,6,1.0,Richie Ginther
289,Graham,Hill,747,1960,7,0.0,Graham Hill
476,Wolfgang,von Trips,747,1960,8,0.0,Wolfgang von Trips
404,Innes,Ireland,747,1960,9,0.0,Innes Ireland
509,Jim,Rathmann,748,1960,1,8.0,Jim Rathmann
449,Rodger,Ward,748,1960,2,6.0,Rodger Ward
510,Paul,Goldsmith,748,1960,3,4.0,Paul Goldsmith
511,Don,Branson,748,1960,4,3.0,Don Branson
512,Johnny,Thomson,748,1960,5,2.0,Johnny Thomson
513,Eddie,Johnson,748,1960,6,1.0,Eddie Johnson
494,Lloyd,Ruby,748,1960,7,0.0,Lloyd Ruby
514,Bob,Veith,748,1960,8,0.0,Bob Veith
515,Bud,Tingelstad,748,1960,9,0.0,Bud Tingelstad
516,Bob,Christie,748,1960,10,0.0,Bob Christie
517,Red,Amick,748,1960,11,0.0,Red Amick
518,Duane,Carter,748,1960,12,0.0,Duane Carter
519,Bill,Homeier,748,1960,13,0.0,Bill Homeier
520,Gene,Hartley,748,1960,14,0.0,Gene Hartley
521,Chuck,Stevenson,748,1960,15,0.0,Chuck Stevenson
522,Bobby,Grim,748,1960,16,0.0,Bobby Grim
523,Shorty,Templeman,748,1960,17,0.0,Shorty Templeman
524,Jim,Hurtubise,748,1960,18,0.0,Jim Hurtubise
525,Jimmy,Bryan,748,1960,19,0.0,Jimmy Bryan
526,Troy,Ruttman,748,1960,20,0.0,Troy Ruttman
527,Eddie,Sachs,748,1960,21,0.0,Eddie Sachs
528,Don,Freeland,748,1960,22,0.0,Don Freeland
529,Tony,Bettenhausen,748,1960,23,0.0,Tony Bettenhausen
530,Wayne,Weiler,748,1960,24,0.0,Wayne Weiler
531,Anthony,Foyt,748,1960,25,0.0,Anthony Foyt
532,Eddie,Russo,748,1960,26,0.0,Eddie Russo
533,Johnny,Boyd,748,1960,27,0.0,Johnny Boyd
534,Gene,Force,748,1960,28,0.0,Gene Force
535,Jim,McWithey,748,1960,29,0.0,Jim McWithey
536,Len,Sutton,748,1960,30,0.0,Len Sutton
537,Dick,Rathmann,748,1960,31,0.0,Dick Rathmann
538,Al,Herman,748,1960,32,0.0,Al Herman
539,Dempsey,Wilson,748,1960,33,0.0,Dempsey Wilson
356,Jack,Brabham,749,1960,1,8.0,Jack Brabham
404,Innes,Ireland,749,1960,2,6.0,Innes Ireland
289,Graham,Hill,749,1960,3,4.0,Graham Hill
475,Stirling,Moss,749,1960,4,3.0,Stirling Moss
476,Wolfgang,von Trips,749,1960,5,2.0,Wolfgang von Trips
386,Richie,Ginther,749,1960,6,1.0,Richie Ginther
481,Henry,Taylor,749,1960,7,0.0,Henry Taylor
430,Carel Godin,de Beaufort,749,1960,8,0.0,Carel Godin de Beaufort
356,Jack,Brabham,750,1960,1,8.0,Jack Brabham
360,Bruce,McLaren,750,1960,2,6.0,Bruce McLaren
482,Olivier,Gendebien,750,1960,3,4.0,Olivier Gendebien
403,Phil,Hill,750,1960,4,3.0,Phil Hill
373,Jim,Clark,750,1960,5,2.0,Jim Clark
376,Lucien,Bianchi,750,1960,6,1.0,Lucien Bianchi
356,Jack,Brabham,751,1960,1,8.0,Jack Brabham
482,Olivier,Gendebien,751,1960,2,6.0,Olivier Gendebien
360,Bruce,McLaren,751,1960,3,4.0,Bruce McLaren
481,Henry,Taylor,751,1960,4,3.0,Henry Taylor
373,Jim,Clark,751,1960,5,2.0,Jim Clark
541,Ron,Flockhart,751,1960,6,1.0,Ron Flockhart
404,Innes,Ireland,751,1960,7,0.0,Innes Ireland
506,Bruce,Halford,751,1960,8,0.0,Bruce Halford
418,Masten,Gregory,751,1960,9,0.0,Masten Gregory
437,Ian,Burgess,751,1960,10,0.0,Ian Burgess
476,Wolfgang,von Trips,751,1960,11,0.0,Wolfgang von Trips
403,Phil,Hill,751,1960,12,0.0,Phil Hill
356,Jack,Brabham,752,1960,1,8.0,Jack Brabham
341,John,Surtees,752,1960,2,6.0,John Surtees
404,Innes,Ireland,752,1960,3,4.0,Innes Ireland
360,Bruce,McLaren,752,1960,4,3.0,Bruce McLaren
479,Tony,Brooks,752,1960,5,2.0,Tony Brooks
476,Wolfgang,von Trips,752,1960,6,1.0,Wolfgang von Trips
403,Phil,Hill,752,1960,7,0.0,Phil Hill
481,Henry,Taylor,752,1960,8,0.0,Henry Taylor
482,Olivier,Gendebien,752,1960,9,0.0,Olivier Gendebien
364,Dan,Gurney,752,1960,10,0.0,Dan Gurney
427,Maurice,Trintignant,752,1960,11,0.0,Maurice Trintignant
542,David,Piper,752,1960,12,0.0,David Piper
484,Brian,Naylor,752,1960,13,0.0,Brian Naylor
418,Masten,Gregory,752,1960,14,0.0,Masten Gregory
500,Gino,Munaron,752,1960,15,0.0,Gino Munaron
373,Jim,Clark,752,1960,16,0.0,Jim Clark
356,Jack,Brabham,753,1960,1,8.0,Jack Brabham
360,Bruce,McLaren,753,1960,2,6.0,Bruce McLaren
373,Jim,Clark,753,1960,3,4.0,Jim Clark
476,Wolfgang,von Trips,753,1960,4,3.0,Wolfgang von Trips
479,Tony,Brooks,753,1960,5,2.0,Tony Brooks
404,Innes,Ireland,753,1960,6,1.0,Innes Ireland
482,Olivier,Gendebien,753,1960,7,0.0,Olivier Gendebien
403,Phil,Hill,754,1960,1,8.0,Phil Hill
386,Richie,Ginther,754,1960,2,6.0,Richie Ginther
435,Willy,Mairesse,754,1960,3,4.0,Willy Mairesse
543,Giulio,Cabianca,754,1960,4,3.0,Giulio Cabianca
476,Wolfgang,von Trips,754,1960,5,2.0,Wolfgang von Trips
478,Hans,Herrmann,754,1960,6,1.0,Hans Herrmann
431,Edgar,Barth,754,1960,7,0.0,Edgar Barth
544,Piero,Drogo,754,1960,8,0.0,Piero Drogo
455,Wolfgang,Seidel,754,1960,9,0.0,Wolfgang Seidel
545,Fred,Gamble,754,1960,10,0.0,Fred Gamble
475,Stirling,Moss,755,1960,1,8.0,Stirling Moss
404,Innes,Ireland,755,1960,2,6.0,Innes Ireland
360,Bruce,McLaren,755,1960,3,4.0,Bruce McLaren
356,Jack,Brabham,755,1960,4,3.0,Jack Brabham
347,Jo,Bonnier,755,1960,5,2.0,Jo Bonnier
403,Phil,Hill,755,1960,6,1.0,Phil Hill
440,Jim,Hall,755,1960,7,0.0,Jim Hall
456,Roy,Salvadori,755,1960,8,0.0,Roy Salvadori
476,Wolfgang,von Trips,755,1960,9,0.0,Wolfgang von Trips
507,Chuck,Daigh,755,1960,10,0.0,Chuck Daigh
353,Pete,Lovely,755,1960,11,0.0,Pete Lovely
482,Olivier,Gendebien,755,1960,12,0.0,Olivier Gendebien
548,Bob,Drake,755,1960,13,0.0,Bob Drake
481,Henry,Taylor,755,1960,14,0.0,Henry Taylor
427,Maurice,Trintignant,755,1960,15,0.0,Maurice Trintignant
373,Jim,Clark,755,1960,16,0.0,Jim Clark
356,Jack,Brabham,756,1959,1,9.0,Jack Brabham
479,Tony,Brooks,756,1959,2,6.0,Tony Brooks
427,Maurice,Trintignant,756,1959,3,4.0,Maurice Trintignant
403,Phil,Hill,756,1959,4,3.0,Phil Hill
360,Bruce,McLaren,756,1959,5,2.0,Bruce McLaren
456,Roy,Salvadori,756,1959,6,0.0,Roy Salvadori
449,Rodger,Ward,757,1959,1,8.0,Rodger Ward
509,Jim,Rathmann,757,1959,2,6.0,Jim Rathmann
512,Johnny,Thomson,757,1959,3,5.0,Johnny Thomson
529,Tony,Bettenhausen,757,1959,4,3.0,Tony Bettenhausen
510,Paul,Goldsmith,757,1959,5,2.0,Paul Goldsmith
533,Johnny,Boyd,757,1959,6,0.0,Johnny Boyd
518,Duane,Carter,757,1959,7,0.0,Duane Carter
513,Eddie,Johnson,757,1959,8,0.0,Eddie Johnson
555,Paul,Russo,757,1959,9,0.0,Paul Russo
531,Anthony,Foyt,757,1959,10,0.0,Anthony Foyt
520,Gene,Hartley,757,1959,11,0.0,Gene Hartley
514,Bob,Veith,757,1959,12,0.0,Bob Veith
538,Al,Herman,757,1959,13,0.0,Al Herman
556,Jimmy,Daywalt,757,1959,14,0.0,Jimmy Daywalt
557,Chuck,Arnold,757,1959,15,0.0,Chuck Arnold
535,Jim,McWithey,757,1959,16,0.0,Jim McWithey
347,Jo,Bonnier,758,1959,1,8.0,Jo Bonnier
356,Jack,Brabham,758,1959,2,6.0,Jack Brabham
418,Masten,Gregory,758,1959,3,4.0,Masten Gregory
404,Innes,Ireland,758,1959,4,3.0,Innes Ireland
554,Jean,Behra,758,1959,5,2.0,Jean Behra
403,Phil,Hill,758,1959,6,0.0,Phil Hill
289,Graham,Hill,758,1959,7,0.0,Graham Hill
427,Maurice,Trintignant,758,1959,8,0.0,Maurice Trintignant
477,Cliff,Allison,758,1959,9,0.0,Cliff Allison
430,Carel Godin,de Beaufort,758,1959,10,0.0,Carel Godin de Beaufort
479,Tony,Brooks,759,1959,1,8.0,Tony Brooks
403,Phil,Hill,759,1959,2,6.0,Phil Hill
356,Jack,Brabham,759,1959,3,4.0,Jack Brabham
482,Olivier,Gendebien,759,1959,4,3.0,Olivier Gendebien
360,Bruce,McLaren,759,1959,5,2.0,Bruce McLaren
541,Ron,Flockhart,759,1959,6,0.0,Ron Flockhart
501,Harry,Schell,759,1959,7,0.0,Harry Schell
483,Giorgio,Scarlatti,759,1959,8,0.0,Giorgio Scarlatti
430,Carel Godin,de Beaufort,759,1959,9,0.0,Carel Godin de Beaufort
567,Fritz,d'Orey,759,1959,10,0.0,Fritz d'Orey
427,Maurice,Trintignant,759,1959,11,0.0,Maurice Trintignant
356,Jack,Brabham,760,1959,1,8.0,Jack Brabham
475,Stirling,Moss,760,1959,2,6.5,Stirling Moss
360,Bruce,McLaren,760,1959,3,4.5,Bruce McLaren
501,Harry,Schell,760,1959,4,3.0,Harry Schell
427,Maurice,Trintignant,760,1959,5,2.0,Maurice Trintignant
456,Roy,Salvadori,760,1959,6,0.0,Roy Salvadori
418,Masten,Gregory,760,1959,7,0.0,Masten Gregory
502,Alan,Stacey,760,1959,8,0.0,Alan Stacey
289,Graham,Hill,760,1959,9,0.0,Graham Hill
505,Chris,Bristow,760,1959,10,0.0,Chris Bristow
481,Henry,Taylor,760,1959,11,0.0,Henry Taylor
569,Peter,Ashdown,760,1959,12,0.0,Peter Ashdown
549,Ivor,Bueb,760,1959,13,0.0,Ivor Bueb
479,Tony,Brooks,761,1959,1,9.0,Tony Brooks
364,Dan,Gurney,761,1959,2,6.0,Dan Gurney
403,Phil,Hill,761,1959,3,4.0,Phil Hill
427,Maurice,Trintignant,761,1959,4,3.0,Maurice Trintignant
347,Jo,Bonnier,761,1959,5,2.0,Jo Bonnier
437,Ian,Burgess,761,1959,6,0.0,Ian Burgess
501,Harry,Schell,761,1959,7,0.0,Harry Schell
475,Stirling,Moss,762,1959,1,9.0,Stirling Moss
418,Masten,Gregory,762,1959,2,6.0,Masten Gregory
364,Dan,Gurney,762,1959,3,4.0,Dan Gurney
427,Maurice,Trintignant,762,1959,4,3.0,Maurice Trintignant
501,Harry,Schell,762,1959,5,2.0,Harry Schell
456,Roy,Salvadori,762,1959,6,0.0,Roy Salvadori
541,Ron,Flockhart,762,1959,7,0.0,Ron Flockhart
566,Carroll,Shelby,762,1959,8,0.0,Carroll Shelby
479,Tony,Brooks,762,1959,9,0.0,Tony Brooks
432,Mário de Araújo,Cabral,762,1959,10,0.0,Mário de Araújo Cabral
475,Stirling,Moss,763,1959,1,8.0,Stirling Moss
403,Phil,Hill,763,1959,2,7.0,Phil Hill
356,Jack,Brabham,763,1959,3,4.0,Jack Brabham
364,Dan,Gurney,763,1959,4,3.0,Dan Gurney
477,Cliff,Allison,763,1959,5,2.0,Cliff Allison
482,Olivier,Gendebien,763,1959,6,0.0,Olivier Gendebien
501,Harry,Schell,763,1959,7,0.0,Harry Schell
347,Jo,Bonnier,763,1959,8,0.0,Jo Bonnier
427,Maurice,Trintignant,763,1959,9,0.0,Maurice Trintignant
566,Carroll,Shelby,763,1959,10,0.0,Carroll Shelby
462,Colin,Davis,763,1959,11,0.0,Colin Davis
483,Giorgio,Scarlatti,763,1959,12,0.0,Giorgio Scarlatti
541,Ron,Flockhart,763,1959,13,0.0,Ron Flockhart
437,Ian,Burgess,763,1959,14,0.0,Ian Burgess
543,Giulio,Cabianca,763,1959,15,0.0,Giulio Cabianca
360,Bruce,McLaren,764,1959,1,8.0,Bruce McLaren
427,Maurice,Trintignant,764,1959,2,7.0,Maurice Trintignant
479,Tony,Brooks,764,1959,3,4.0,Tony Brooks
356,Jack,Brabham,764,1959,4,3.0,Jack Brabham
404,Innes,Ireland,764,1959,5,2.0,Innes Ireland
476,Wolfgang,von Trips,764,1959,6,0.0,Wolfgang von Trips
572,Harry,Blanchard,764,1959,7,0.0,Harry Blanchard
475,Stirling,Moss,765,1958,1,8.0,Stirling Moss
577,Luigi,Musso,765,1958,2,6.0,Luigi Musso
578,Mike,Hawthorn,765,1958,3,4.0,Mike Hawthorn
579,Juan,Fangio,765,1958,4,4.0,Juan Fangio
554,Jean,Behra,765,1958,5,2.0,Jean Behra
501,Harry,Schell,765,1958,6,0.0,Harry Schell
496,Carlos,Menditeguy,765,1958,7,0.0,Carlos Menditeguy
580,Paco,Godia,765,1958,8,0.0,Paco Godia
547,Horace,Gould,765,1958,9,0.0,Horace Gould
427,Maurice,Trintignant,766,1958,1,8.0,Maurice Trintignant
577,Luigi,Musso,766,1958,2,6.0,Luigi Musso
581,Peter,Collins,766,1958,3,4.0,Peter Collins
356,Jack,Brabham,766,1958,4,3.0,Jack Brabham
501,Harry,Schell,766,1958,5,2.0,Harry Schell
477,Cliff,Allison,766,1958,6,0.0,Cliff Allison
475,Stirling,Moss,767,1958,1,9.0,Stirling Moss
501,Harry,Schell,767,1958,2,6.0,Harry Schell
554,Jean,Behra,767,1958,3,4.0,Jean Behra
456,Roy,Salvadori,767,1958,4,3.0,Roy Salvadori
578,Mike,Hawthorn,767,1958,5,2.0,Mike Hawthorn
477,Cliff,Allison,767,1958,6,0.0,Cliff Allison
577,Luigi,Musso,767,1958,7,0.0,Luigi Musso
356,Jack,Brabham,767,1958,8,0.0,Jack Brabham
427,Maurice,Trintignant,767,1958,9,0.0,Maurice Trintignant
347,Jo,Bonnier,767,1958,10,0.0,Jo Bonnier
430,Carel Godin,de Beaufort,767,1958,11,0.0,Carel Godin de Beaufort
525,Jimmy,Bryan,768,1958,1,8.0,Jimmy Bryan
591,George,Amick,768,1958,2,6.0,George Amick
533,Johnny,Boyd,768,1958,3,4.0,Johnny Boyd
529,Tony,Bettenhausen,768,1958,4,4.0,Tony Bettenhausen
509,Jim,Rathmann,768,1958,5,2.0,Jim Rathmann
592,Jimmy,Reece,768,1958,6,0.0,Jimmy Reece
528,Don,Freeland,768,1958,7,0.0,Don Freeland
564,Jud,Larson,768,1958,8,0.0,Jud Larson
513,Eddie,Johnson,768,1958,9,0.0,Eddie Johnson
560,Bill,Cheesbourg,768,1958,10,0.0,Bill Cheesbourg
558,Al,Keller,768,1958,11,0.0,Al Keller
593,Johnnie,Parsons,768,1958,12,0.0,Johnnie Parsons
594,Johnnie,Tolan,768,1958,13,0.0,Johnnie Tolan
479,Tony,Brooks,769,1958,1,8.0,Tony Brooks
578,Mike,Hawthorn,769,1958,2,7.0,Mike Hawthorn
590,Stuart,Lewis-Evans,769,1958,3,4.0,Stuart Lewis-Evans
477,Cliff,Allison,769,1958,4,3.0,Cliff Allison
501,Harry,Schell,769,1958,5,2.0,Harry Schell
482,Olivier,Gendebien,769,1958,6,0.0,Olivier Gendebien
427,Maurice,Trintignant,769,1958,7,0.0,Maurice Trintignant
456,Roy,Salvadori,769,1958,8,0.0,Roy Salvadori
347,Jo,Bonnier,769,1958,9,0.0,Jo Bonnier
551,Maria,de Filippis,769,1958,10,0.0,Maria de Filippis
578,Mike,Hawthorn,770,1958,1,9.0,Mike Hawthorn
475,Stirling,Moss,770,1958,2,6.0,Stirling Moss
476,Wolfgang,von Trips,770,1958,3,4.0,Wolfgang von Trips
579,Juan,Fangio,770,1958,4,3.0,Juan Fangio
581,Peter,Collins,770,1958,5,2.0,Peter Collins
356,Jack,Brabham,770,1958,6,0.0,Jack Brabham
403,Phil,Hill,770,1958,7,0.0,Phil Hill
347,Jo,Bonnier,770,1958,8,0.0,Jo Bonnier
583,Gerino,Gerini,770,1958,9,0.0,Gerino Gerini
526,Troy,Ruttman,770,1958,10,0.0,Troy Ruttman
456,Roy,Salvadori,770,1958,11,0.0,Roy Salvadori
581,Peter,Collins,771,1958,1,8.0,Peter Collins
578,Mike,Hawthorn,771,1958,2,7.0,Mike Hawthorn
456,Roy,Salvadori,771,1958,3,4.0,Roy Salvadori
590,Stuart,Lewis-Evans,771,1958,4,3.0,Stuart Lewis-Evans
501,Harry,Schell,771,1958,5,2.0,Harry Schell
356,Jack,Brabham,771,1958,6,0.0,Jack Brabham
479,Tony,Brooks,771,1958,7,0.0,Tony Brooks
427,Maurice,Trintignant,771,1958,8,0.0,Maurice Trintignant
566,Carroll,Shelby,771,1958,9,0.0,Carroll Shelby
479,Tony,Brooks,772,1958,1,8.0,Tony Brooks
456,Roy,Salvadori,772,1958,2,6.0,Roy Salvadori
427,Maurice,Trintignant,772,1958,3,4.0,Maurice Trintignant
476,Wolfgang,von Trips,772,1958,4,3.0,Wolfgang von Trips
360,Bruce,McLaren,772,1958,5,0.0,Bruce McLaren
431,Edgar,Barth,772,1958,6,0.0,Edgar Barth
437,Ian,Burgess,772,1958,7,0.0,Ian Burgess
459,Tony,Marsh,772,1958,8,0.0,Tony Marsh
403,Phil,Hill,772,1958,9,0.0,Phil Hill
477,Cliff,Allison,772,1958,10,0.0,Cliff Allison
549,Ivor,Bueb,772,1958,11,0.0,Ivor Bueb
475,Stirling,Moss,773,1958,1,8.0,Stirling Moss
578,Mike,Hawthorn,773,1958,2,7.0,Mike Hawthorn
590,Stuart,Lewis-Evans,773,1958,3,4.0,Stuart Lewis-Evans
554,Jean,Behra,773,1958,4,3.0,Jean Behra
476,Wolfgang,von Trips,773,1958,5,2.0,Wolfgang von Trips
501,Harry,Schell,773,1958,6,0.0,Harry Schell
356,Jack,Brabham,773,1958,7,0.0,Jack Brabham
427,Maurice,Trintignant,773,1958,8,0.0,Maurice Trintignant
456,Roy,Salvadori,773,1958,9,0.0,Roy Salvadori
479,Tony,Brooks,774,1958,1,8.0,Tony Brooks
578,Mike,Hawthorn,774,1958,2,6.0,Mike Hawthorn
403,Phil,Hill,774,1958,3,5.0,Phil Hill
418,Masten,Gregory,774,1958,4,0.0,Masten Gregory
456,Roy,Salvadori,774,1958,5,2.0,Roy Salvadori
289,Graham,Hill,774,1958,6,0.0,Graham Hill
477,Cliff,Allison,774,1958,7,0.0,Cliff Allison
475,Stirling,Moss,775,1958,1,9.0,Stirling Moss
578,Mike,Hawthorn,775,1958,2,6.0,Mike Hawthorn
403,Phil,Hill,775,1958,3,4.0,Phil Hill
347,Jo,Bonnier,775,1958,4,3.0,Jo Bonnier
501,Harry,Schell,775,1958,5,2.0,Harry Schell
418,Masten,Gregory,775,1958,6,0.0,Masten Gregory
456,Roy,Salvadori,775,1958,7,0.0,Roy Salvadori
486,Jack,Fairman,775,1958,8,0.0,Jack Fairman
478,Hans,Herrmann,775,1958,9,0.0,Hans Herrmann
477,Cliff,Allison,775,1958,10,0.0,Cliff Allison
356,Jack,Brabham,775,1958,11,0.0,Jack Brabham
583,Gerino,Gerini,775,1958,12,0.0,Gerino Gerini
360,Bruce,McLaren,775,1958,13,0.0,Bruce McLaren
602,Robert,La Caze,775,1958,14,0.0,Robert La Caze
603,André,Guelfi,775,1958,15,0.0,André Guelfi
289,Graham,Hill,775,1958,16,0.0,Graham Hill
579,Juan,Fangio,776,1957,1,8.0,Juan Fangio
554,Jean,Behra,776,1957,2,6.0,Jean Behra
496,Carlos,Menditeguy,776,1957,3,4.0,Carlos Menditeguy
501,Harry,Schell,776,1957,4,3.0,Harry Schell
606,Alfonso,de Portago,776,1957,5,1.0,Alfonso de Portago
607,Cesare,Perdisa,776,1957,6,0.0,Cesare Perdisa
347,Jo,Bonnier,776,1957,7,0.0,Jo Bonnier
475,Stirling,Moss,776,1957,8,1.0,Stirling Moss
573,Alessandro,de Tomaso,776,1957,9,0.0,Alessandro de Tomaso
586,Luigi,Piotti,776,1957,10,0.0,Luigi Piotti
579,Juan,Fangio,777,1957,1,9.0,Juan Fangio
479,Tony,Brooks,777,1957,2,6.0,Tony Brooks
418,Masten,Gregory,777,1957,3,4.0,Masten Gregory
590,Stuart,Lewis-Evans,777,1957,4,3.0,Stuart Lewis-Evans
427,Maurice,Trintignant,777,1957,5,2.0,Maurice Trintignant
356,Jack,Brabham,777,1957,6,0.0,Jack Brabham
611,Sam,Hanks,778,1957,1,8.0,Sam Hanks
509,Jim,Rathmann,778,1957,2,7.0,Jim Rathmann
525,Jimmy,Bryan,778,1957,3,4.0,Jimmy Bryan
555,Paul,Russo,778,1957,4,3.0,Paul Russo
612,Andy,Linden,778,1957,5,2.0,Andy Linden
533,Johnny,Boyd,778,1957,6,0.0,Johnny Boyd
613,Marshall,Teague,778,1957,7,0.0,Marshall Teague
597,Pat,O'Connor,778,1957,8,0.0,Pat O'Connor
514,Bob,Veith,778,1957,9,0.0,Bob Veith
520,Gene,Hartley,778,1957,10,0.0,Gene Hartley
562,Jack,Turner,778,1957,11,0.0,Jack Turner
512,Johnny,Thomson,778,1957,12,0.0,Johnny Thomson
516,Bob,Christie,778,1957,13,0.0,Bob Christie
563,Chuck,Weyant,778,1957,14,0.0,Chuck Weyant
529,Tony,Bettenhausen,778,1957,15,0.0,Tony Bettenhausen
593,Johnnie,Parsons,778,1957,16,0.0,Johnnie Parsons
528,Don,Freeland,778,1957,17,0.0,Don Freeland
579,Juan,Fangio,779,1957,1,8.0,Juan Fangio
577,Luigi,Musso,779,1957,2,7.0,Luigi Musso
581,Peter,Collins,779,1957,3,4.0,Peter Collins
578,Mike,Hawthorn,779,1957,4,3.0,Mike Hawthorn
501,Harry,Schell,779,1957,5,2.0,Harry Schell
554,Jean,Behra,779,1957,6,0.0,Jean Behra
617,Mike,MacDowel,779,1957,7,0.0,Mike MacDowel
479,Tony,Brooks,780,1957,1,4.0,Tony Brooks
577,Luigi,Musso,780,1957,2,6.0,Luigi Musso
578,Mike,Hawthorn,780,1957,3,4.0,Mike Hawthorn
427,Maurice,Trintignant,780,1957,4,3.0,Maurice Trintignant
456,Roy,Salvadori,780,1957,5,2.0,Roy Salvadori
619,Bob,Gerard,780,1957,6,0.0,Bob Gerard
590,Stuart,Lewis-Evans,780,1957,7,0.0,Stuart Lewis-Evans
549,Ivor,Bueb,780,1957,8,0.0,Ivor Bueb
579,Juan,Fangio,781,1957,1,9.0,Juan Fangio
578,Mike,Hawthorn,781,1957,2,6.0,Mike Hawthorn
581,Peter,Collins,781,1957,3,4.0,Peter Collins
577,Luigi,Musso,781,1957,4,3.0,Luigi Musso
475,Stirling,Moss,781,1957,5,2.0,Stirling Moss
554,Jean,Behra,781,1957,6,0.0,Jean Behra
501,Harry,Schell,781,1957,7,0.0,Harry Schell
418,Masten,Gregory,781,1957,8,0.0,Masten Gregory
479,Tony,Brooks,781,1957,9,0.0,Tony Brooks
483,Giorgio,Scarlatti,781,1957,10,0.0,Giorgio Scarlatti
506,Bruce,Halford,781,1957,11,0.0,Bruce Halford
431,Edgar,Barth,781,1957,12,0.0,Edgar Barth
484,Brian,Naylor,781,1957,13,0.0,Brian Naylor
430,Carel Godin,de Beaufort,781,1957,14,0.0,Carel Godin de Beaufort
459,Tony,Marsh,781,1957,15,0.0,Tony Marsh
475,Stirling,Moss,782,1957,1,9.0,Stirling Moss
579,Juan,Fangio,782,1957,2,6.0,Juan Fangio
501,Harry,Schell,782,1957,3,4.0,Harry Schell
418,Masten,Gregory,782,1957,4,3.0,Masten Gregory
590,Stuart,Lewis-Evans,782,1957,5,2.0,Stuart Lewis-Evans
483,Giorgio,Scarlatti,782,1957,6,0.0,Giorgio Scarlatti
356,Jack,Brabham,782,1957,7,0.0,Jack Brabham
475,Stirling,Moss,783,1957,1,8.0,Stirling Moss
579,Juan,Fangio,783,1957,2,6.0,Juan Fangio
476,Wolfgang,von Trips,783,1957,3,4.0,Wolfgang von Trips
418,Masten,Gregory,783,1957,4,3.0,Masten Gregory
483,Giorgio,Scarlatti,783,1957,5,1.0,Giorgio Scarlatti
578,Mike,Hawthorn,783,1957,6,0.0,Mike Hawthorn
479,Tony,Brooks,783,1957,7,1.0,Tony Brooks
577,Luigi,Musso,783,1957,8,0.0,Luigi Musso
580,Paco,Godia,783,1957,9,0.0,Paco Godia
547,Horace,Gould,783,1957,10,0.0,Horace Gould
609,André,Simon,783,1957,11,0.0,André Simon
577,Luigi,Musso,784,1956,1,4.0,Luigi Musso
554,Jean,Behra,784,1956,2,6.0,Jean Behra
578,Mike,Hawthorn,784,1956,3,4.0,Mike Hawthorn
622,Chico,Landi,784,1956,4,1.5,Chico Landi
482,Olivier,Gendebien,784,1956,5,2.0,Olivier Gendebien
623,Alberto,Uria,784,1956,6,0.0,Alberto Uria
475,Stirling,Moss,785,1956,1,8.0,Stirling Moss
581,Peter,Collins,785,1956,2,3.0,Peter Collins
554,Jean,Behra,785,1956,3,4.0,Jean Behra
579,Juan,Fangio,785,1956,4,1.5,Juan Fangio
624,Hernando,da Silva Ramos,785,1956,5,2.0,Hernando da Silva Ramos
625,Élie,Bayol,785,1956,6,0.0,Élie Bayol
607,Cesare,Perdisa,785,1956,7,0.0,Cesare Perdisa
547,Horace,Gould,785,1956,8,0.0,Horace Gould
559,Pat,Flaherty,786,1956,1,8.0,Pat Flaherty
611,Sam,Hanks,786,1956,2,6.0,Sam Hanks
528,Don,Freeland,786,1956,3,4.0,Don Freeland
593,Johnnie,Parsons,786,1956,4,3.0,Johnnie Parsons
537,Dick,Rathmann,786,1956,5,2.0,Dick Rathmann
628,Bob,Sweikert,786,1956,6,0.0,Bob Sweikert
514,Bob,Veith,786,1956,7,0.0,Bob Veith
449,Rodger,Ward,786,1956,8,0.0,Rodger Ward
592,Jimmy,Reece,786,1956,9,0.0,Jimmy Reece
629,Cliff,Griffith,786,1956,10,0.0,Cliff Griffith
520,Gene,Hartley,786,1956,11,0.0,Gene Hartley
615,Fred,Agabashian,786,1956,12,0.0,Fred Agabashian
516,Bob,Christie,786,1956,13,0.0,Bob Christie
558,Al,Keller,786,1956,14,0.0,Al Keller
513,Eddie,Johnson,786,1956,15,0.0,Eddie Johnson
595,Billy,Garrett,786,1956,16,0.0,Billy Garrett
630,Duke,Dinsmore,786,1956,17,0.0,Duke Dinsmore
597,Pat,O'Connor,786,1956,18,0.0,Pat O'Connor
525,Jimmy,Bryan,786,1956,19,0.0,Jimmy Bryan
581,Peter,Collins,787,1956,1,8.0,Peter Collins
632,Paul,Frère,787,1956,2,6.0,Paul Frère
607,Cesare,Perdisa,787,1956,3,2.0,Cesare Perdisa
501,Harry,Schell,787,1956,4,3.0,Harry Schell
633,Luigi,Villoresi,787,1956,5,2.0,Luigi Villoresi
429,André,Pilette,787,1956,6,0.0,André Pilette
554,Jean,Behra,787,1956,7,0.0,Jean Behra
627,Louis,Rosier,787,1956,8,0.0,Louis Rosier
581,Peter,Collins,788,1956,1,8.0,Peter Collins
608,Eugenio,Castellotti,788,1956,2,6.0,Eugenio Castellotti
554,Jean,Behra,788,1956,3,4.0,Jean Behra
579,Juan,Fangio,788,1956,4,4.0,Juan Fangio
607,Cesare,Perdisa,788,1956,5,1.0,Cesare Perdisa
627,Louis,Rosier,788,1956,6,0.0,Louis Rosier
580,Paco,Godia,788,1956,7,0.0,Paco Godia
624,Hernando,da Silva Ramos,788,1956,8,0.0,Hernando da Silva Ramos
626,Robert,Manzon,788,1956,9,0.0,Robert Manzon
578,Mike,Hawthorn,788,1956,10,0.0,Mike Hawthorn
429,André,Pilette,788,1956,11,0.0,André Pilette
579,Juan,Fangio,789,1956,1,8.0,Juan Fangio
606,Alfonso,de Portago,789,1956,2,3.0,Alfonso de Portago
554,Jean,Behra,789,1956,3,4.0,Jean Behra
486,Jack,Fairman,789,1956,4,3.0,Jack Fairman
547,Horace,Gould,789,1956,5,2.0,Horace Gould
633,Luigi,Villoresi,789,1956,6,0.0,Luigi Villoresi
607,Cesare,Perdisa,789,1956,7,0.0,Cesare Perdisa
580,Paco,Godia,789,1956,8,0.0,Paco Godia
626,Robert,Manzon,789,1956,9,0.0,Robert Manzon
608,Eugenio,Castellotti,789,1956,10,0.0,Eugenio Castellotti
619,Bob,Gerard,789,1956,11,0.0,Bob Gerard
579,Juan,Fangio,790,1956,1,9.0,Juan Fangio
475,Stirling,Moss,790,1956,2,6.0,Stirling Moss
554,Jean,Behra,790,1956,3,4.0,Jean Behra
580,Paco,Godia,790,1956,4,3.0,Paco Godia
627,Louis,Rosier,790,1956,5,2.0,Louis Rosier
475,Stirling,Moss,791,1956,1,9.0,Stirling Moss
581,Peter,Collins,791,1956,2,3.0,Peter Collins
541,Ron,Flockhart,791,1956,3,4.0,Ron Flockhart
580,Paco,Godia,791,1956,4,3.0,Paco Godia
486,Jack,Fairman,791,1956,5,2.0,Jack Fairman
586,Luigi,Piotti,791,1956,6,0.0,Luigi Piotti
640,Toulo,de Graffenried,791,1956,7,0.0,Toulo de Graffenried
579,Juan,Fangio,791,1956,8,0.0,Juan Fangio
609,André,Simon,791,1956,9,0.0,André Simon
583,Gerino,Gerini,791,1956,10,0.0,Gerino Gerini
456,Roy,Salvadori,791,1956,11,0.0,Roy Salvadori
579,Juan,Fangio,792,1955,1,9.0,Juan Fangio
498,José Froilán,González,792,1955,2,2.0,José Froilán González
642,Nino,Farina,792,1955,3,1.33,Nino Farina
478,Hans,Herrmann,792,1955,4,1.0,Hans Herrmann
643,Roberto,Mieres,792,1955,5,2.0,Roberto Mieres
501,Harry,Schell,792,1955,6,0.0,Harry Schell
577,Luigi,Musso,792,1955,7,0.0,Luigi Musso
427,Maurice,Trintignant,793,1955,1,8.0,Maurice Trintignant
608,Eugenio,Castellotti,793,1955,2,6.0,Eugenio Castellotti
554,Jean,Behra,793,1955,3,2.0,Jean Behra
642,Nino,Farina,793,1955,4,3.0,Nino Farina
633,Luigi,Villoresi,793,1955,5,2.0,Luigi Villoresi
589,Louis,Chiron,793,1955,6,0.0,Louis Chiron
650,Jacques,Pollet,793,1955,7,0.0,Jacques Pollet
641,Piero,Taruffi,793,1955,8,0.0,Piero Taruffi
475,Stirling,Moss,793,1955,9,0.0,Stirling Moss
628,Bob,Sweikert,794,1955,1,8.0,Bob Sweikert
529,Tony,Bettenhausen,794,1955,2,3.0,Tony Bettenhausen
653,Jimmy,Davies,794,1955,3,4.0,Jimmy Davies
512,Johnny,Thomson,794,1955,4,3.0,Johnny Thomson
654,Walt,Faulkner,794,1955,5,1.0,Walt Faulkner
612,Andy,Linden,794,1955,6,0.0,Andy Linden
538,Al,Herman,794,1955,7,0.0,Al Herman
597,Pat,O'Connor,794,1955,8,0.0,Pat O'Connor
556,Jimmy,Daywalt,794,1955,9,0.0,Jimmy Daywalt
559,Pat,Flaherty,794,1955,10,0.0,Pat Flaherty
518,Duane,Carter,794,1955,11,0.0,Duane Carter
563,Chuck,Weyant,794,1955,12,0.0,Chuck Weyant
513,Eddie,Johnson,794,1955,13,0.0,Eddie Johnson
509,Jim,Rathmann,794,1955,14,0.0,Jim Rathmann
579,Juan,Fangio,795,1955,1,9.0,Juan Fangio
475,Stirling,Moss,795,1955,2,6.0,Stirling Moss
642,Nino,Farina,795,1955,3,4.0,Nino Farina
632,Paul,Frère,795,1955,4,3.0,Paul Frère
643,Roberto,Mieres,795,1955,5,1.0,Roberto Mieres
427,Maurice,Trintignant,795,1955,6,0.0,Maurice Trintignant
577,Luigi,Musso,795,1955,7,0.0,Luigi Musso
607,Cesare,Perdisa,795,1955,8,0.0,Cesare Perdisa
627,Louis,Rosier,795,1955,9,0.0,Louis Rosier
579,Juan,Fangio,796,1955,1,8.0,Juan Fangio
475,Stirling,Moss,796,1955,2,6.0,Stirling Moss
577,Luigi,Musso,796,1955,3,4.0,Luigi Musso
643,Roberto,Mieres,796,1955,4,4.0,Roberto Mieres
608,Eugenio,Castellotti,796,1955,5,2.0,Eugenio Castellotti
554,Jean,Behra,796,1955,6,0.0,Jean Behra
578,Mike,Hawthorn,796,1955,7,0.0,Mike Hawthorn
624,Hernando,da Silva Ramos,796,1955,8,0.0,Hernando da Silva Ramos
627,Louis,Rosier,796,1955,9,0.0,Louis Rosier
650,Jacques,Pollet,796,1955,10,0.0,Jacques Pollet
660,Johnny,Claes,796,1955,11,0.0,Johnny Claes
475,Stirling,Moss,797,1955,1,9.0,Stirling Moss
579,Juan,Fangio,797,1955,2,6.0,Juan Fangio
648,Karl,Kling,797,1955,3,4.0,Karl Kling
641,Piero,Taruffi,797,1955,4,3.0,Piero Taruffi
577,Luigi,Musso,797,1955,5,2.0,Luigi Musso
578,Mike,Hawthorn,797,1955,6,0.0,Mike Hawthorn
662,Mike,Sparken,797,1955,7,0.0,Mike Sparken
651,Lance,Macklin,797,1955,8,0.0,Lance Macklin
663,Ken,Wharton,797,1955,9,0.0,Ken Wharton
579,Juan,Fangio,798,1955,1,8.0,Juan Fangio
641,Piero,Taruffi,798,1955,2,6.0,Piero Taruffi
608,Eugenio,Castellotti,798,1955,3,4.0,Eugenio Castellotti
554,Jean,Behra,798,1955,4,3.0,Jean Behra
496,Carlos,Menditeguy,798,1955,5,2.0,Carlos Menditeguy
620,Umberto,Maglioli,798,1955,6,0.0,Umberto Maglioli
643,Roberto,Mieres,798,1955,7,0.0,Roberto Mieres
427,Maurice,Trintignant,798,1955,8,0.0,Maurice Trintignant
667,John,Fitch,798,1955,9,0.0,John Fitch
578,Mike,Hawthorn,798,1955,10,0.0,Mike Hawthorn
579,Juan,Fangio,799,1954,1,8.0,Juan Fangio
642,Nino,Farina,799,1954,2,6.0,Nino Farina
498,José Froilán,González,799,1954,3,5.0,José Froilán González
427,Maurice,Trintignant,799,1954,4,3.0,Maurice Trintignant
625,Élie,Bayol,799,1954,5,2.0,Élie Bayol
501,Harry,Schell,799,1954,6,0.0,Harry Schell
669,Prince,Bira,799,1954,7,0.0,Prince Bira
640,Toulo,de Graffenried,799,1954,8,0.0,Toulo de Graffenried
620,Umberto,Maglioli,799,1954,9,0.0,Umberto Maglioli
657,Bill,Vukovich,800,1954,1,8.0,Bill Vukovich
525,Jimmy,Bryan,800,1954,2,6.0,Jimmy Bryan
658,Jack,McGrath,800,1954,3,5.0,Jack McGrath
526,Troy,Ruttman,800,1954,4,1.5,Troy Ruttman
673,Mike,Nazaruk,800,1954,5,2.0,Mike Nazaruk
615,Fred,Agabashian,800,1954,6,0.0,Fred Agabashian
528,Don,Freeland,800,1954,7,0.0,Don Freeland
555,Paul,Russo,800,1954,8,0.0,Paul Russo
674,Larry,Crockett,800,1954,9,0.0,Larry Crockett
655,Cal,Niday,800,1954,10,0.0,Cal Niday
656,Art,Cross,800,1954,11,0.0,Art Cross
521,Chuck,Stevenson,800,1954,12,0.0,Chuck Stevenson
675,Manny,Ayulo,800,1954,13,0.0,Manny Ayulo
628,Bob,Sweikert,800,1954,14,0.0,Bob Sweikert
518,Duane,Carter,800,1954,15,0.0,Duane Carter
679,Ernie,McCoy,800,1954,16,0.0,Ernie McCoy
592,Jimmy,Reece,800,1954,17,0.0,Jimmy Reece
596,Ed,Elisian,800,1954,18,0.0,Ed Elisian
676,Frank,Armi,800,1954,19,0.0,Frank Armi
520,Gene,Hartley,800,1954,23,0.0,Gene Hartley
579,Juan,Fangio,801,1954,1,9.0,Juan Fangio
427,Maurice,Trintignant,801,1954,2,6.0,Maurice Trintignant
475,Stirling,Moss,801,1954,3,4.0,Stirling Moss
498,José Froilán,González,801,1954,4,1.5,José Froilán González
429,André,Pilette,801,1954,5,2.0,André Pilette
669,Prince,Bira,801,1954,6,0.0,Prince Bira
644,Sergio,Mantovani,801,1954,7,0.0,Sergio Mantovani
579,Juan,Fangio,802,1954,1,8.0,Juan Fangio
648,Karl,Kling,802,1954,2,6.0,Karl Kling
626,Robert,Manzon,802,1954,3,4.0,Robert Manzon
669,Prince,Bira,802,1954,4,3.0,Prince Bira
633,Luigi,Villoresi,802,1954,5,2.0,Luigi Villoresi
554,Jean,Behra,802,1954,6,0.0,Jean Behra
498,José Froilán,González,803,1954,1,8.14,José Froilán González
578,Mike,Hawthorn,803,1954,2,6.14,Mike Hawthorn
670,Onofre,Marimón,803,1954,3,4.14,Onofre Marimón
579,Juan,Fangio,803,1954,4,3.14,Juan Fangio
427,Maurice,Trintignant,803,1954,5,2.0,Maurice Trintignant
643,Roberto,Mieres,803,1954,6,0.0,Roberto Mieres
648,Karl,Kling,803,1954,7,0.0,Karl Kling
663,Ken,Wharton,803,1954,8,0.0,Ken Wharton
429,André,Pilette,803,1954,9,0.0,André Pilette
619,Bob,Gerard,803,1954,10,0.0,Bob Gerard
682,Don,Beauman,803,1954,11,0.0,Don Beauman
501,Harry,Schell,803,1954,12,0.0,Harry Schell
665,Leslie,Marr,803,1954,13,0.0,Leslie Marr
683,Leslie,Thorne,803,1954,14,0.0,Leslie Thorne
547,Horace,Gould,803,1954,15,0.0,Horace Gould
579,Juan,Fangio,804,1954,1,8.0,Juan Fangio
498,José Froilán,González,804,1954,2,3.0,José Froilán González
427,Maurice,Trintignant,804,1954,3,4.0,Maurice Trintignant
648,Karl,Kling,804,1954,4,4.0,Karl Kling
644,Sergio,Mantovani,804,1954,5,2.0,Sergio Mantovani
641,Piero,Taruffi,804,1954,6,0.0,Piero Taruffi
501,Harry,Schell,804,1954,7,0.0,Harry Schell
627,Louis,Rosier,804,1954,8,0.0,Louis Rosier
626,Robert,Manzon,804,1954,9,0.0,Robert Manzon
554,Jean,Behra,804,1954,10,0.0,Jean Behra
579,Juan,Fangio,805,1954,1,9.0,Juan Fangio
498,José Froilán,González,805,1954,2,6.0,José Froilán González
478,Hans,Herrmann,805,1954,3,4.0,Hans Herrmann
643,Roberto,Mieres,805,1954,4,3.0,Roberto Mieres
644,Sergio,Mantovani,805,1954,5,2.0,Sergio Mantovani
663,Ken,Wharton,805,1954,6,0.0,Ken Wharton
620,Umberto,Maglioli,805,1954,7,0.0,Umberto Maglioli
680,Jacques,Swaters,805,1954,8,0.0,Jacques Swaters
579,Juan,Fangio,806,1954,1,8.0,Juan Fangio
578,Mike,Hawthorn,806,1954,2,6.0,Mike Hawthorn
620,Umberto,Maglioli,806,1954,3,2.0,Umberto Maglioli
478,Hans,Herrmann,806,1954,4,3.0,Hans Herrmann
427,Maurice,Trintignant,806,1954,5,2.0,Maurice Trintignant
693,Fred,Wacker,806,1954,6,0.0,Fred Wacker
581,Peter,Collins,806,1954,7,0.0,Peter Collins
627,Louis,Rosier,806,1954,8,0.0,Louis Rosier
644,Sergio,Mantovani,806,1954,9,0.0,Sergio Mantovani
475,Stirling,Moss,806,1954,10,0.0,Stirling Moss
672,Jorge,Daponte,806,1954,11,0.0,Jorge Daponte
578,Mike,Hawthorn,807,1954,1,8.0,Mike Hawthorn
577,Luigi,Musso,807,1954,2,6.0,Luigi Musso
579,Juan,Fangio,807,1954,3,4.0,Juan Fangio
643,Roberto,Mieres,807,1954,4,3.0,Roberto Mieres
648,Karl,Kling,807,1954,5,2.0,Karl Kling
580,Paco,Godia,807,1954,6,0.0,Paco Godia
627,Louis,Rosier,807,1954,7,0.0,Louis Rosier
663,Ken,Wharton,807,1954,8,0.0,Ken Wharton
669,Prince,Bira,807,1954,9,0.0,Prince Bira
647,Alberto,Ascari,808,1953,1,9.0,Alberto Ascari
633,Luigi,Villoresi,808,1953,2,6.0,Luigi Villoresi
498,José Froilán,González,808,1953,3,4.0,José Froilán González
578,Mike,Hawthorn,808,1953,4,3.0,Mike Hawthorn
695,Oscar,Gálvez,808,1953,5,2.0,Oscar Gálvez
554,Jean,Behra,808,1953,6,0.0,Jean Behra
427,Maurice,Trintignant,808,1953,7,0.0,Maurice Trintignant
696,John,Barber,808,1953,8,0.0,John Barber
689,Alan,Brown,808,1953,9,0.0,Alan Brown
657,Bill,Vukovich,809,1953,1,9.0,Bill Vukovich
656,Art,Cross,809,1953,2,6.0,Art Cross
611,Sam,Hanks,809,1953,3,2.0,Sam Hanks
615,Fred,Agabashian,809,1953,4,1.5,Fred Agabashian
658,Jack,McGrath,809,1953,5,2.0,Jack McGrath
556,Jimmy,Daywalt,809,1953,6,0.0,Jimmy Daywalt
509,Jim,Rathmann,809,1953,7,0.0,Jim Rathmann
679,Ernie,McCoy,809,1953,8,0.0,Ernie McCoy
529,Tony,Bettenhausen,809,1953,9,0.0,Tony Bettenhausen
653,Jimmy,Davies,809,1953,10,0.0,Jimmy Davies
699,Duke,Nalon,809,1953,11,0.0,Duke Nalon
700,Carl,Scarborough,809,1953,12,0.0,Carl Scarborough
675,Manny,Ayulo,809,1953,13,0.0,Manny Ayulo
525,Jimmy,Bryan,809,1953,14,0.0,Jimmy Bryan
701,Bill,Holland,809,1953,15,0.0,Bill Holland
449,Rodger,Ward,809,1953,16,0.0,Rodger Ward
654,Walt,Faulkner,809,1953,17,0.0,Walt Faulkner
647,Alberto,Ascari,810,1953,1,8.0,Alberto Ascari
642,Nino,Farina,810,1953,2,6.0,Nino Farina
697,Felice,Bonetto,810,1953,3,2.0,Felice Bonetto
578,Mike,Hawthorn,810,1953,4,3.0,Mike Hawthorn
640,Toulo,de Graffenried,810,1953,5,2.0,Toulo de Graffenried
427,Maurice,Trintignant,810,1953,6,0.0,Maurice Trintignant
627,Louis,Rosier,810,1953,7,0.0,Louis Rosier
581,Peter,Collins,810,1953,8,0.0,Peter Collins
475,Stirling,Moss,810,1953,9,0.0,Stirling Moss
647,Alberto,Ascari,811,1953,1,8.0,Alberto Ascari
633,Luigi,Villoresi,811,1953,2,6.0,Luigi Villoresi
670,Onofre,Marimón,811,1953,3,4.0,Onofre Marimón
640,Toulo,de Graffenried,811,1953,4,3.0,Toulo de Graffenried
427,Maurice,Trintignant,811,1953,5,2.0,Maurice Trintignant
578,Mike,Hawthorn,811,1953,6,0.0,Mike Hawthorn
501,Harry,Schell,811,1953,7,0.0,Harry Schell
627,Louis,Rosier,811,1953,8,0.0,Louis Rosier
693,Fred,Wacker,811,1953,9,0.0,Fred Wacker
632,Paul,Frère,811,1953,10,0.0,Paul Frère
429,André,Pilette,811,1953,11,0.0,André Pilette
578,Mike,Hawthorn,812,1953,1,8.0,Mike Hawthorn
579,Juan,Fangio,812,1953,2,7.0,Juan Fangio
498,José Froilán,González,812,1953,3,4.0,José Froilán González
647,Alberto,Ascari,812,1953,4,3.0,Alberto Ascari
642,Nino,Farina,812,1953,5,2.0,Nino Farina
633,Luigi,Villoresi,812,1953,6,0.0,Luigi Villoresi
640,Toulo,de Graffenried,812,1953,7,0.0,Toulo de Graffenried
627,Louis,Rosier,812,1953,8,0.0,Louis Rosier
670,Onofre,Marimón,812,1953,9,0.0,Onofre Marimón
554,Jean,Behra,812,1953,10,0.0,Jean Behra
619,Bob,Gerard,812,1953,11,0.0,Bob Gerard
660,Johnny,Claes,812,1953,12,0.0,Johnny Claes
581,Peter,Collins,812,1953,13,0.0,Peter Collins
704,Yves,Cabantous,812,1953,14,0.0,Yves Cabantous
589,Louis,Chiron,812,1953,15,0.0,Louis Chiron
647,Alberto,Ascari,813,1953,1,8.5,Alberto Ascari
579,Juan,Fangio,813,1953,2,6.0,Juan Fangio
642,Nino,Farina,813,1953,3,4.0,Nino Farina
498,José Froilán,González,813,1953,4,3.5,José Froilán González
578,Mike,Hawthorn,813,1953,5,2.0,Mike Hawthorn
697,Felice,Bonetto,813,1953,6,0.0,Felice Bonetto
669,Prince,Bira,813,1953,7,0.0,Prince Bira
663,Ken,Wharton,813,1953,8,0.0,Ken Wharton
687,Peter,Whitehead,813,1953,9,0.0,Peter Whitehead
627,Louis,Rosier,813,1953,10,0.0,Louis Rosier
642,Nino,Farina,814,1953,1,8.0,Nino Farina
579,Juan,Fangio,814,1953,2,6.0,Juan Fangio
578,Mike,Hawthorn,814,1953,3,4.0,Mike Hawthorn
697,Felice,Bonetto,814,1953,4,3.0,Felice Bonetto
640,Toulo,de Graffenried,814,1953,5,2.0,Toulo de Graffenried
475,Stirling,Moss,814,1953,6,0.0,Stirling Moss
680,Jacques,Swaters,814,1953,7,0.0,Jacques Swaters
647,Alberto,Ascari,814,1953,8,0.0,Alberto Ascari
478,Hans,Herrmann,814,1953,9,0.0,Hans Herrmann
627,Louis,Rosier,814,1953,10,0.0,Louis Rosier
690,Rodney,Nuckey,814,1953,11,0.0,Rodney Nuckey
692,Theo,Helfrich,814,1953,12,0.0,Theo Helfrich
664,Kenneth,McAlpine,814,1953,13,0.0,Kenneth McAlpine
710,Rudolf,Krause,814,1953,14,0.0,Rudolf Krause
709,Ernst,Klodwig,814,1953,15,0.0,Ernst Klodwig
455,Wolfgang,Seidel,814,1953,16,0.0,Wolfgang Seidel
647,Alberto,Ascari,815,1953,1,9.0,Alberto Ascari
642,Nino,Farina,815,1953,2,6.0,Nino Farina
578,Mike,Hawthorn,815,1953,3,4.0,Mike Hawthorn
579,Juan,Fangio,815,1953,4,1.5,Juan Fangio
691,Hermann,Lang,815,1953,5,2.0,Hermann Lang
633,Luigi,Villoresi,815,1953,6,0.0,Luigi Villoresi
663,Ken,Wharton,815,1953,7,0.0,Ken Wharton
720,Max,de Terra,815,1953,8,0.0,Max de Terra
719,Albert,Scherrer,815,1953,9,0.0,Albert Scherrer
579,Juan,Fangio,816,1953,1,9.0,Juan Fangio
642,Nino,Farina,816,1953,2,6.0,Nino Farina
633,Luigi,Villoresi,816,1953,3,4.0,Luigi Villoresi
578,Mike,Hawthorn,816,1953,4,3.0,Mike Hawthorn
427,Maurice,Trintignant,816,1953,5,2.0,Maurice Trintignant
643,Roberto,Mieres,816,1953,6,0.0,Roberto Mieres
644,Sergio,Mantovani,816,1953,7,0.0,Sergio Mantovani
620,Umberto,Maglioli,816,1953,8,0.0,Umberto Maglioli
501,Harry,Schell,816,1953,9,0.0,Harry Schell
589,Louis,Chiron,816,1953,10,0.0,Louis Chiron
669,Prince,Bira,816,1953,11,0.0,Prince Bira
689,Alan,Brown,816,1953,12,0.0,Alan Brown
475,Stirling,Moss,816,1953,13,0.0,Stirling Moss
717,Hans,von Stuck,816,1953,14,0.0,Hans von Stuck
704,Yves,Cabantous,816,1953,15,0.0,Yves Cabantous
627,Louis,Rosier,816,1953,16,0.0,Louis Rosier
641,Piero,Taruffi,817,1952,1,9.0,Piero Taruffi
723,Rudi,Fischer,817,1952,2,6.0,Rudi Fischer
554,Jean,Behra,817,1952,3,4.0,Jean Behra
663,Ken,Wharton,817,1952,4,3.0,Ken Wharton
689,Alan,Brown,817,1952,5,2.0,Alan Brown
640,Toulo,de Graffenried,817,1952,6,0.0,Toulo de Graffenried
721,Peter,Hirt,817,1952,7,0.0,Peter Hirt
688,Eric,Brandon,817,1952,8,0.0,Eric Brandon
526,Troy,Ruttman,818,1952,1,8.0,Troy Ruttman
509,Jim,Rathmann,818,1952,2,6.0,Jim Rathmann
611,Sam,Hanks,818,1952,3,4.0,Sam Hanks
518,Duane,Carter,818,1952,4,3.0,Duane Carter
656,Art,Cross,818,1952,5,2.0,Art Cross
525,Jimmy,Bryan,818,1952,6,0.0,Jimmy Bryan
592,Jimmy,Reece,818,1952,7,0.0,Jimmy Reece
726,George,Connor,818,1952,8,0.0,George Connor
629,Cliff,Griffith,818,1952,9,0.0,Cliff Griffith
593,Johnnie,Parsons,818,1952,10,0.0,Johnnie Parsons
658,Jack,McGrath,818,1952,11,0.0,Jack McGrath
727,Jim,Rigsby,818,1952,12,0.0,Jim Rigsby
728,Joe,James,818,1952,13,0.0,Joe James
729,Bill,Schindler,818,1952,14,0.0,Bill Schindler
730,George,Fonder,818,1952,15,0.0,George Fonder
513,Eddie,Johnson,818,1952,16,0.0,Eddie Johnson
657,Bill,Vukovich,818,1952,17,1.0,Bill Vukovich
521,Chuck,Stevenson,818,1952,18,0.0,Chuck Stevenson
731,Henry,Banks,818,1952,19,0.0,Henry Banks
675,Manny,Ayulo,818,1952,20,0.0,Manny Ayulo
732,Johnny,McDowell,818,1952,21,0.0,Johnny McDowell
647,Alberto,Ascari,819,1952,1,9.0,Alberto Ascari
642,Nino,Farina,819,1952,2,6.0,Nino Farina
626,Robert,Manzon,819,1952,3,4.0,Robert Manzon
578,Mike,Hawthorn,819,1952,4,3.0,Mike Hawthorn
632,Paul,Frère,819,1952,5,2.0,Paul Frère
689,Alan,Brown,819,1952,6,0.0,Alan Brown
735,Charles,de Tornaco,819,1952,7,0.0,Charles de Tornaco
660,Johnny,Claes,819,1952,8,0.0,Johnny Claes
688,Eric,Brandon,819,1952,9,0.0,Eric Brandon
669,Prince,Bira,819,1952,10,0.0,Prince Bira
651,Lance,Macklin,819,1952,11,0.0,Lance Macklin
736,Roger,Laurent,819,1952,12,0.0,Roger Laurent
703,Arthur,Legat,819,1952,13,0.0,Arthur Legat
737,Robert,O'Brien,819,1952,14,0.0,Robert O'Brien
738,Tony,Gaze,819,1952,15,0.0,Tony Gaze
647,Alberto,Ascari,820,1952,1,9.0,Alberto Ascari
642,Nino,Farina,820,1952,2,6.0,Nino Farina
641,Piero,Taruffi,820,1952,3,4.0,Piero Taruffi
626,Robert,Manzon,820,1952,4,3.0,Robert Manzon
427,Maurice,Trintignant,820,1952,5,2.0,Maurice Trintignant
581,Peter,Collins,820,1952,6,0.0,Peter Collins
554,Jean,Behra,820,1952,7,0.0,Jean Behra
741,Philippe,Étancelin,820,1952,8,0.0,Philippe Étancelin
651,Lance,Macklin,820,1952,9,0.0,Lance Macklin
704,Yves,Cabantous,820,1952,10,0.0,Yves Cabantous
723,Rudi,Fischer,820,1952,11,0.0,Rudi Fischer
740,Franco,Comotti,820,1952,12,0.0,Franco Comotti
647,Alberto,Ascari,821,1952,1,9.0,Alberto Ascari
641,Piero,Taruffi,821,1952,2,6.0,Piero Taruffi
578,Mike,Hawthorn,821,1952,3,4.0,Mike Hawthorn
742,Dennis,Poore,821,1952,4,3.0,Dennis Poore
743,Eric,Thompson,821,1952,5,2.0,Eric Thompson
642,Nino,Farina,821,1952,6,0.0,Nino Farina
686,Reg,Parnell,821,1952,7,0.0,Reg Parnell
456,Roy,Salvadori,821,1952,8,0.0,Roy Salvadori
744,Ken,Downing,821,1952,9,0.0,Ken Downing
687,Peter,Whitehead,821,1952,10,0.0,Peter Whitehead
669,Prince,Bira,821,1952,11,0.0,Prince Bira
745,Graham,Whitehead,821,1952,12,0.0,Graham Whitehead
723,Rudi,Fischer,821,1952,13,0.0,Rudi Fischer
660,Johnny,Claes,821,1952,14,0.0,Johnny Claes
651,Lance,Macklin,821,1952,15,0.0,Lance Macklin
664,Kenneth,McAlpine,821,1952,16,0.0,Kenneth McAlpine
501,Harry,Schell,821,1952,17,0.0,Harry Schell
746,Gino,Bianco,821,1952,18,0.0,Gino Bianco
640,Toulo,de Graffenried,821,1952,19,0.0,Toulo de Graffenried
688,Eric,Brandon,821,1952,20,0.0,Eric Brandon
705,Tony,Crook,821,1952,21,0.0,Tony Crook
689,Alan,Brown,821,1952,22,0.0,Alan Brown
647,Alberto,Ascari,822,1952,1,9.0,Alberto Ascari
642,Nino,Farina,822,1952,2,6.0,Nino Farina
723,Rudi,Fischer,822,1952,3,4.0,Rudi Fischer
641,Piero,Taruffi,822,1952,4,3.0,Piero Taruffi
554,Jean,Behra,822,1952,5,2.0,Jean Behra
736,Roger,Laurent,822,1952,6,0.0,Roger Laurent
751,Fritz,Riess,822,1952,7,0.0,Fritz Riess
724,Toni,Ulmen,822,1952,8,0.0,Toni Ulmen
752,Helmut,Niedermayr,822,1952,9,0.0,Helmut Niedermayr
660,Johnny,Claes,822,1952,10,0.0,Johnny Claes
753,Hans,Klenk,822,1952,11,0.0,Hans Klenk
709,Ernst,Klodwig,822,1952,12,0.0,Ernst Klodwig
647,Alberto,Ascari,823,1952,1,9.0,Alberto Ascari
642,Nino,Farina,823,1952,2,6.0,Nino Farina
633,Luigi,Villoresi,823,1952,3,4.0,Luigi Villoresi
578,Mike,Hawthorn,823,1952,4,3.0,Mike Hawthorn
626,Robert,Manzon,823,1952,5,2.0,Robert Manzon
427,Maurice,Trintignant,823,1952,6,0.0,Maurice Trintignant
708,Duncan,Hamilton,823,1952,7,0.0,Duncan Hamilton
651,Lance,Macklin,823,1952,8,0.0,Lance Macklin
622,Chico,Landi,823,1952,9,0.0,Chico Landi
647,Alberto,Ascari,824,1952,1,8.5,Alberto Ascari
498,José Froilán,González,824,1952,2,6.5,José Froilán González
633,Luigi,Villoresi,824,1952,3,4.0,Luigi Villoresi
642,Nino,Farina,824,1952,4,3.0,Nino Farina
697,Felice,Bonetto,824,1952,5,2.0,Felice Bonetto
609,André,Simon,824,1952,6,0.0,André Simon
641,Piero,Taruffi,824,1952,7,0.0,Piero Taruffi
622,Chico,Landi,824,1952,8,0.0,Chico Landi
663,Ken,Wharton,824,1952,9,0.0,Ken Wharton
627,Louis,Rosier,824,1952,10,0.0,Louis Rosier
748,Eitel,Cantoni,824,1952,11,0.0,Eitel Cantoni
742,Dennis,Poore,824,1952,12,0.0,Dennis Poore
688,Eric,Brandon,824,1952,13,0.0,Eric Brandon
626,Robert,Manzon,824,1952,14,0.0,Robert Manzon
689,Alan,Brown,824,1952,15,0.0,Alan Brown
579,Juan,Fangio,825,1951,1,9.0,Juan Fangio
641,Piero,Taruffi,825,1951,2,6.0,Piero Taruffi
642,Nino,Farina,825,1951,3,4.0,Nino Farina
763,Consalvo,Sanesi,825,1951,4,3.0,Consalvo Sanesi
640,Toulo,de Graffenried,825,1951,5,2.0,Toulo de Graffenried
647,Alberto,Ascari,825,1951,6,0.0,Alberto Ascari
589,Louis,Chiron,825,1951,7,0.0,Louis Chiron
475,Stirling,Moss,825,1951,8,0.0,Stirling Moss
627,Louis,Rosier,825,1951,9,0.0,Louis Rosier
741,Philippe,Étancelin,825,1951,10,0.0,Philippe Étancelin
723,Rudi,Fischer,825,1951,11,0.0,Rudi Fischer
501,Harry,Schell,825,1951,12,0.0,Harry Schell
660,Johnny,Claes,825,1951,13,0.0,Johnny Claes
764,Guy,Mairesse,825,1951,14,0.0,Guy Mairesse
766,Lee,Wallard,826,1951,1,9.0,Lee Wallard
673,Mike,Nazaruk,826,1951,2,6.0,Mike Nazaruk
658,Jack,McGrath,826,1951,3,2.0,Jack McGrath
612,Andy,Linden,826,1951,4,3.0,Andy Linden
734,Bobby,Ball,826,1951,5,2.0,Bobby Ball
731,Henry,Banks,826,1951,6,0.0,Henry Banks
767,Carl,Forberg,826,1951,7,0.0,Carl Forberg
518,Duane,Carter,826,1951,8,0.0,Duane Carter
642,Nino,Farina,827,1951,1,8.0,Nino Farina
647,Alberto,Ascari,827,1951,2,6.0,Alberto Ascari
633,Luigi,Villoresi,827,1951,3,4.0,Luigi Villoresi
627,Louis,Rosier,827,1951,4,3.0,Louis Rosier
704,Yves,Cabantous,827,1951,5,2.0,Yves Cabantous
429,André,Pilette,827,1951,6,0.0,André Pilette
660,Johnny,Claes,827,1951,7,0.0,Johnny Claes
773,Pierre,Levegh,827,1951,8,0.0,Pierre Levegh
579,Juan,Fangio,827,1951,9,1.0,Juan Fangio
786,Luigi,Fagioli,828,1951,1,4.0,Luigi Fagioli
647,Alberto,Ascari,828,1951,2,3.0,Alberto Ascari
633,Luigi,Villoresi,828,1951,3,4.0,Luigi Villoresi
686,Reg,Parnell,828,1951,4,3.0,Reg Parnell
642,Nino,Farina,828,1951,5,2.0,Nino Farina
589,Louis,Chiron,828,1951,6,0.0,Louis Chiron
704,Yves,Cabantous,828,1951,7,0.0,Yves Cabantous
774,Eugène,Chaboud,828,1951,8,0.0,Eugène Chaboud
764,Guy,Mairesse,828,1951,9,0.0,Guy Mairesse
763,Consalvo,Sanesi,828,1951,10,0.0,Consalvo Sanesi
579,Juan,Fangio,828,1951,11,0.0,Juan Fangio
498,José Froilán,González,829,1951,1,8.0,José Froilán González
579,Juan,Fangio,829,1951,2,6.0,Juan Fangio
633,Luigi,Villoresi,829,1951,3,4.0,Luigi Villoresi
697,Felice,Bonetto,829,1951,4,3.0,Felice Bonetto
686,Reg,Parnell,829,1951,5,2.0,Reg Parnell
763,Consalvo,Sanesi,829,1951,6,0.0,Consalvo Sanesi
661,Peter,Walker,829,1951,7,0.0,Peter Walker
778,Brian,Shawe Taylor,829,1951,8,0.0,Brian Shawe Taylor
687,Peter,Whitehead,829,1951,9,0.0,Peter Whitehead
627,Louis,Rosier,829,1951,10,0.0,Louis Rosier
619,Bob,Gerard,829,1951,11,0.0,Bob Gerard
708,Duncan,Hamilton,829,1951,12,0.0,Duncan Hamilton
660,Johnny,Claes,829,1951,13,0.0,Johnny Claes
647,Alberto,Ascari,830,1951,1,8.0,Alberto Ascari
579,Juan,Fangio,830,1951,2,7.0,Juan Fangio
498,José Froilán,González,830,1951,3,4.0,José Froilán González
633,Luigi,Villoresi,830,1951,4,3.0,Luigi Villoresi
641,Piero,Taruffi,830,1951,5,2.0,Piero Taruffi
723,Rudi,Fischer,830,1951,6,0.0,Rudi Fischer
626,Robert,Manzon,830,1951,7,0.0,Robert Manzon
627,Louis,Rosier,830,1951,8,0.0,Louis Rosier
773,Pierre,Levegh,830,1951,9,0.0,Pierre Levegh
680,Jacques,Swaters,830,1951,10,0.0,Jacques Swaters
660,Johnny,Claes,830,1951,11,0.0,Johnny Claes
647,Alberto,Ascari,831,1951,1,8.0,Alberto Ascari
498,José Froilán,González,831,1951,2,6.0,José Froilán González
697,Felice,Bonetto,831,1951,3,2.0,Felice Bonetto
633,Luigi,Villoresi,831,1951,4,3.0,Luigi Villoresi
641,Piero,Taruffi,831,1951,5,2.0,Piero Taruffi
609,André,Simon,831,1951,6,0.0,André Simon
627,Louis,Rosier,831,1951,7,0.0,Louis Rosier
704,Yves,Cabantous,831,1951,8,0.0,Yves Cabantous
762,Franco,Rol,831,1951,9,0.0,Franco Rol
579,Juan,Fangio,832,1951,1,9.0,Juan Fangio
498,José Froilán,González,832,1951,2,6.0,José Froilán González
642,Nino,Farina,832,1951,3,4.0,Nino Farina
647,Alberto,Ascari,832,1951,4,3.0,Alberto Ascari
697,Felice,Bonetto,832,1951,5,2.0,Felice Bonetto
640,Toulo,de Graffenried,832,1951,6,0.0,Toulo de Graffenried
627,Louis,Rosier,832,1951,7,0.0,Louis Rosier
741,Philippe,Étancelin,832,1951,8,0.0,Philippe Étancelin
626,Robert,Manzon,832,1951,9,0.0,Robert Manzon
580,Paco,Godia,832,1951,10,0.0,Paco Godia
642,Nino,Farina,833,1950,1,9.0,Nino Farina
786,Luigi,Fagioli,833,1950,2,6.0,Luigi Fagioli
686,Reg,Parnell,833,1950,3,4.0,Reg Parnell
704,Yves,Cabantous,833,1950,4,3.0,Yves Cabantous
627,Louis,Rosier,833,1950,5,2.0,Louis Rosier
619,Bob,Gerard,833,1950,6,0.0,Bob Gerard
787,Cuth,Harrison,833,1950,7,0.0,Cuth Harrison
741,Philippe,Étancelin,833,1950,8,0.0,Philippe Étancelin
784,David,Hampshire,833,1950,9,0.0,David Hampshire
778,Brian,Shawe Taylor,833,1950,10,0.0,Brian Shawe Taylor
660,Johnny,Claes,833,1950,11,0.0,Johnny Claes
579,Juan,Fangio,834,1950,1,9.0,Juan Fangio
647,Alberto,Ascari,834,1950,2,6.0,Alberto Ascari
589,Louis,Chiron,834,1950,3,4.0,Louis Chiron
793,Raymond,Sommer,834,1950,4,3.0,Raymond Sommer
669,Prince,Bira,834,1950,5,2.0,Prince Bira
619,Bob,Gerard,834,1950,6,0.0,Bob Gerard
660,Johnny,Claes,834,1950,7,0.0,Johnny Claes
593,Johnnie,Parsons,835,1950,1,9.0,Johnnie Parsons
701,Bill,Holland,835,1950,2,6.0,Bill Holland
768,Mauri,Rose,835,1950,3,4.0,Mauri Rose
770,Cecil,Green,835,1950,4,3.0,Cecil Green
794,Joie,Chitwood,835,1950,5,1.0,Joie Chitwood
766,Lee,Wallard,835,1950,6,0.0,Lee Wallard
654,Walt,Faulkner,835,1950,7,0.0,Walt Faulkner
726,George,Connor,835,1950,8,0.0,George Connor
555,Paul,Russo,835,1950,9,0.0,Paul Russo
559,Pat,Flaherty,835,1950,10,0.0,Pat Flaherty
795,Myron,Fohr,835,1950,11,0.0,Myron Fohr
518,Duane,Carter,835,1950,12,0.0,Duane Carter
772,Mack,Hellings,835,1950,13,0.0,Mack Hellings
658,Jack,McGrath,835,1950,14,0.0,Jack McGrath
526,Troy,Ruttman,835,1950,15,0.0,Troy Ruttman
520,Gene,Hartley,835,1950,16,0.0,Gene Hartley
653,Jimmy,Davies,835,1950,17,0.0,Jimmy Davies
732,Johnny,McDowell,835,1950,18,0.0,Johnny McDowell
771,Walt,Brown,835,1950,19,0.0,Walt Brown
677,Travis,Webb,835,1950,20,0.0,Travis Webb
659,Jerry,Hoyt,835,1950,21,0.0,Jerry Hoyt
796,Walt,Ader,835,1950,22,0.0,Walt Ader
797,Jackie,Holmes,835,1950,23,0.0,Jackie Holmes
509,Jim,Rathmann,835,1950,24,0.0,Jim Rathmann
642,Nino,Farina,836,1950,1,9.0,Nino Farina
786,Luigi,Fagioli,836,1950,2,6.0,Luigi Fagioli
627,Louis,Rosier,836,1950,3,4.0,Louis Rosier
669,Prince,Bira,836,1950,4,3.0,Prince Bira
697,Felice,Bonetto,836,1950,5,2.0,Felice Bonetto
640,Toulo,de Graffenried,836,1950,6,0.0,Toulo de Graffenried
800,Nello,Pagani,836,1950,7,0.0,Nello Pagani
501,Harry,Schell,836,1950,8,0.0,Harry Schell
589,Louis,Chiron,836,1950,9,0.0,Louis Chiron
660,Johnny,Claes,836,1950,10,0.0,Johnny Claes
780,Toni,Branca,836,1950,11,0.0,Toni Branca
579,Juan,Fangio,837,1950,1,8.0,Juan Fangio
786,Luigi,Fagioli,837,1950,2,6.0,Luigi Fagioli
627,Louis,Rosier,837,1950,3,4.0,Louis Rosier
642,Nino,Farina,837,1950,4,4.0,Nino Farina
647,Alberto,Ascari,837,1950,5,2.0,Alberto Ascari
633,Luigi,Villoresi,837,1950,6,0.0,Luigi Villoresi
773,Pierre,Levegh,837,1950,7,0.0,Pierre Levegh
660,Johnny,Claes,837,1950,8,0.0,Johnny Claes
785,Geoff,Crossley,837,1950,9,0.0,Geoff Crossley
780,Toni,Branca,837,1950,10,0.0,Toni Branca
579,Juan,Fangio,838,1950,1,9.0,Juan Fangio
786,Luigi,Fagioli,838,1950,2,6.0,Luigi Fagioli
687,Peter,Whitehead,838,1950,3,4.0,Peter Whitehead
626,Robert,Manzon,838,1950,4,3.0,Robert Manzon
741,Philippe,Étancelin,838,1950,5,1.0,Philippe Étancelin
801,Charles,Pozzi,838,1950,6,0.0,Charles Pozzi
642,Nino,Farina,838,1950,7,0.0,Nino Farina
704,Yves,Cabantous,838,1950,8,0.0,Yves Cabantous
642,Nino,Farina,839,1950,1,8.0,Nino Farina
802,Dorino,Serafini,839,1950,2,3.0,Dorino Serafini
786,Luigi,Fagioli,839,1950,3,4.0,Luigi Fagioli
627,Louis,Rosier,839,1950,4,3.0,Louis Rosier
741,Philippe,Étancelin,839,1950,5,2.0,Philippe Étancelin
640,Toulo,de Graffenried,839,1950,6,0.0,Toulo de Graffenried
687,Peter,Whitehead,839,1950,7,0.0,Peter Whitehead
788,Joe,Fry,833,1950,10,0.0,Joe Fry
529,Tony,Bettenhausen,835,1950,5,1.0,Tony Bettenhausen
774,Eugène,Chaboud,838,1950,5,1.0,Eugène Chaboud
627,Louis,Rosier,838,1950,6,0.0,Louis Rosier
647,Alberto,Ascari,839,1950,2,3.0,Alberto Ascari
675,Manny,Ayulo,826,1951,3,2.0,Manny Ayulo
579,Juan,Fangio,828,1951,1,5.0,Juan Fangio
498,José Froilán,González,828,1951,2,3.0,José Froilán González
786,Luigi,Fagioli,828,1951,11,0.0,Luigi Fagioli
642,Nino,Farina,831,1951,3,3.0,Nino Farina
721,Peter,Hirt,820,1952,11,0.0,Peter Hirt
759,Jan,Flinterman,823,1952,9,0.0,Jan Flinterman
501,Harry,Schell,808,1953,7,0.0,Harry Schell
518,Duane,Carter,809,1953,3,2.0,Duane Carter
555,Paul,Russo,809,1953,4,1.5,Paul Russo
513,Eddie,Johnson,809,1953,7,0.0,Eddie Johnson
521,Chuck,Stevenson,809,1953,9,0.0,Chuck Stevenson
520,Gene,Hartley,809,1953,9,0.0,Gene Hartley
702,Bob,Scott,809,1953,12,0.0,Bob Scott
509,Jim,Rathmann,809,1953,15,0.0,Jim Rathmann
612,Andy,Linden,809,1953,16,0.0,Andy Linden
630,Duke,Dinsmore,809,1953,16,0.0,Duke Dinsmore
804,Johnny,Mantz,809,1953,17,0.0,Johnny Mantz
498,José Froilán,González,810,1953,3,2.0,José Froilán González
633,Luigi,Villoresi,814,1953,8,0.0,Luigi Villoresi
697,Felice,Bonetto,815,1953,4,1.5,Felice Bonetto
577,Luigi,Musso,816,1953,7,0.0,Luigi Musso
518,Duane,Carter,800,1954,4,1.5,Duane Carter
659,Jerry,Hoyt,800,1954,8,0.0,Jerry Hoyt
593,Johnnie,Parsons,800,1954,11,0.0,Johnnie Parsons
611,Sam,Hanks,800,1954,11,0.0,Sam Hanks
612,Andy,Linden,800,1954,11,0.0,Andy Linden
653,Jimmy,Davies,800,1954,11,0.0,Jimmy Davies
654,Walt,Faulkner,800,1954,12,0.0,Walt Faulkner
613,Marshall,Teague,800,1954,15,0.0,Marshall Teague
799,Jimmy,Jackson,800,1954,15,0.0,Jimmy Jackson
529,Tony,Bettenhausen,800,1954,15,0.0,Tony Bettenhausen
702,Bob,Scott,800,1954,18,0.0,Bob Scott
730,George,Fonder,800,1954,19,0.0,George Fonder
578,Mike,Hawthorn,801,1954,4,1.5,Mike Hawthorn
578,Mike,Hawthorn,804,1954,2,3.0,Mike Hawthorn
498,José Froilán,González,806,1954,3,3.0,José Froilán González
642,Nino,Farina,792,1955,2,2.0,Nino Farina
427,Maurice,Trintignant,792,1955,2,2.0,Maurice Trintignant
427,Maurice,Trintignant,792,1955,3,1.33,Maurice Trintignant
620,Umberto,Maglioli,792,1955,3,1.33,Umberto Maglioli
648,Karl,Kling,792,1955,4,1.0,Karl Kling
475,Stirling,Moss,792,1955,4,1.0,Stirling Moss
554,Jean,Behra,792,1955,6,0.0,Jean Behra
644,Sergio,Mantovani,792,1955,7,0.0,Sergio Mantovani
501,Harry,Schell,792,1955,7,0.0,Harry Schell
607,Cesare,Perdisa,793,1955,3,2.0,Cesare Perdisa
632,Paul,Frère,793,1955,8,0.0,Paul Frère
555,Paul,Russo,794,1955,2,3.0,Paul Russo
519,Bill,Homeier,794,1955,5,1.0,Bill Homeier
554,Jean,Behra,795,1955,5,1.0,Jean Behra
608,Eugenio,Castellotti,797,1955,6,0.0,Eugenio Castellotti
501,Harry,Schell,797,1955,9,0.0,Harry Schell
579,Juan,Fangio,784,1956,1,5.0,Juan Fangio
583,Gerino,Gerini,784,1956,4,1.5,Gerino Gerini
806,Óscar,González,784,1956,6,0.0,Óscar González
579,Juan,Fangio,785,1956,2,4.0,Juan Fangio
608,Eugenio,Castellotti,785,1956,4,1.5,Eugenio Castellotti
429,André,Pilette,785,1956,6,0.0,André Pilette
475,Stirling,Moss,787,1956,3,3.0,Stirling Moss
475,Stirling,Moss,788,1956,5,1.0,Stirling Moss
501,Harry,Schell,788,1956,10,0.0,Harry Schell
581,Peter,Collins,789,1956,2,3.0,Peter Collins
606,Alfonso,de Portago,789,1956,10,0.0,Alfonso de Portago
579,Juan,Fangio,791,1956,2,3.0,Juan Fangio
608,Eugenio,Castellotti,791,1956,8,0.0,Eugenio Castellotti
498,José Froilán,González,776,1957,5,1.0,José Froilán González
581,Peter,Collins,776,1957,6,0.0,Peter Collins
476,Wolfgang,von Trips,776,1957,6,0.0,Wolfgang von Trips
356,Jack,Brabham,779,1957,7,0.0,Jack Brabham
475,Stirling,Moss,780,1957,1,5.0,Stirling Moss
581,Peter,Collins,780,1957,4,0.0,Peter Collins
501,Harry,Schell,783,1957,5,1.0,Harry Schell
638,Ottorino,Volonterio,783,1957,11,0.0,Ottorino Volonterio
566,Carroll,Shelby,774,1958,4,0.0,Carroll Shelby
475,Stirling,Moss,746,1960,3,0.0,Stirling Moss
373,Jim,Clark,728,1963,1,9.0,Jim Clark
364,Dan,Gurney,728,1963,2,6.0,Dan Gurney
289,Graham,Hill,728,1963,3,4.0,Graham Hill
360,Bruce,McLaren,728,1963,4,3.0,Bruce McLaren
385,Lorenzo,Bandini,728,1963,5,2.0,Lorenzo Bandini
347,Jo,Bonnier,728,1963,6,1.0,Jo Bonnier
408,Tony,Maggs,728,1963,7,0.0,Tony Maggs
401,Trevor,Taylor,728,1963,8,0.0,Trevor Taylor
340,John,Love,728,1963,9,0.0,John Love
430,Carel Godin,de Beaufort,728,1963,10,0.0,Carel Godin de Beaufort
411,Doug,Serrurier,728,1963,11,0.0,Doug Serrurier
409,Trevor,Blokdyk,728,1963,12,0.0,Trevor Blokdyk
356,Jack,Brabham,728,1963,13,0.0,Jack Brabham
412,Brausch,Niemann,728,1963,14,0.0,Brausch Niemann
4,Fernando,Alonso,337,2010,1,25.0,Fernando Alonso
13,Felipe,Massa,337,2010,2,18.0,Felipe Massa
1,Lewis,Hamilton,337,2010,3,15.0,Lewis Hamilton
20,Sebastian,Vettel,337,2010,4,12.0,Sebastian Vettel
3,Nico,Rosberg,337,2010,5,10.0,Nico Rosberg
30,Michael,Schumacher,337,2010,6,8.0,Michael Schumacher
18,Jenson,Button,337,2010,7,6.0,Jenson Button
17,Mark,Webber,337,2010,8,4.0,Mark Webber
24,Vitantonio,Liuzzi,337,2010,9,2.0,Vitantonio Liuzzi
22,Rubens,Barrichello,337,2010,10,1.0,Rubens Barrichello
9,Robert,Kubica,337,2010,11,0.0,Robert Kubica
16,Adrian,Sutil,337,2010,12,0.0,Adrian Sutil
153,Jaime,Alguersuari,337,2010,13,0.0,Jaime Alguersuari
807,Nico,Hülkenberg,337,2010,14,0.0,Nico Hülkenberg
5,Heikki,Kovalainen,337,2010,15,0.0,Heikki Kovalainen
67,Sébastien,Buemi,337,2010,16,0.0,Sébastien Buemi
15,Jarno,Trulli,337,2010,17,0.0,Jarno Trulli
18,Jenson,Button,338,2010,1,25.0,Jenson Button
9,Robert,Kubica,338,2010,2,18.0,Robert Kubica
13,Felipe,Massa,338,2010,3,15.0,Felipe Massa
4,Fernando,Alonso,338,2010,4,12.0,Fernando Alonso
3,Nico,Rosberg,338,2010,5,10.0,Nico Rosberg
1,Lewis,Hamilton,338,2010,6,8.0,Lewis Hamilton
24,Vitantonio,Liuzzi,338,2010,7,6.0,Vitantonio Liuzzi
22,Rubens,Barrichello,338,2010,8,4.0,Rubens Barrichello
17,Mark,Webber,338,2010,9,2.0,Mark Webber
30,Michael,Schumacher,338,2010,10,1.0,Michael Schumacher
153,Jaime,Alguersuari,338,2010,11,0.0,Jaime Alguersuari
37,Pedro,de la Rosa,338,2010,12,0.0,Pedro de la Rosa
5,Heikki,Kovalainen,338,2010,13,0.0,Heikki Kovalainen
812,Karun,Chandhok,338,2010,14,0.0,Karun Chandhok
20,Sebastian,Vettel,339,2010,1,25.0,Sebastian Vettel
17,Mark,Webber,339,2010,2,18.0,Mark Webber
3,Nico,Rosberg,339,2010,3,15.0,Nico Rosberg
9,Robert,Kubica,339,2010,4,12.0,Robert Kubica
16,Adrian,Sutil,339,2010,5,10.0,Adrian Sutil
1,Lewis,Hamilton,339,2010,6,8.0,Lewis Hamilton
13,Felipe,Massa,339,2010,7,6.0,Felipe Massa
18,Jenson,Button,339,2010,8,4.0,Jenson Button
153,Jaime,Alguersuari,339,2010,9,2.0,Jaime Alguersuari
807,Nico,Hülkenberg,339,2010,10,1.0,Nico Hülkenberg
67,Sébastien,Buemi,339,2010,11,0.0,Sébastien Buemi
22,Rubens,Barrichello,339,2010,12,0.0,Rubens Barrichello
4,Fernando,Alonso,339,2010,13,0.0,Fernando Alonso
810,Lucas,di Grassi,339,2010,14,0.0,Lucas di Grassi
812,Karun,Chandhok,339,2010,15,0.0,Karun Chandhok
811,Bruno,Senna,339,2010,16,0.0,Bruno Senna
15,Jarno,Trulli,339,2010,17,0.0,Jarno Trulli
18,Jenson,Button,340,2010,1,25.0,Jenson Button
1,Lewis,Hamilton,340,2010,2,18.0,Lewis Hamilton
3,Nico,Rosberg,340,2010,3,15.0,Nico Rosberg
4,Fernando,Alonso,340,2010,4,12.0,Fernando Alonso
9,Robert,Kubica,340,2010,5,10.0,Robert Kubica
20,Sebastian,Vettel,340,2010,6,8.0,Sebastian Vettel
808,Vitaly,Petrov,340,2010,7,6.0,Vitaly Petrov
17,Mark,Webber,340,2010,8,4.0,Mark Webber
13,Felipe,Massa,340,2010,9,2.0,Felipe Massa
30,Michael,Schumacher,340,2010,10,1.0,Michael Schumacher
16,Adrian,Sutil,340,2010,11,0.0,Adrian Sutil
22,Rubens,Barrichello,340,2010,12,0.0,Rubens Barrichello
153,Jaime,Alguersuari,340,2010,13,0.0,Jaime Alguersuari
5,Heikki,Kovalainen,340,2010,14,0.0,Heikki Kovalainen
807,Nico,Hülkenberg,340,2010,15,0.0,Nico Hülkenberg
811,Bruno,Senna,340,2010,16,0.0,Bruno Senna
812,Karun,Chandhok,340,2010,17,0.0,Karun Chandhok
17,Mark,Webber,341,2010,1,25.0,Mark Webber
4,Fernando,Alonso,341,2010,2,18.0,Fernando Alonso
20,Sebastian,Vettel,341,2010,3,15.0,Sebastian Vettel
30,Michael,Schumacher,341,2010,4,12.0,Michael Schumacher
18,Jenson,Button,341,2010,5,10.0,Jenson Button
13,Felipe,Massa,341,2010,6,8.0,Felipe Massa
16,Adrian,Sutil,341,2010,7,6.0,Adrian Sutil
9,Robert,Kubica,341,2010,8,4.0,Robert Kubica
22,Rubens,Barrichello,341,2010,9,2.0,Rubens Barrichello
153,Jaime,Alguersuari,341,2010,10,1.0,Jaime Alguersuari
808,Vitaly,Petrov,341,2010,11,0.0,Vitaly Petrov
155,Kamui,Kobayashi,341,2010,12,0.0,Kamui Kobayashi
3,Nico,Rosberg,341,2010,13,0.0,Nico Rosberg
1,Lewis,Hamilton,341,2010,14,0.0,Lewis Hamilton
24,Vitantonio,Liuzzi,341,2010,15,0.0,Vitantonio Liuzzi
807,Nico,Hülkenberg,341,2010,16,0.0,Nico Hülkenberg
15,Jarno,Trulli,341,2010,17,0.0,Jarno Trulli
10,Timo,Glock,341,2010,18,0.0,Timo Glock
810,Lucas,di Grassi,341,2010,19,0.0,Lucas di Grassi
17,Mark,Webber,342,2010,1,25.0,Mark Webber
20,Sebastian,Vettel,342,2010,2,18.0,Sebastian Vettel
9,Robert,Kubica,342,2010,3,15.0,Robert Kubica
13,Felipe,Massa,342,2010,4,12.0,Felipe Massa
1,Lewis,Hamilton,342,2010,5,10.0,Lewis Hamilton
4,Fernando,Alonso,342,2010,6,8.0,Fernando Alonso
3,Nico,Rosberg,342,2010,7,6.0,Nico Rosberg
16,Adrian,Sutil,342,2010,8,4.0,Adrian Sutil
24,Vitantonio,Liuzzi,342,2010,9,2.0,Vitantonio Liuzzi
67,Sébastien,Buemi,342,2010,10,1.0,Sébastien Buemi
153,Jaime,Alguersuari,342,2010,11,0.0,Jaime Alguersuari
30,Michael,Schumacher,342,2010,12,0.0,Michael Schumacher
808,Vitaly,Petrov,342,2010,13,0.0,Vitaly Petrov
812,Karun,Chandhok,342,2010,14,0.0,Karun Chandhok
15,Jarno,Trulli,342,2010,15,0.0,Jarno Trulli
1,Lewis,Hamilton,343,2010,1,25.0,Lewis Hamilton
18,Jenson,Button,343,2010,2,18.0,Jenson Button
17,Mark,Webber,343,2010,3,15.0,Mark Webber
30,Michael,Schumacher,343,2010,4,12.0,Michael Schumacher
3,Nico,Rosberg,343,2010,5,10.0,Nico Rosberg
9,Robert,Kubica,343,2010,6,8.0,Robert Kubica
13,Felipe,Massa,343,2010,7,6.0,Felipe Massa
4,Fernando,Alonso,343,2010,8,4.0,Fernando Alonso
16,Adrian,Sutil,343,2010,9,2.0,Adrian Sutil
155,Kamui,Kobayashi,343,2010,10,1.0,Kamui Kobayashi
37,Pedro,de la Rosa,343,2010,11,0.0,Pedro de la Rosa
153,Jaime,Alguersuari,343,2010,12,0.0,Jaime Alguersuari
24,Vitantonio,Liuzzi,343,2010,13,0.0,Vitantonio Liuzzi
22,Rubens,Barrichello,343,2010,14,0.0,Rubens Barrichello
808,Vitaly,Petrov,343,2010,15,0.0,Vitaly Petrov
67,Sébastien,Buemi,343,2010,16,0.0,Sébastien Buemi
807,Nico,Hülkenberg,343,2010,17,0.0,Nico Hülkenberg
10,Timo,Glock,343,2010,18,0.0,Timo Glock
810,Lucas,di Grassi,343,2010,19,0.0,Lucas di Grassi
812,Karun,Chandhok,343,2010,20,0.0,Karun Chandhok
1,Lewis,Hamilton,344,2010,1,25.0,Lewis Hamilton
18,Jenson,Button,344,2010,2,18.0,Jenson Button
4,Fernando,Alonso,344,2010,3,15.0,Fernando Alonso
20,Sebastian,Vettel,344,2010,4,12.0,Sebastian Vettel
17,Mark,Webber,344,2010,5,10.0,Mark Webber
3,Nico,Rosberg,344,2010,6,8.0,Nico Rosberg
9,Robert,Kubica,344,2010,7,6.0,Robert Kubica
67,Sébastien,Buemi,344,2010,8,4.0,Sébastien Buemi
24,Vitantonio,Liuzzi,344,2010,9,2.0,Vitantonio Liuzzi
16,Adrian,Sutil,344,2010,10,1.0,Adrian Sutil
30,Michael,Schumacher,344,2010,11,0.0,Michael Schumacher
153,Jaime,Alguersuari,344,2010,12,0.0,Jaime Alguersuari
807,Nico,Hülkenberg,344,2010,13,0.0,Nico Hülkenberg
22,Rubens,Barrichello,344,2010,14,0.0,Rubens Barrichello
13,Felipe,Massa,344,2010,15,0.0,Felipe Massa
5,Heikki,Kovalainen,344,2010,16,0.0,Heikki Kovalainen
808,Vitaly,Petrov,344,2010,17,0.0,Vitaly Petrov
812,Karun,Chandhok,344,2010,18,0.0,Karun Chandhok
810,Lucas,di Grassi,344,2010,19,0.0,Lucas di Grassi
20,Sebastian,Vettel,345,2010,1,25.0,Sebastian Vettel
1,Lewis,Hamilton,345,2010,2,18.0,Lewis Hamilton
18,Jenson,Button,345,2010,3,15.0,Jenson Button
22,Rubens,Barrichello,345,2010,4,12.0,Rubens Barrichello
9,Robert,Kubica,345,2010,5,10.0,Robert Kubica
16,Adrian,Sutil,345,2010,6,8.0,Adrian Sutil
155,Kamui,Kobayashi,345,2010,7,6.0,Kamui Kobayashi
4,Fernando,Alonso,345,2010,8,4.0,Fernando Alonso
67,Sébastien,Buemi,345,2010,9,2.0,Sébastien Buemi
3,Nico,Rosberg,345,2010,10,1.0,Nico Rosberg
13,Felipe,Massa,345,2010,11,0.0,Felipe Massa
37,Pedro,de la Rosa,345,2010,12,0.0,Pedro de la Rosa
153,Jaime,Alguersuari,345,2010,13,0.0,Jaime Alguersuari
808,Vitaly,Petrov,345,2010,14,0.0,Vitaly Petrov
30,Michael,Schumacher,345,2010,15,0.0,Michael Schumacher
24,Vitantonio,Liuzzi,345,2010,16,0.0,Vitantonio Liuzzi
810,Lucas,di Grassi,345,2010,17,0.0,Lucas di Grassi
812,Karun,Chandhok,345,2010,18,0.0,Karun Chandhok
10,Timo,Glock,345,2010,19,0.0,Timo Glock
811,Bruno,Senna,345,2010,20,0.0,Bruno Senna
15,Jarno,Trulli,345,2010,21,0.0,Jarno Trulli
17,Mark,Webber,346,2010,1,25.0,Mark Webber
1,Lewis,Hamilton,346,2010,2,18.0,Lewis Hamilton
3,Nico,Rosberg,346,2010,3,15.0,Nico Rosberg
18,Jenson,Button,346,2010,4,12.0,Jenson Button
22,Rubens,Barrichello,346,2010,5,10.0,Rubens Barrichello
155,Kamui,Kobayashi,346,2010,6,8.0,Kamui Kobayashi
20,Sebastian,Vettel,346,2010,7,6.0,Sebastian Vettel
16,Adrian,Sutil,346,2010,8,4.0,Adrian Sutil
30,Michael,Schumacher,346,2010,9,2.0,Michael Schumacher
807,Nico,Hülkenberg,346,2010,10,1.0,Nico Hülkenberg
24,Vitantonio,Liuzzi,346,2010,11,0.0,Vitantonio Liuzzi
67,Sébastien,Buemi,346,2010,12,0.0,Sébastien Buemi
808,Vitaly,Petrov,346,2010,13,0.0,Vitaly Petrov
4,Fernando,Alonso,346,2010,14,0.0,Fernando Alonso
13,Felipe,Massa,346,2010,15,0.0,Felipe Massa
15,Jarno,Trulli,346,2010,16,0.0,Jarno Trulli
5,Heikki,Kovalainen,346,2010,17,0.0,Heikki Kovalainen
10,Timo,Glock,346,2010,18,0.0,Timo Glock
812,Karun,Chandhok,346,2010,19,0.0,Karun Chandhok
29,Sakon,Yamamoto,346,2010,20,0.0,Sakon Yamamoto
4,Fernando,Alonso,347,2010,1,25.0,Fernando Alonso
13,Felipe,Massa,347,2010,2,18.0,Felipe Massa
20,Sebastian,Vettel,347,2010,3,15.0,Sebastian Vettel
1,Lewis,Hamilton,347,2010,4,12.0,Lewis Hamilton
18,Jenson,Button,347,2010,5,10.0,Jenson Button
17,Mark,Webber,347,2010,6,8.0,Mark Webber
9,Robert,Kubica,347,2010,7,6.0,Robert Kubica
3,Nico,Rosberg,347,2010,8,4.0,Nico Rosberg
30,Michael,Schumacher,347,2010,9,2.0,Michael Schumacher
808,Vitaly,Petrov,347,2010,10,1.0,Vitaly Petrov
155,Kamui,Kobayashi,347,2010,11,0.0,Kamui Kobayashi
22,Rubens,Barrichello,347,2010,12,0.0,Rubens Barrichello
807,Nico,Hülkenberg,347,2010,13,0.0,Nico Hülkenberg
37,Pedro,de la Rosa,347,2010,14,0.0,Pedro de la Rosa
153,Jaime,Alguersuari,347,2010,15,0.0,Jaime Alguersuari
24,Vitantonio,Liuzzi,347,2010,16,0.0,Vitantonio Liuzzi
16,Adrian,Sutil,347,2010,17,0.0,Adrian Sutil
10,Timo,Glock,347,2010,18,0.0,Timo Glock
811,Bruno,Senna,347,2010,19,0.0,Bruno Senna
17,Mark,Webber,348,2010,1,25.0,Mark Webber
4,Fernando,Alonso,348,2010,2,18.0,Fernando Alonso
20,Sebastian,Vettel,348,2010,3,15.0,Sebastian Vettel
13,Felipe,Massa,348,2010,4,12.0,Felipe Massa
808,Vitaly,Petrov,348,2010,5,10.0,Vitaly Petrov
807,Nico,Hülkenberg,348,2010,6,8.0,Nico Hülkenberg
37,Pedro,de la Rosa,348,2010,7,6.0,Pedro de la Rosa
18,Jenson,Button,348,2010,8,4.0,Jenson Button
155,Kamui,Kobayashi,348,2010,9,2.0,Kamui Kobayashi
22,Rubens,Barrichello,348,2010,10,1.0,Rubens Barrichello
30,Michael,Schumacher,348,2010,11,0.0,Michael Schumacher
67,Sébastien,Buemi,348,2010,12,0.0,Sébastien Buemi
24,Vitantonio,Liuzzi,348,2010,13,0.0,Vitantonio Liuzzi
5,Heikki,Kovalainen,348,2010,14,0.0,Heikki Kovalainen
15,Jarno,Trulli,348,2010,15,0.0,Jarno Trulli
10,Timo,Glock,348,2010,16,0.0,Timo Glock
811,Bruno,Senna,348,2010,17,0.0,Bruno Senna
810,Lucas,di Grassi,348,2010,18,0.0,Lucas di Grassi
29,Sakon,Yamamoto,348,2010,19,0.0,Sakon Yamamoto
1,Lewis,Hamilton,349,2010,1,25.0,Lewis Hamilton
17,Mark,Webber,349,2010,2,18.0,Mark Webber
9,Robert,Kubica,349,2010,3,15.0,Robert Kubica
13,Felipe,Massa,349,2010,4,12.0,Felipe Massa
16,Adrian,Sutil,349,2010,5,10.0,Adrian Sutil
3,Nico,Rosberg,349,2010,6,8.0,Nico Rosberg
30,Michael,Schumacher,349,2010,7,6.0,Michael Schumacher
155,Kamui,Kobayashi,349,2010,8,4.0,Kamui Kobayashi
808,Vitaly,Petrov,349,2010,9,2.0,Vitaly Petrov
24,Vitantonio,Liuzzi,349,2010,10,1.0,Vitantonio Liuzzi
37,Pedro,de la Rosa,349,2010,11,0.0,Pedro de la Rosa
67,Sébastien,Buemi,349,2010,12,0.0,Sébastien Buemi
153,Jaime,Alguersuari,349,2010,13,0.0,Jaime Alguersuari
807,Nico,Hülkenberg,349,2010,14,0.0,Nico Hülkenberg
20,Sebastian,Vettel,349,2010,15,0.0,Sebastian Vettel
5,Heikki,Kovalainen,349,2010,16,0.0,Heikki Kovalainen
810,Lucas,di Grassi,349,2010,17,0.0,Lucas di Grassi
10,Timo,Glock,349,2010,18,0.0,Timo Glock
15,Jarno,Trulli,349,2010,19,0.0,Jarno Trulli
29,Sakon,Yamamoto,349,2010,20,0.0,Sakon Yamamoto
4,Fernando,Alonso,350,2010,1,25.0,Fernando Alonso
18,Jenson,Button,350,2010,2,18.0,Jenson Button
13,Felipe,Massa,350,2010,3,15.0,Felipe Massa
20,Sebastian,Vettel,350,2010,4,12.0,Sebastian Vettel
3,Nico,Rosberg,350,2010,5,10.0,Nico Rosberg
17,Mark,Webber,350,2010,6,8.0,Mark Webber
807,Nico,Hülkenberg,350,2010,7,6.0,Nico Hülkenberg
9,Robert,Kubica,350,2010,8,4.0,Robert Kubica
30,Michael,Schumacher,350,2010,9,2.0,Michael Schumacher
22,Rubens,Barrichello,350,2010,10,1.0,Rubens Barrichello
67,Sébastien,Buemi,350,2010,11,0.0,Sébastien Buemi
24,Vitantonio,Liuzzi,350,2010,12,0.0,Vitantonio Liuzzi
808,Vitaly,Petrov,350,2010,13,0.0,Vitaly Petrov
37,Pedro,de la Rosa,350,2010,14,0.0,Pedro de la Rosa
153,Jaime,Alguersuari,350,2010,15,0.0,Jaime Alguersuari
16,Adrian,Sutil,350,2010,16,0.0,Adrian Sutil
10,Timo,Glock,350,2010,17,0.0,Timo Glock
5,Heikki,Kovalainen,350,2010,18,0.0,Heikki Kovalainen
29,Sakon,Yamamoto,350,2010,19,0.0,Sakon Yamamoto
810,Lucas,di Grassi,350,2010,20,0.0,Lucas di Grassi
4,Fernando,Alonso,351,2010,1,25.0,Fernando Alonso
20,Sebastian,Vettel,351,2010,2,18.0,Sebastian Vettel
17,Mark,Webber,351,2010,3,15.0,Mark Webber
18,Jenson,Button,351,2010,4,12.0,Jenson Button
3,Nico,Rosberg,351,2010,5,10.0,Nico Rosberg
22,Rubens,Barrichello,351,2010,6,8.0,Rubens Barrichello
9,Robert,Kubica,351,2010,7,6.0,Robert Kubica
13,Felipe,Massa,351,2010,8,4.0,Felipe Massa
16,Adrian,Sutil,351,2010,9,2.0,Adrian Sutil
807,Nico,Hülkenberg,351,2010,10,1.0,Nico Hülkenberg
808,Vitaly,Petrov,351,2010,11,0.0,Vitaly Petrov
153,Jaime,Alguersuari,351,2010,12,0.0,Jaime Alguersuari
30,Michael,Schumacher,351,2010,13,0.0,Michael Schumacher
67,Sébastien,Buemi,351,2010,14,0.0,Sébastien Buemi
810,Lucas,di Grassi,351,2010,15,0.0,Lucas di Grassi
5,Heikki,Kovalainen,351,2010,16,0.0,Heikki Kovalainen
20,Sebastian,Vettel,352,2010,1,25.0,Sebastian Vettel
17,Mark,Webber,352,2010,2,18.0,Mark Webber
4,Fernando,Alonso,352,2010,3,15.0,Fernando Alonso
18,Jenson,Button,352,2010,4,12.0,Jenson Button
1,Lewis,Hamilton,352,2010,5,10.0,Lewis Hamilton
30,Michael,Schumacher,352,2010,6,8.0,Michael Schumacher
155,Kamui,Kobayashi,352,2010,7,6.0,Kamui Kobayashi
2,Nick,Heidfeld,352,2010,8,4.0,Nick Heidfeld
22,Rubens,Barrichello,352,2010,9,2.0,Rubens Barrichello
67,Sébastien,Buemi,352,2010,10,1.0,Sébastien Buemi
153,Jaime,Alguersuari,352,2010,11,0.0,Jaime Alguersuari
5,Heikki,Kovalainen,352,2010,12,0.0,Heikki Kovalainen
15,Jarno,Trulli,352,2010,13,0.0,Jarno Trulli
10,Timo,Glock,352,2010,14,0.0,Timo Glock
811,Bruno,Senna,352,2010,15,0.0,Bruno Senna
29,Sakon,Yamamoto,352,2010,16,0.0,Sakon Yamamoto
4,Fernando,Alonso,353,2010,1,25.0,Fernando Alonso
1,Lewis,Hamilton,353,2010,2,18.0,Lewis Hamilton
13,Felipe,Massa,353,2010,3,15.0,Felipe Massa
30,Michael,Schumacher,353,2010,4,12.0,Michael Schumacher
9,Robert,Kubica,353,2010,5,10.0,Robert Kubica
24,Vitantonio,Liuzzi,353,2010,6,8.0,Vitantonio Liuzzi
22,Rubens,Barrichello,353,2010,7,6.0,Rubens Barrichello
155,Kamui,Kobayashi,353,2010,8,4.0,Kamui Kobayashi
2,Nick,Heidfeld,353,2010,9,2.0,Nick Heidfeld
807,Nico,Hülkenberg,353,2010,10,1.0,Nico Hülkenberg
153,Jaime,Alguersuari,353,2010,11,0.0,Jaime Alguersuari
18,Jenson,Button,353,2010,12,0.0,Jenson Button
5,Heikki,Kovalainen,353,2010,13,0.0,Heikki Kovalainen
811,Bruno,Senna,353,2010,14,0.0,Bruno Senna
29,Sakon,Yamamoto,353,2010,15,0.0,Sakon Yamamoto
20,Sebastian,Vettel,354,2010,1,25.0,Sebastian Vettel
17,Mark,Webber,354,2010,2,18.0,Mark Webber
4,Fernando,Alonso,354,2010,3,15.0,Fernando Alonso
1,Lewis,Hamilton,354,2010,4,12.0,Lewis Hamilton
18,Jenson,Button,354,2010,5,10.0,Jenson Button
3,Nico,Rosberg,354,2010,6,8.0,Nico Rosberg
30,Michael,Schumacher,354,2010,7,6.0,Michael Schumacher
807,Nico,Hülkenberg,354,2010,8,4.0,Nico Hülkenberg
9,Robert,Kubica,354,2010,9,2.0,Robert Kubica
155,Kamui,Kobayashi,354,2010,10,1.0,Kamui Kobayashi
153,Jaime,Alguersuari,354,2010,11,0.0,Jaime Alguersuari
16,Adrian,Sutil,354,2010,12,0.0,Adrian Sutil
67,Sébastien,Buemi,354,2010,13,0.0,Sébastien Buemi
22,Rubens,Barrichello,354,2010,14,0.0,Rubens Barrichello
13,Felipe,Massa,354,2010,15,0.0,Felipe Massa
808,Vitaly,Petrov,354,2010,16,0.0,Vitaly Petrov
2,Nick,Heidfeld,354,2010,17,0.0,Nick Heidfeld
5,Heikki,Kovalainen,354,2010,18,0.0,Heikki Kovalainen
15,Jarno,Trulli,354,2010,19,0.0,Jarno Trulli
10,Timo,Glock,354,2010,20,0.0,Timo Glock
811,Bruno,Senna,354,2010,21,0.0,Bruno Senna
32,Christian,Klien,354,2010,22,0.0,Christian Klien
20,Sebastian,Vettel,355,2010,1,25.0,Sebastian Vettel
1,Lewis,Hamilton,355,2010,2,18.0,Lewis Hamilton
18,Jenson,Button,355,2010,3,15.0,Jenson Button
3,Nico,Rosberg,355,2010,4,12.0,Nico Rosberg
9,Robert,Kubica,355,2010,5,10.0,Robert Kubica
808,Vitaly,Petrov,355,2010,6,8.0,Vitaly Petrov
4,Fernando,Alonso,355,2010,7,6.0,Fernando Alonso
17,Mark,Webber,355,2010,8,4.0,Mark Webber
153,Jaime,Alguersuari,355,2010,9,2.0,Jaime Alguersuari
13,Felipe,Massa,355,2010,10,1.0,Felipe Massa
2,Nick,Heidfeld,355,2010,11,0.0,Nick Heidfeld
22,Rubens,Barrichello,355,2010,12,0.0,Rubens Barrichello
16,Adrian,Sutil,355,2010,13,0.0,Adrian Sutil
155,Kamui,Kobayashi,355,2010,14,0.0,Kamui Kobayashi
67,Sébastien,Buemi,355,2010,15,0.0,Sébastien Buemi
807,Nico,Hülkenberg,355,2010,16,0.0,Nico Hülkenberg
5,Heikki,Kovalainen,355,2010,17,0.0,Heikki Kovalainen
810,Lucas,di Grassi,355,2010,18,0.0,Lucas di Grassi
811,Bruno,Senna,355,2010,19,0.0,Bruno Senna
32,Christian,Klien,355,2010,20,0.0,Christian Klien
15,Jarno,Trulli,355,2010,21,0.0,Jarno Trulli
20,Sebastian,Vettel,841,2011,1,25.0,Sebastian Vettel
1,Lewis,Hamilton,841,2011,2,18.0,Lewis Hamilton
808,Vitaly,Petrov,841,2011,3,15.0,Vitaly Petrov
4,Fernando,Alonso,841,2011,4,12.0,Fernando Alonso
17,Mark,Webber,841,2011,5,10.0,Mark Webber
18,Jenson,Button,841,2011,6,8.0,Jenson Button
13,Felipe,Massa,841,2011,7,6.0,Felipe Massa
67,Sébastien,Buemi,841,2011,8,4.0,Sébastien Buemi
16,Adrian,Sutil,841,2011,9,2.0,Adrian Sutil
814,Paul,di Resta,841,2011,10,1.0,Paul di Resta
153,Jaime,Alguersuari,841,2011,11,0.0,Jaime Alguersuari
2,Nick,Heidfeld,841,2011,12,0.0,Nick Heidfeld
15,Jarno,Trulli,841,2011,13,0.0,Jarno Trulli
816,Jérôme,d'Ambrosio,841,2011,14,0.0,Jérôme d'Ambrosio
20,Sebastian,Vettel,842,2011,1,25.0,Sebastian Vettel
18,Jenson,Button,842,2011,2,18.0,Jenson Button
2,Nick,Heidfeld,842,2011,3,15.0,Nick Heidfeld
17,Mark,Webber,842,2011,4,12.0,Mark Webber
13,Felipe,Massa,842,2011,5,10.0,Felipe Massa
4,Fernando,Alonso,842,2011,6,8.0,Fernando Alonso
155,Kamui,Kobayashi,842,2011,7,6.0,Kamui Kobayashi
1,Lewis,Hamilton,842,2011,8,4.0,Lewis Hamilton
30,Michael,Schumacher,842,2011,9,2.0,Michael Schumacher
814,Paul,di Resta,842,2011,10,1.0,Paul di Resta
16,Adrian,Sutil,842,2011,11,0.0,Adrian Sutil
3,Nico,Rosberg,842,2011,12,0.0,Nico Rosberg
67,Sébastien,Buemi,842,2011,13,0.0,Sébastien Buemi
153,Jaime,Alguersuari,842,2011,14,0.0,Jaime Alguersuari
5,Heikki,Kovalainen,842,2011,15,0.0,Heikki Kovalainen
10,Timo,Glock,842,2011,16,0.0,Timo Glock
808,Vitaly,Petrov,842,2011,17,0.0,Vitaly Petrov
1,Lewis,Hamilton,843,2011,1,25.0,Lewis Hamilton
20,Sebastian,Vettel,843,2011,2,18.0,Sebastian Vettel
17,Mark,Webber,843,2011,3,15.0,Mark Webber
18,Jenson,Button,843,2011,4,12.0,Jenson Button
3,Nico,Rosberg,843,2011,5,10.0,Nico Rosberg
13,Felipe,Massa,843,2011,6,8.0,Felipe Massa
4,Fernando,Alonso,843,2011,7,6.0,Fernando Alonso
30,Michael,Schumacher,843,2011,8,4.0,Michael Schumacher
808,Vitaly,Petrov,843,2011,9,2.0,Vitaly Petrov
155,Kamui,Kobayashi,843,2011,10,1.0,Kamui Kobayashi
814,Paul,di Resta,843,2011,11,0.0,Paul di Resta
2,Nick,Heidfeld,843,2011,12,0.0,Nick Heidfeld
22,Rubens,Barrichello,843,2011,13,0.0,Rubens Barrichello
67,Sébastien,Buemi,843,2011,14,0.0,Sébastien Buemi
16,Adrian,Sutil,843,2011,15,0.0,Adrian Sutil
5,Heikki,Kovalainen,843,2011,16,0.0,Heikki Kovalainen
815,Sergio,Pérez,843,2011,17,0.0,Sergio Pérez
813,Pastor,Maldonado,843,2011,18,0.0,Pastor Maldonado
15,Jarno,Trulli,843,2011,19,0.0,Jarno Trulli
816,Jérôme,d'Ambrosio,843,2011,20,0.0,Jérôme d'Ambrosio
10,Timo,Glock,843,2011,21,0.0,Timo Glock
24,Vitantonio,Liuzzi,843,2011,22,0.0,Vitantonio Liuzzi
39,Narain,Karthikeyan,843,2011,23,0.0,Narain Karthikeyan
20,Sebastian,Vettel,844,2011,1,25.0,Sebastian Vettel
17,Mark,Webber,844,2011,2,18.0,Mark Webber
4,Fernando,Alonso,844,2011,3,15.0,Fernando Alonso
1,Lewis,Hamilton,844,2011,4,12.0,Lewis Hamilton
3,Nico,Rosberg,844,2011,5,10.0,Nico Rosberg
18,Jenson,Button,844,2011,6,8.0,Jenson Button
2,Nick,Heidfeld,844,2011,7,6.0,Nick Heidfeld
808,Vitaly,Petrov,844,2011,8,4.0,Vitaly Petrov
67,Sébastien,Buemi,844,2011,9,2.0,Sébastien Buemi
155,Kamui,Kobayashi,844,2011,10,1.0,Kamui Kobayashi
13,Felipe,Massa,844,2011,11,0.0,Felipe Massa
30,Michael,Schumacher,844,2011,12,0.0,Michael Schumacher
16,Adrian,Sutil,844,2011,13,0.0,Adrian Sutil
815,Sergio,Pérez,844,2011,14,0.0,Sergio Pérez
22,Rubens,Barrichello,844,2011,15,0.0,Rubens Barrichello
153,Jaime,Alguersuari,844,2011,16,0.0,Jaime Alguersuari
813,Pastor,Maldonado,844,2011,17,0.0,Pastor Maldonado
15,Jarno,Trulli,844,2011,18,0.0,Jarno Trulli
5,Heikki,Kovalainen,844,2011,19,0.0,Heikki Kovalainen
816,Jérôme,d'Ambrosio,844,2011,20,0.0,Jérôme d'Ambrosio
39,Narain,Karthikeyan,844,2011,21,0.0,Narain Karthikeyan
24,Vitantonio,Liuzzi,844,2011,22,0.0,Vitantonio Liuzzi
20,Sebastian,Vettel,845,2011,1,25.0,Sebastian Vettel
1,Lewis,Hamilton,845,2011,2,18.0,Lewis Hamilton
18,Jenson,Button,845,2011,3,15.0,Jenson Button
17,Mark,Webber,845,2011,4,12.0,Mark Webber
4,Fernando,Alonso,845,2011,5,10.0,Fernando Alonso
30,Michael,Schumacher,845,2011,6,8.0,Michael Schumacher
3,Nico,Rosberg,845,2011,7,6.0,Nico Rosberg
2,Nick,Heidfeld,845,2011,8,4.0,Nick Heidfeld
815,Sergio,Pérez,845,2011,9,2.0,Sergio Pérez
155,Kamui,Kobayashi,845,2011,10,1.0,Kamui Kobayashi
808,Vitaly,Petrov,845,2011,11,0.0,Vitaly Petrov
814,Paul,di Resta,845,2011,12,0.0,Paul di Resta
16,Adrian,Sutil,845,2011,13,0.0,Adrian Sutil
67,Sébastien,Buemi,845,2011,14,0.0,Sébastien Buemi
813,Pastor,Maldonado,845,2011,15,0.0,Pastor Maldonado
153,Jaime,Alguersuari,845,2011,16,0.0,Jaime Alguersuari
22,Rubens,Barrichello,845,2011,17,0.0,Rubens Barrichello
15,Jarno,Trulli,845,2011,18,0.0,Jarno Trulli
10,Timo,Glock,845,2011,19,0.0,Timo Glock
816,Jérôme,d'Ambrosio,845,2011,20,0.0,Jérôme d'Ambrosio
39,Narain,Karthikeyan,845,2011,21,0.0,Narain Karthikeyan
20,Sebastian,Vettel,846,2011,1,25.0,Sebastian Vettel
4,Fernando,Alonso,846,2011,2,18.0,Fernando Alonso
18,Jenson,Button,846,2011,3,15.0,Jenson Button
17,Mark,Webber,846,2011,4,12.0,Mark Webber
155,Kamui,Kobayashi,846,2011,5,10.0,Kamui Kobayashi
1,Lewis,Hamilton,846,2011,6,8.0,Lewis Hamilton
16,Adrian,Sutil,846,2011,7,6.0,Adrian Sutil
2,Nick,Heidfeld,846,2011,8,4.0,Nick Heidfeld
22,Rubens,Barrichello,846,2011,9,2.0,Rubens Barrichello
67,Sébastien,Buemi,846,2011,10,1.0,Sébastien Buemi
3,Nico,Rosberg,846,2011,11,0.0,Nico Rosberg
814,Paul,di Resta,846,2011,12,0.0,Paul di Resta
15,Jarno,Trulli,846,2011,13,0.0,Jarno Trulli
5,Heikki,Kovalainen,846,2011,14,0.0,Heikki Kovalainen
816,Jérôme,d'Ambrosio,846,2011,15,0.0,Jérôme d'Ambrosio
24,Vitantonio,Liuzzi,846,2011,16,0.0,Vitantonio Liuzzi
39,Narain,Karthikeyan,846,2011,17,0.0,Narain Karthikeyan
813,Pastor,Maldonado,846,2011,18,0.0,Pastor Maldonado
18,Jenson,Button,847,2011,1,25.0,Jenson Button
20,Sebastian,Vettel,847,2011,2,18.0,Sebastian Vettel
17,Mark,Webber,847,2011,3,15.0,Mark Webber
30,Michael,Schumacher,847,2011,4,12.0,Michael Schumacher
808,Vitaly,Petrov,847,2011,5,10.0,Vitaly Petrov
13,Felipe,Massa,847,2011,6,8.0,Felipe Massa
155,Kamui,Kobayashi,847,2011,7,6.0,Kamui Kobayashi
153,Jaime,Alguersuari,847,2011,8,4.0,Jaime Alguersuari
22,Rubens,Barrichello,847,2011,9,2.0,Rubens Barrichello
67,Sébastien,Buemi,847,2011,10,1.0,Sébastien Buemi
3,Nico,Rosberg,847,2011,11,0.0,Nico Rosberg
37,Pedro,de la Rosa,847,2011,12,0.0,Pedro de la Rosa
24,Vitantonio,Liuzzi,847,2011,13,0.0,Vitantonio Liuzzi
39,Narain,Karthikeyan,847,2011,14,0.0,Narain Karthikeyan
816,Jérôme,d'Ambrosio,847,2011,15,0.0,Jérôme d'Ambrosio
10,Timo,Glock,847,2011,16,0.0,Timo Glock
15,Jarno,Trulli,847,2011,17,0.0,Jarno Trulli
814,Paul,di Resta,847,2011,18,0.0,Paul di Resta
20,Sebastian,Vettel,848,2011,1,25.0,Sebastian Vettel
4,Fernando,Alonso,848,2011,2,18.0,Fernando Alonso
17,Mark,Webber,848,2011,3,15.0,Mark Webber
1,Lewis,Hamilton,848,2011,4,12.0,Lewis Hamilton
13,Felipe,Massa,848,2011,5,10.0,Felipe Massa
18,Jenson,Button,848,2011,6,8.0,Jenson Button
3,Nico,Rosberg,848,2011,7,6.0,Nico Rosberg
153,Jaime,Alguersuari,848,2011,8,4.0,Jaime Alguersuari
16,Adrian,Sutil,848,2011,9,2.0,Adrian Sutil
2,Nick,Heidfeld,848,2011,10,1.0,Nick Heidfeld
815,Sergio,Pérez,848,2011,11,0.0,Sergio Pérez
22,Rubens,Barrichello,848,2011,12,0.0,Rubens Barrichello
67,Sébastien,Buemi,848,2011,13,0.0,Sébastien Buemi
814,Paul,di Resta,848,2011,14,0.0,Paul di Resta
808,Vitaly,Petrov,848,2011,15,0.0,Vitaly Petrov
155,Kamui,Kobayashi,848,2011,16,0.0,Kamui Kobayashi
30,Michael,Schumacher,848,2011,17,0.0,Michael Schumacher
813,Pastor,Maldonado,848,2011,18,0.0,Pastor Maldonado
5,Heikki,Kovalainen,848,2011,19,0.0,Heikki Kovalainen
15,Jarno,Trulli,848,2011,20,0.0,Jarno Trulli
10,Timo,Glock,848,2011,21,0.0,Timo Glock
816,Jérôme,d'Ambrosio,848,2011,22,0.0,Jérôme d'Ambrosio
24,Vitantonio,Liuzzi,848,2011,23,0.0,Vitantonio Liuzzi
39,Narain,Karthikeyan,848,2011,24,0.0,Narain Karthikeyan
4,Fernando,Alonso,849,2011,1,25.0,Fernando Alonso
20,Sebastian,Vettel,849,2011,2,18.0,Sebastian Vettel
17,Mark,Webber,849,2011,3,15.0,Mark Webber
1,Lewis,Hamilton,849,2011,4,12.0,Lewis Hamilton
13,Felipe,Massa,849,2011,5,10.0,Felipe Massa
3,Nico,Rosberg,849,2011,6,8.0,Nico Rosberg
815,Sergio,Pérez,849,2011,7,6.0,Sergio Pérez
2,Nick,Heidfeld,849,2011,8,4.0,Nick Heidfeld
30,Michael,Schumacher,849,2011,9,2.0,Michael Schumacher
153,Jaime,Alguersuari,849,2011,10,1.0,Jaime Alguersuari
16,Adrian,Sutil,849,2011,11,0.0,Adrian Sutil
808,Vitaly,Petrov,849,2011,12,0.0,Vitaly Petrov
22,Rubens,Barrichello,849,2011,13,0.0,Rubens Barrichello
813,Pastor,Maldonado,849,2011,14,0.0,Pastor Maldonado
814,Paul,di Resta,849,2011,15,0.0,Paul di Resta
10,Timo,Glock,849,2011,16,0.0,Timo Glock
816,Jérôme,d'Ambrosio,849,2011,17,0.0,Jérôme d'Ambrosio
24,Vitantonio,Liuzzi,849,2011,18,0.0,Vitantonio Liuzzi
817,Daniel,Ricciardo,849,2011,19,0.0,Daniel Ricciardo
1,Lewis,Hamilton,850,2011,1,25.0,Lewis Hamilton
4,Fernando,Alonso,850,2011,2,18.0,Fernando Alonso
17,Mark,Webber,850,2011,3,15.0,Mark Webber
20,Sebastian,Vettel,850,2011,4,12.0,Sebastian Vettel
13,Felipe,Massa,850,2011,5,10.0,Felipe Massa
16,Adrian,Sutil,850,2011,6,8.0,Adrian Sutil
3,Nico,Rosberg,850,2011,7,6.0,Nico Rosberg
30,Michael,Schumacher,850,2011,8,4.0,Michael Schumacher
155,Kamui,Kobayashi,850,2011,9,2.0,Kamui Kobayashi
808,Vitaly,Petrov,850,2011,10,1.0,Vitaly Petrov
815,Sergio,Pérez,850,2011,11,0.0,Sergio Pérez
153,Jaime,Alguersuari,850,2011,12,0.0,Jaime Alguersuari
814,Paul,di Resta,850,2011,13,0.0,Paul di Resta
813,Pastor,Maldonado,850,2011,14,0.0,Pastor Maldonado
67,Sébastien,Buemi,850,2011,15,0.0,Sébastien Buemi
5,Heikki,Kovalainen,850,2011,16,0.0,Heikki Kovalainen
10,Timo,Glock,850,2011,17,0.0,Timo Glock
816,Jérôme,d'Ambrosio,850,2011,18,0.0,Jérôme d'Ambrosio
817,Daniel,Ricciardo,850,2011,19,0.0,Daniel Ricciardo
812,Karun,Chandhok,850,2011,20,0.0,Karun Chandhok
18,Jenson,Button,851,2011,1,25.0,Jenson Button
20,Sebastian,Vettel,851,2011,2,18.0,Sebastian Vettel
4,Fernando,Alonso,851,2011,3,15.0,Fernando Alonso
1,Lewis,Hamilton,851,2011,4,12.0,Lewis Hamilton
17,Mark,Webber,851,2011,5,10.0,Mark Webber
13,Felipe,Massa,851,2011,6,8.0,Felipe Massa
814,Paul,di Resta,851,2011,7,6.0,Paul di Resta
67,Sébastien,Buemi,851,2011,8,4.0,Sébastien Buemi
3,Nico,Rosberg,851,2011,9,2.0,Nico Rosberg
153,Jaime,Alguersuari,851,2011,10,1.0,Jaime Alguersuari
155,Kamui,Kobayashi,851,2011,11,0.0,Kamui Kobayashi
808,Vitaly,Petrov,851,2011,12,0.0,Vitaly Petrov
22,Rubens,Barrichello,851,2011,13,0.0,Rubens Barrichello
16,Adrian,Sutil,851,2011,14,0.0,Adrian Sutil
815,Sergio,Pérez,851,2011,15,0.0,Sergio Pérez
813,Pastor,Maldonado,851,2011,16,0.0,Pastor Maldonado
10,Timo,Glock,851,2011,17,0.0,Timo Glock
817,Daniel,Ricciardo,851,2011,18,0.0,Daniel Ricciardo
816,Jérôme,d'Ambrosio,851,2011,19,0.0,Jérôme d'Ambrosio
24,Vitantonio,Liuzzi,851,2011,20,0.0,Vitantonio Liuzzi
20,Sebastian,Vettel,852,2011,1,25.0,Sebastian Vettel
17,Mark,Webber,852,2011,2,18.0,Mark Webber
18,Jenson,Button,852,2011,3,15.0,Jenson Button
4,Fernando,Alonso,852,2011,4,12.0,Fernando Alonso
30,Michael,Schumacher,852,2011,5,10.0,Michael Schumacher
3,Nico,Rosberg,852,2011,6,8.0,Nico Rosberg
16,Adrian,Sutil,852,2011,7,6.0,Adrian Sutil
13,Felipe,Massa,852,2011,8,4.0,Felipe Massa
808,Vitaly,Petrov,852,2011,9,2.0,Vitaly Petrov
813,Pastor,Maldonado,852,2011,10,1.0,Pastor Maldonado
814,Paul,di Resta,852,2011,11,0.0,Paul di Resta
155,Kamui,Kobayashi,852,2011,12,0.0,Kamui Kobayashi
811,Bruno,Senna,852,2011,13,0.0,Bruno Senna
15,Jarno,Trulli,852,2011,14,0.0,Jarno Trulli
5,Heikki,Kovalainen,852,2011,15,0.0,Heikki Kovalainen
22,Rubens,Barrichello,852,2011,16,0.0,Rubens Barrichello
816,Jérôme,d'Ambrosio,852,2011,17,0.0,Jérôme d'Ambrosio
10,Timo,Glock,852,2011,18,0.0,Timo Glock
24,Vitantonio,Liuzzi,852,2011,19,0.0,Vitantonio Liuzzi
20,Sebastian,Vettel,853,2011,1,25.0,Sebastian Vettel
18,Jenson,Button,853,2011,2,18.0,Jenson Button
4,Fernando,Alonso,853,2011,3,15.0,Fernando Alonso
1,Lewis,Hamilton,853,2011,4,12.0,Lewis Hamilton
30,Michael,Schumacher,853,2011,5,10.0,Michael Schumacher
13,Felipe,Massa,853,2011,6,8.0,Felipe Massa
153,Jaime,Alguersuari,853,2011,7,6.0,Jaime Alguersuari
814,Paul,di Resta,853,2011,8,4.0,Paul di Resta
811,Bruno,Senna,853,2011,9,2.0,Bruno Senna
67,Sébastien,Buemi,853,2011,10,1.0,Sébastien Buemi
813,Pastor,Maldonado,853,2011,11,0.0,Pastor Maldonado
22,Rubens,Barrichello,853,2011,12,0.0,Rubens Barrichello
5,Heikki,Kovalainen,853,2011,13,0.0,Heikki Kovalainen
15,Jarno,Trulli,853,2011,14,0.0,Jarno Trulli
10,Timo,Glock,853,2011,15,0.0,Timo Glock
20,Sebastian,Vettel,854,2011,1,25.0,Sebastian Vettel
18,Jenson,Button,854,2011,2,18.0,Jenson Button
17,Mark,Webber,854,2011,3,15.0,Mark Webber
4,Fernando,Alonso,854,2011,4,12.0,Fernando Alonso
1,Lewis,Hamilton,854,2011,5,10.0,Lewis Hamilton
814,Paul,di Resta,854,2011,6,8.0,Paul di Resta
3,Nico,Rosberg,854,2011,7,6.0,Nico Rosberg
16,Adrian,Sutil,854,2011,8,4.0,Adrian Sutil
13,Felipe,Massa,854,2011,9,2.0,Felipe Massa
815,Sergio,Pérez,854,2011,10,1.0,Sergio Pérez
813,Pastor,Maldonado,854,2011,11,0.0,Pastor Maldonado
67,Sébastien,Buemi,854,2011,12,0.0,Sébastien Buemi
22,Rubens,Barrichello,854,2011,13,0.0,Rubens Barrichello
155,Kamui,Kobayashi,854,2011,14,0.0,Kamui Kobayashi
811,Bruno,Senna,854,2011,15,0.0,Bruno Senna
5,Heikki,Kovalainen,854,2011,16,0.0,Heikki Kovalainen
808,Vitaly,Petrov,854,2011,17,0.0,Vitaly Petrov
816,Jérôme,d'Ambrosio,854,2011,18,0.0,Jérôme d'Ambrosio
817,Daniel,Ricciardo,854,2011,19,0.0,Daniel Ricciardo
24,Vitantonio,Liuzzi,854,2011,20,0.0,Vitantonio Liuzzi
153,Jaime,Alguersuari,854,2011,21,0.0,Jaime Alguersuari
18,Jenson,Button,855,2011,1,25.0,Jenson Button
4,Fernando,Alonso,855,2011,2,18.0,Fernando Alonso
20,Sebastian,Vettel,855,2011,3,15.0,Sebastian Vettel
17,Mark,Webber,855,2011,4,12.0,Mark Webber
1,Lewis,Hamilton,855,2011,5,10.0,Lewis Hamilton
30,Michael,Schumacher,855,2011,6,8.0,Michael Schumacher
13,Felipe,Massa,855,2011,7,6.0,Felipe Massa
815,Sergio,Pérez,855,2011,8,4.0,Sergio Pérez
808,Vitaly,Petrov,855,2011,9,2.0,Vitaly Petrov
3,Nico,Rosberg,855,2011,10,1.0,Nico Rosberg
16,Adrian,Sutil,855,2011,11,0.0,Adrian Sutil
814,Paul,di Resta,855,2011,12,0.0,Paul di Resta
155,Kamui,Kobayashi,855,2011,13,0.0,Kamui Kobayashi
813,Pastor,Maldonado,855,2011,14,0.0,Pastor Maldonado
153,Jaime,Alguersuari,855,2011,15,0.0,Jaime Alguersuari
811,Bruno,Senna,855,2011,16,0.0,Bruno Senna
22,Rubens,Barrichello,855,2011,17,0.0,Rubens Barrichello
5,Heikki,Kovalainen,855,2011,18,0.0,Heikki Kovalainen
15,Jarno,Trulli,855,2011,19,0.0,Jarno Trulli
10,Timo,Glock,855,2011,20,0.0,Timo Glock
816,Jérôme,d'Ambrosio,855,2011,21,0.0,Jérôme d'Ambrosio
817,Daniel,Ricciardo,855,2011,22,0.0,Daniel Ricciardo
24,Vitantonio,Liuzzi,855,2011,23,0.0,Vitantonio Liuzzi
20,Sebastian,Vettel,856,2011,1,25.0,Sebastian Vettel
1,Lewis,Hamilton,856,2011,2,18.0,Lewis Hamilton
17,Mark,Webber,856,2011,3,15.0,Mark Webber
18,Jenson,Button,856,2011,4,12.0,Jenson Button
4,Fernando,Alonso,856,2011,5,10.0,Fernando Alonso
13,Felipe,Massa,856,2011,6,8.0,Felipe Massa
153,Jaime,Alguersuari,856,2011,7,6.0,Jaime Alguersuari
3,Nico,Rosberg,856,2011,8,4.0,Nico Rosberg
67,Sébastien,Buemi,856,2011,9,2.0,Sébastien Buemi
814,Paul,di Resta,856,2011,10,1.0,Paul di Resta
16,Adrian,Sutil,856,2011,11,0.0,Adrian Sutil
22,Rubens,Barrichello,856,2011,12,0.0,Rubens Barrichello
811,Bruno,Senna,856,2011,13,0.0,Bruno Senna
5,Heikki,Kovalainen,856,2011,14,0.0,Heikki Kovalainen
155,Kamui,Kobayashi,856,2011,15,0.0,Kamui Kobayashi
815,Sergio,Pérez,856,2011,16,0.0,Sergio Pérez
15,Jarno,Trulli,856,2011,17,0.0,Jarno Trulli
10,Timo,Glock,856,2011,18,0.0,Timo Glock
817,Daniel,Ricciardo,856,2011,19,0.0,Daniel Ricciardo
816,Jérôme,d'Ambrosio,856,2011,20,0.0,Jérôme d'Ambrosio
24,Vitantonio,Liuzzi,856,2011,21,0.0,Vitantonio Liuzzi
20,Sebastian,Vettel,857,2011,1,25.0,Sebastian Vettel
18,Jenson,Button,857,2011,2,18.0,Jenson Button
4,Fernando,Alonso,857,2011,3,15.0,Fernando Alonso
17,Mark,Webber,857,2011,4,12.0,Mark Webber
30,Michael,Schumacher,857,2011,5,10.0,Michael Schumacher
3,Nico,Rosberg,857,2011,6,8.0,Nico Rosberg
1,Lewis,Hamilton,857,2011,7,6.0,Lewis Hamilton
153,Jaime,Alguersuari,857,2011,8,4.0,Jaime Alguersuari
16,Adrian,Sutil,857,2011,9,2.0,Adrian Sutil
815,Sergio,Pérez,857,2011,10,1.0,Sergio Pérez
808,Vitaly,Petrov,857,2011,11,0.0,Vitaly Petrov
811,Bruno,Senna,857,2011,12,0.0,Bruno Senna
814,Paul,di Resta,857,2011,13,0.0,Paul di Resta
5,Heikki,Kovalainen,857,2011,14,0.0,Heikki Kovalainen
22,Rubens,Barrichello,857,2011,15,0.0,Rubens Barrichello
816,Jérôme,d'Ambrosio,857,2011,16,0.0,Jérôme d'Ambrosio
39,Narain,Karthikeyan,857,2011,17,0.0,Narain Karthikeyan
817,Daniel,Ricciardo,857,2011,18,0.0,Daniel Ricciardo
15,Jarno,Trulli,857,2011,19,0.0,Jarno Trulli
1,Lewis,Hamilton,858,2011,1,25.0,Lewis Hamilton
4,Fernando,Alonso,858,2011,2,18.0,Fernando Alonso
18,Jenson,Button,858,2011,3,15.0,Jenson Button
17,Mark,Webber,858,2011,4,12.0,Mark Webber
13,Felipe,Massa,858,2011,5,10.0,Felipe Massa
3,Nico,Rosberg,858,2011,6,8.0,Nico Rosberg
30,Michael,Schumacher,858,2011,7,6.0,Michael Schumacher
16,Adrian,Sutil,858,2011,8,4.0,Adrian Sutil
814,Paul,di Resta,858,2011,9,2.0,Paul di Resta
155,Kamui,Kobayashi,858,2011,10,1.0,Kamui Kobayashi
815,Sergio,Pérez,858,2011,11,0.0,Sergio Pérez
22,Rubens,Barrichello,858,2011,12,0.0,Rubens Barrichello
808,Vitaly,Petrov,858,2011,13,0.0,Vitaly Petrov
813,Pastor,Maldonado,858,2011,14,0.0,Pastor Maldonado
153,Jaime,Alguersuari,858,2011,15,0.0,Jaime Alguersuari
811,Bruno,Senna,858,2011,16,0.0,Bruno Senna
5,Heikki,Kovalainen,858,2011,17,0.0,Heikki Kovalainen
15,Jarno,Trulli,858,2011,18,0.0,Jarno Trulli
10,Timo,Glock,858,2011,19,0.0,Timo Glock
24,Vitantonio,Liuzzi,858,2011,20,0.0,Vitantonio Liuzzi
17,Mark,Webber,859,2011,1,25.0,Mark Webber
20,Sebastian,Vettel,859,2011,2,18.0,Sebastian Vettel
18,Jenson,Button,859,2011,3,15.0,Jenson Button
4,Fernando,Alonso,859,2011,4,12.0,Fernando Alonso
13,Felipe,Massa,859,2011,5,10.0,Felipe Massa
16,Adrian,Sutil,859,2011,6,8.0,Adrian Sutil
3,Nico,Rosberg,859,2011,7,6.0,Nico Rosberg
814,Paul,di Resta,859,2011,8,4.0,Paul di Resta
155,Kamui,Kobayashi,859,2011,9,2.0,Kamui Kobayashi
808,Vitaly,Petrov,859,2011,10,1.0,Vitaly Petrov
153,Jaime,Alguersuari,859,2011,11,0.0,Jaime Alguersuari
67,Sébastien,Buemi,859,2011,12,0.0,Sébastien Buemi
815,Sergio,Pérez,859,2011,13,0.0,Sergio Pérez
22,Rubens,Barrichello,859,2011,14,0.0,Rubens Barrichello
30,Michael,Schumacher,859,2011,15,0.0,Michael Schumacher
5,Heikki,Kovalainen,859,2011,16,0.0,Heikki Kovalainen
811,Bruno,Senna,859,2011,17,0.0,Bruno Senna
15,Jarno,Trulli,859,2011,18,0.0,Jarno Trulli
816,Jérôme,d'Ambrosio,859,2011,19,0.0,Jérôme d'Ambrosio
817,Daniel,Ricciardo,859,2011,20,0.0,Daniel Ricciardo
18,Jenson,Button,860,2012,1,25.0,Jenson Button
20,Sebastian,Vettel,860,2012,2,18.0,Sebastian Vettel
1,Lewis,Hamilton,860,2012,3,15.0,Lewis Hamilton
17,Mark,Webber,860,2012,4,12.0,Mark Webber
4,Fernando,Alonso,860,2012,5,10.0,Fernando Alonso
155,Kamui,Kobayashi,860,2012,6,8.0,Kamui Kobayashi
8,Kimi,Räikkönen,860,2012,7,6.0,Kimi Räikkönen
815,Sergio,Pérez,860,2012,8,4.0,Sergio Pérez
817,Daniel,Ricciardo,860,2012,9,2.0,Daniel Ricciardo
814,Paul,di Resta,860,2012,10,1.0,Paul di Resta
818,Jean-Éric,Vergne,860,2012,11,0.0,Jean-Éric Vergne
3,Nico,Rosberg,860,2012,12,0.0,Nico Rosberg
813,Pastor,Maldonado,860,2012,13,0.0,Pastor Maldonado
10,Timo,Glock,860,2012,14,0.0,Timo Glock
819,Charles,Pic,860,2012,15,0.0,Charles Pic
811,Bruno,Senna,860,2012,16,0.0,Bruno Senna
4,Fernando,Alonso,861,2012,1,25.0,Fernando Alonso
815,Sergio,Pérez,861,2012,2,18.0,Sergio Pérez
1,Lewis,Hamilton,861,2012,3,15.0,Lewis Hamilton
17,Mark,Webber,861,2012,4,12.0,Mark Webber
8,Kimi,Räikkönen,861,2012,5,10.0,Kimi Räikkönen
811,Bruno,Senna,861,2012,6,8.0,Bruno Senna
814,Paul,di Resta,861,2012,7,6.0,Paul di Resta
818,Jean-Éric,Vergne,861,2012,8,4.0,Jean-Éric Vergne
807,Nico,Hülkenberg,861,2012,9,2.0,Nico Hülkenberg
30,Michael,Schumacher,861,2012,10,1.0,Michael Schumacher
20,Sebastian,Vettel,861,2012,11,0.0,Sebastian Vettel
817,Daniel,Ricciardo,861,2012,12,0.0,Daniel Ricciardo
3,Nico,Rosberg,861,2012,13,0.0,Nico Rosberg
18,Jenson,Button,861,2012,14,0.0,Jenson Button
13,Felipe,Massa,861,2012,15,0.0,Felipe Massa
808,Vitaly,Petrov,861,2012,16,0.0,Vitaly Petrov
10,Timo,Glock,861,2012,17,0.0,Timo Glock
5,Heikki,Kovalainen,861,2012,18,0.0,Heikki Kovalainen
813,Pastor,Maldonado,861,2012,19,0.0,Pastor Maldonado
819,Charles,Pic,861,2012,20,0.0,Charles Pic
39,Narain,Karthikeyan,861,2012,21,0.0,Narain Karthikeyan
37,Pedro,de la Rosa,861,2012,22,0.0,Pedro de la Rosa
3,Nico,Rosberg,862,2012,1,25.0,Nico Rosberg
18,Jenson,Button,862,2012,2,18.0,Jenson Button
1,Lewis,Hamilton,862,2012,3,15.0,Lewis Hamilton
17,Mark,Webber,862,2012,4,12.0,Mark Webber
20,Sebastian,Vettel,862,2012,5,10.0,Sebastian Vettel
154,Romain,Grosjean,862,2012,6,8.0,Romain Grosjean
811,Bruno,Senna,862,2012,7,6.0,Bruno Senna
813,Pastor,Maldonado,862,2012,8,4.0,Pastor Maldonado
4,Fernando,Alonso,862,2012,9,2.0,Fernando Alonso
155,Kamui,Kobayashi,862,2012,10,1.0,Kamui Kobayashi
815,Sergio,Pérez,862,2012,11,0.0,Sergio Pérez
814,Paul,di Resta,862,2012,12,0.0,Paul di Resta
13,Felipe,Massa,862,2012,13,0.0,Felipe Massa
8,Kimi,Räikkönen,862,2012,14,0.0,Kimi Räikkönen
807,Nico,Hülkenberg,862,2012,15,0.0,Nico Hülkenberg
818,Jean-Éric,Vergne,862,2012,16,0.0,Jean-Éric Vergne
817,Daniel,Ricciardo,862,2012,17,0.0,Daniel Ricciardo
808,Vitaly,Petrov,862,2012,18,0.0,Vitaly Petrov
10,Timo,Glock,862,2012,19,0.0,Timo Glock
819,Charles,Pic,862,2012,20,0.0,Charles Pic
37,Pedro,de la Rosa,862,2012,21,0.0,Pedro de la Rosa
39,Narain,Karthikeyan,862,2012,22,0.0,Narain Karthikeyan
5,Heikki,Kovalainen,862,2012,23,0.0,Heikki Kovalainen
20,Sebastian,Vettel,863,2012,1,25.0,Sebastian Vettel
8,Kimi,Räikkönen,863,2012,2,18.0,Kimi Räikkönen
154,Romain,Grosjean,863,2012,3,15.0,Romain Grosjean
17,Mark,Webber,863,2012,4,12.0,Mark Webber
3,Nico,Rosberg,863,2012,5,10.0,Nico Rosberg
814,Paul,di Resta,863,2012,6,8.0,Paul di Resta
4,Fernando,Alonso,863,2012,7,6.0,Fernando Alonso
1,Lewis,Hamilton,863,2012,8,4.0,Lewis Hamilton
13,Felipe,Massa,863,2012,9,2.0,Felipe Massa
30,Michael,Schumacher,863,2012,10,1.0,Michael Schumacher
815,Sergio,Pérez,863,2012,11,0.0,Sergio Pérez
807,Nico,Hülkenberg,863,2012,12,0.0,Nico Hülkenberg
155,Kamui,Kobayashi,863,2012,13,0.0,Kamui Kobayashi
818,Jean-Éric,Vergne,863,2012,14,0.0,Jean-Éric Vergne
817,Daniel,Ricciardo,863,2012,15,0.0,Daniel Ricciardo
808,Vitaly,Petrov,863,2012,16,0.0,Vitaly Petrov
5,Heikki,Kovalainen,863,2012,17,0.0,Heikki Kovalainen
18,Jenson,Button,863,2012,18,0.0,Jenson Button
10,Timo,Glock,863,2012,19,0.0,Timo Glock
37,Pedro,de la Rosa,863,2012,20,0.0,Pedro de la Rosa
39,Narain,Karthikeyan,863,2012,21,0.0,Narain Karthikeyan
811,Bruno,Senna,863,2012,22,0.0,Bruno Senna
813,Pastor,Maldonado,864,2012,1,25.0,Pastor Maldonado
4,Fernando,Alonso,864,2012,2,18.0,Fernando Alonso
8,Kimi,Räikkönen,864,2012,3,15.0,Kimi Räikkönen
154,Romain,Grosjean,864,2012,4,12.0,Romain Grosjean
155,Kamui,Kobayashi,864,2012,5,10.0,Kamui Kobayashi
20,Sebastian,Vettel,864,2012,6,8.0,Sebastian Vettel
3,Nico,Rosberg,864,2012,7,6.0,Nico Rosberg
1,Lewis,Hamilton,864,2012,8,4.0,Lewis Hamilton
18,Jenson,Button,864,2012,9,2.0,Jenson Button
807,Nico,Hülkenberg,864,2012,10,1.0,Nico Hülkenberg
17,Mark,Webber,864,2012,11,0.0,Mark Webber
818,Jean-Éric,Vergne,864,2012,12,0.0,Jean-Éric Vergne
817,Daniel,Ricciardo,864,2012,13,0.0,Daniel Ricciardo
814,Paul,di Resta,864,2012,14,0.0,Paul di Resta
13,Felipe,Massa,864,2012,15,0.0,Felipe Massa
5,Heikki,Kovalainen,864,2012,16,0.0,Heikki Kovalainen
808,Vitaly,Petrov,864,2012,17,0.0,Vitaly Petrov
10,Timo,Glock,864,2012,18,0.0,Timo Glock
37,Pedro,de la Rosa,864,2012,19,0.0,Pedro de la Rosa
17,Mark,Webber,865,2012,1,25.0,Mark Webber
3,Nico,Rosberg,865,2012,2,18.0,Nico Rosberg
4,Fernando,Alonso,865,2012,3,15.0,Fernando Alonso
20,Sebastian,Vettel,865,2012,4,12.0,Sebastian Vettel
1,Lewis,Hamilton,865,2012,5,10.0,Lewis Hamilton
13,Felipe,Massa,865,2012,6,8.0,Felipe Massa
814,Paul,di Resta,865,2012,7,6.0,Paul di Resta
807,Nico,Hülkenberg,865,2012,8,4.0,Nico Hülkenberg
8,Kimi,Räikkönen,865,2012,9,2.0,Kimi Räikkönen
811,Bruno,Senna,865,2012,10,1.0,Bruno Senna
815,Sergio,Pérez,865,2012,11,0.0,Sergio Pérez
818,Jean-Éric,Vergne,865,2012,12,0.0,Jean-Éric Vergne
5,Heikki,Kovalainen,865,2012,13,0.0,Heikki Kovalainen
10,Timo,Glock,865,2012,14,0.0,Timo Glock
39,Narain,Karthikeyan,865,2012,15,0.0,Narain Karthikeyan
18,Jenson,Button,865,2012,16,0.0,Jenson Button
1,Lewis,Hamilton,866,2012,1,25.0,Lewis Hamilton
154,Romain,Grosjean,866,2012,2,18.0,Romain Grosjean
815,Sergio,Pérez,866,2012,3,15.0,Sergio Pérez
20,Sebastian,Vettel,866,2012,4,12.0,Sebastian Vettel
4,Fernando,Alonso,866,2012,5,10.0,Fernando Alonso
3,Nico,Rosberg,866,2012,6,8.0,Nico Rosberg
17,Mark,Webber,866,2012,7,6.0,Mark Webber
8,Kimi,Räikkönen,866,2012,8,4.0,Kimi Räikkönen
155,Kamui,Kobayashi,866,2012,9,2.0,Kamui Kobayashi
13,Felipe,Massa,866,2012,10,1.0,Felipe Massa
814,Paul,di Resta,866,2012,11,0.0,Paul di Resta
807,Nico,Hülkenberg,866,2012,12,0.0,Nico Hülkenberg
813,Pastor,Maldonado,866,2012,13,0.0,Pastor Maldonado
817,Daniel,Ricciardo,866,2012,14,0.0,Daniel Ricciardo
818,Jean-Éric,Vergne,866,2012,15,0.0,Jean-Éric Vergne
18,Jenson,Button,866,2012,16,0.0,Jenson Button
811,Bruno,Senna,866,2012,17,0.0,Bruno Senna
5,Heikki,Kovalainen,866,2012,18,0.0,Heikki Kovalainen
808,Vitaly,Petrov,866,2012,19,0.0,Vitaly Petrov
819,Charles,Pic,866,2012,20,0.0,Charles Pic
10,Timo,Glock,866,2012,21,0.0,Timo Glock
4,Fernando,Alonso,867,2012,1,25.0,Fernando Alonso
8,Kimi,Räikkönen,867,2012,2,18.0,Kimi Räikkönen
30,Michael,Schumacher,867,2012,3,15.0,Michael Schumacher
17,Mark,Webber,867,2012,4,12.0,Mark Webber
807,Nico,Hülkenberg,867,2012,5,10.0,Nico Hülkenberg
3,Nico,Rosberg,867,2012,6,8.0,Nico Rosberg
814,Paul,di Resta,867,2012,7,6.0,Paul di Resta
18,Jenson,Button,867,2012,8,4.0,Jenson Button
815,Sergio,Pérez,867,2012,9,2.0,Sergio Pérez
811,Bruno,Senna,867,2012,10,1.0,Bruno Senna
817,Daniel,Ricciardo,867,2012,11,0.0,Daniel Ricciardo
813,Pastor,Maldonado,867,2012,12,0.0,Pastor Maldonado
808,Vitaly,Petrov,867,2012,13,0.0,Vitaly Petrov
5,Heikki,Kovalainen,867,2012,14,0.0,Heikki Kovalainen
819,Charles,Pic,867,2012,15,0.0,Charles Pic
13,Felipe,Massa,867,2012,16,0.0,Felipe Massa
37,Pedro,de la Rosa,867,2012,17,0.0,Pedro de la Rosa
39,Narain,Karthikeyan,867,2012,18,0.0,Narain Karthikeyan
1,Lewis,Hamilton,867,2012,19,0.0,Lewis Hamilton
17,Mark,Webber,868,2012,1,25.0,Mark Webber
4,Fernando,Alonso,868,2012,2,18.0,Fernando Alonso
20,Sebastian,Vettel,868,2012,3,15.0,Sebastian Vettel
13,Felipe,Massa,868,2012,4,12.0,Felipe Massa
8,Kimi,Räikkönen,868,2012,5,10.0,Kimi Räikkönen
154,Romain,Grosjean,868,2012,6,8.0,Romain Grosjean
30,Michael,Schumacher,868,2012,7,6.0,Michael Schumacher
1,Lewis,Hamilton,868,2012,8,4.0,Lewis Hamilton
811,Bruno,Senna,868,2012,9,2.0,Bruno Senna
18,Jenson,Button,868,2012,10,1.0,Jenson Button
155,Kamui,Kobayashi,868,2012,11,0.0,Kamui Kobayashi
807,Nico,Hülkenberg,868,2012,12,0.0,Nico Hülkenberg
817,Daniel,Ricciardo,868,2012,13,0.0,Daniel Ricciardo
818,Jean-Éric,Vergne,868,2012,14,0.0,Jean-Éric Vergne
3,Nico,Rosberg,868,2012,15,0.0,Nico Rosberg
813,Pastor,Maldonado,868,2012,16,0.0,Pastor Maldonado
5,Heikki,Kovalainen,868,2012,17,0.0,Heikki Kovalainen
10,Timo,Glock,868,2012,18,0.0,Timo Glock
819,Charles,Pic,868,2012,19,0.0,Charles Pic
37,Pedro,de la Rosa,868,2012,20,0.0,Pedro de la Rosa
39,Narain,Karthikeyan,868,2012,21,0.0,Narain Karthikeyan
4,Fernando,Alonso,869,2012,1,25.0,Fernando Alonso
18,Jenson,Button,869,2012,2,18.0,Jenson Button
8,Kimi,Räikkönen,869,2012,3,15.0,Kimi Räikkönen
155,Kamui,Kobayashi,869,2012,4,12.0,Kamui Kobayashi
20,Sebastian,Vettel,869,2012,5,10.0,Sebastian Vettel
815,Sergio,Pérez,869,2012,6,8.0,Sergio Pérez
30,Michael,Schumacher,869,2012,7,6.0,Michael Schumacher
17,Mark,Webber,869,2012,8,4.0,Mark Webber
807,Nico,Hülkenberg,869,2012,9,2.0,Nico Hülkenberg
3,Nico,Rosberg,869,2012,10,1.0,Nico Rosberg
814,Paul,di Resta,869,2012,11,0.0,Paul di Resta
13,Felipe,Massa,869,2012,12,0.0,Felipe Massa
817,Daniel,Ricciardo,869,2012,13,0.0,Daniel Ricciardo
818,Jean-Éric,Vergne,869,2012,14,0.0,Jean-Éric Vergne
813,Pastor,Maldonado,869,2012,15,0.0,Pastor Maldonado
808,Vitaly,Petrov,869,2012,16,0.0,Vitaly Petrov
811,Bruno,Senna,869,2012,17,0.0,Bruno Senna
154,Romain,Grosjean,869,2012,18,0.0,Romain Grosjean
5,Heikki,Kovalainen,869,2012,19,0.0,Heikki Kovalainen
819,Charles,Pic,869,2012,20,0.0,Charles Pic
37,Pedro,de la Rosa,869,2012,21,0.0,Pedro de la Rosa
10,Timo,Glock,869,2012,22,0.0,Timo Glock
39,Narain,Karthikeyan,869,2012,23,0.0,Narain Karthikeyan
1,Lewis,Hamilton,870,2012,1,25.0,Lewis Hamilton
8,Kimi,Räikkönen,870,2012,2,18.0,Kimi Räikkönen
154,Romain,Grosjean,870,2012,3,15.0,Romain Grosjean
20,Sebastian,Vettel,870,2012,4,12.0,Sebastian Vettel
4,Fernando,Alonso,870,2012,5,10.0,Fernando Alonso
18,Jenson,Button,870,2012,6,8.0,Jenson Button
811,Bruno,Senna,870,2012,7,6.0,Bruno Senna
17,Mark,Webber,870,2012,8,4.0,Mark Webber
13,Felipe,Massa,870,2012,9,2.0,Felipe Massa
3,Nico,Rosberg,870,2012,10,1.0,Nico Rosberg
807,Nico,Hülkenberg,870,2012,11,0.0,Nico Hülkenberg
814,Paul,di Resta,870,2012,12,0.0,Paul di Resta
813,Pastor,Maldonado,870,2012,13,0.0,Pastor Maldonado
815,Sergio,Pérez,870,2012,14,0.0,Sergio Pérez
817,Daniel,Ricciardo,870,2012,15,0.0,Daniel Ricciardo
818,Jean-Éric,Vergne,870,2012,16,0.0,Jean-Éric Vergne
5,Heikki,Kovalainen,870,2012,17,0.0,Heikki Kovalainen
155,Kamui,Kobayashi,870,2012,18,0.0,Kamui Kobayashi
808,Vitaly,Petrov,870,2012,19,0.0,Vitaly Petrov
819,Charles,Pic,870,2012,20,0.0,Charles Pic
10,Timo,Glock,870,2012,21,0.0,Timo Glock
37,Pedro,de la Rosa,870,2012,22,0.0,Pedro de la Rosa
18,Jenson,Button,871,2012,1,25.0,Jenson Button
20,Sebastian,Vettel,871,2012,2,18.0,Sebastian Vettel
8,Kimi,Räikkönen,871,2012,3,15.0,Kimi Räikkönen
807,Nico,Hülkenberg,871,2012,4,12.0,Nico Hülkenberg
13,Felipe,Massa,871,2012,5,10.0,Felipe Massa
17,Mark,Webber,871,2012,6,8.0,Mark Webber
30,Michael,Schumacher,871,2012,7,6.0,Michael Schumacher
818,Jean-Éric,Vergne,871,2012,8,4.0,Jean-Éric Vergne
817,Daniel,Ricciardo,871,2012,9,2.0,Daniel Ricciardo
814,Paul,di Resta,871,2012,10,1.0,Paul di Resta
3,Nico,Rosberg,871,2012,11,0.0,Nico Rosberg
811,Bruno,Senna,871,2012,12,0.0,Bruno Senna
155,Kamui,Kobayashi,871,2012,13,0.0,Kamui Kobayashi
808,Vitaly,Petrov,871,2012,14,0.0,Vitaly Petrov
10,Timo,Glock,871,2012,15,0.0,Timo Glock
819,Charles,Pic,871,2012,16,0.0,Charles Pic
5,Heikki,Kovalainen,871,2012,17,0.0,Heikki Kovalainen
37,Pedro,de la Rosa,871,2012,18,0.0,Pedro de la Rosa
1,Lewis,Hamilton,872,2012,1,25.0,Lewis Hamilton
815,Sergio,Pérez,872,2012,2,18.0,Sergio Pérez
4,Fernando,Alonso,872,2012,3,15.0,Fernando Alonso
13,Felipe,Massa,872,2012,4,12.0,Felipe Massa
8,Kimi,Räikkönen,872,2012,5,10.0,Kimi Räikkönen
30,Michael,Schumacher,872,2012,6,8.0,Michael Schumacher
3,Nico,Rosberg,872,2012,7,6.0,Nico Rosberg
814,Paul,di Resta,872,2012,8,4.0,Paul di Resta
155,Kamui,Kobayashi,872,2012,9,2.0,Kamui Kobayashi
811,Bruno,Senna,872,2012,10,1.0,Bruno Senna
813,Pastor,Maldonado,872,2012,11,0.0,Pastor Maldonado
817,Daniel,Ricciardo,872,2012,12,0.0,Daniel Ricciardo
816,Jérôme,d'Ambrosio,872,2012,13,0.0,Jérôme d'Ambrosio
5,Heikki,Kovalainen,872,2012,14,0.0,Heikki Kovalainen
808,Vitaly,Petrov,872,2012,15,0.0,Vitaly Petrov
819,Charles,Pic,872,2012,16,0.0,Charles Pic
10,Timo,Glock,872,2012,17,0.0,Timo Glock
37,Pedro,de la Rosa,872,2012,18,0.0,Pedro de la Rosa
39,Narain,Karthikeyan,872,2012,19,0.0,Narain Karthikeyan
17,Mark,Webber,872,2012,20,0.0,Mark Webber
807,Nico,Hülkenberg,872,2012,21,0.0,Nico Hülkenberg
20,Sebastian,Vettel,872,2012,22,0.0,Sebastian Vettel
20,Sebastian,Vettel,873,2012,1,25.0,Sebastian Vettel
18,Jenson,Button,873,2012,2,18.0,Jenson Button
4,Fernando,Alonso,873,2012,3,15.0,Fernando Alonso
814,Paul,di Resta,873,2012,4,12.0,Paul di Resta
3,Nico,Rosberg,873,2012,5,10.0,Nico Rosberg
8,Kimi,Räikkönen,873,2012,6,8.0,Kimi Räikkönen
154,Romain,Grosjean,873,2012,7,6.0,Romain Grosjean
13,Felipe,Massa,873,2012,8,4.0,Felipe Massa
817,Daniel,Ricciardo,873,2012,9,2.0,Daniel Ricciardo
815,Sergio,Pérez,873,2012,10,1.0,Sergio Pérez
17,Mark,Webber,873,2012,11,0.0,Mark Webber
10,Timo,Glock,873,2012,12,0.0,Timo Glock
155,Kamui,Kobayashi,873,2012,13,0.0,Kamui Kobayashi
807,Nico,Hülkenberg,873,2012,14,0.0,Nico Hülkenberg
5,Heikki,Kovalainen,873,2012,15,0.0,Heikki Kovalainen
819,Charles,Pic,873,2012,16,0.0,Charles Pic
37,Pedro,de la Rosa,873,2012,17,0.0,Pedro de la Rosa
811,Bruno,Senna,873,2012,18,0.0,Bruno Senna
808,Vitaly,Petrov,873,2012,19,0.0,Vitaly Petrov
20,Sebastian,Vettel,874,2012,1,25.0,Sebastian Vettel
13,Felipe,Massa,874,2012,2,18.0,Felipe Massa
155,Kamui,Kobayashi,874,2012,3,15.0,Kamui Kobayashi
18,Jenson,Button,874,2012,4,12.0,Jenson Button
1,Lewis,Hamilton,874,2012,5,10.0,Lewis Hamilton
8,Kimi,Räikkönen,874,2012,6,8.0,Kimi Räikkönen
807,Nico,Hülkenberg,874,2012,7,6.0,Nico Hülkenberg
813,Pastor,Maldonado,874,2012,8,4.0,Pastor Maldonado
17,Mark,Webber,874,2012,9,2.0,Mark Webber
817,Daniel,Ricciardo,874,2012,10,1.0,Daniel Ricciardo
30,Michael,Schumacher,874,2012,11,0.0,Michael Schumacher
814,Paul,di Resta,874,2012,12,0.0,Paul di Resta
818,Jean-Éric,Vergne,874,2012,13,0.0,Jean-Éric Vergne
811,Bruno,Senna,874,2012,14,0.0,Bruno Senna
5,Heikki,Kovalainen,874,2012,15,0.0,Heikki Kovalainen
10,Timo,Glock,874,2012,16,0.0,Timo Glock
808,Vitaly,Petrov,874,2012,17,0.0,Vitaly Petrov
37,Pedro,de la Rosa,874,2012,18,0.0,Pedro de la Rosa
154,Romain,Grosjean,874,2012,19,0.0,Romain Grosjean
20,Sebastian,Vettel,875,2012,1,25.0,Sebastian Vettel
17,Mark,Webber,875,2012,2,18.0,Mark Webber
4,Fernando,Alonso,875,2012,3,15.0,Fernando Alonso
13,Felipe,Massa,875,2012,4,12.0,Felipe Massa
8,Kimi,Räikkönen,875,2012,5,10.0,Kimi Räikkönen
807,Nico,Hülkenberg,875,2012,6,8.0,Nico Hülkenberg
154,Romain,Grosjean,875,2012,7,6.0,Romain Grosjean
818,Jean-Éric,Vergne,875,2012,8,4.0,Jean-Éric Vergne
817,Daniel,Ricciardo,875,2012,9,2.0,Daniel Ricciardo
1,Lewis,Hamilton,875,2012,10,1.0,Lewis Hamilton
815,Sergio,Pérez,875,2012,11,0.0,Sergio Pérez
814,Paul,di Resta,875,2012,12,0.0,Paul di Resta
30,Michael,Schumacher,875,2012,13,0.0,Michael Schumacher
813,Pastor,Maldonado,875,2012,14,0.0,Pastor Maldonado
811,Bruno,Senna,875,2012,15,0.0,Bruno Senna
808,Vitaly,Petrov,875,2012,16,0.0,Vitaly Petrov
5,Heikki,Kovalainen,875,2012,17,0.0,Heikki Kovalainen
10,Timo,Glock,875,2012,18,0.0,Timo Glock
819,Charles,Pic,875,2012,19,0.0,Charles Pic
39,Narain,Karthikeyan,875,2012,20,0.0,Narain Karthikeyan
20,Sebastian,Vettel,876,2012,1,25.0,Sebastian Vettel
4,Fernando,Alonso,876,2012,2,18.0,Fernando Alonso
17,Mark,Webber,876,2012,3,15.0,Mark Webber
1,Lewis,Hamilton,876,2012,4,12.0,Lewis Hamilton
18,Jenson,Button,876,2012,5,10.0,Jenson Button
13,Felipe,Massa,876,2012,6,8.0,Felipe Massa
8,Kimi,Räikkönen,876,2012,7,6.0,Kimi Räikkönen
807,Nico,Hülkenberg,876,2012,8,4.0,Nico Hülkenberg
154,Romain,Grosjean,876,2012,9,2.0,Romain Grosjean
811,Bruno,Senna,876,2012,10,1.0,Bruno Senna
3,Nico,Rosberg,876,2012,11,0.0,Nico Rosberg
814,Paul,di Resta,876,2012,12,0.0,Paul di Resta
817,Daniel,Ricciardo,876,2012,13,0.0,Daniel Ricciardo
155,Kamui,Kobayashi,876,2012,14,0.0,Kamui Kobayashi
818,Jean-Éric,Vergne,876,2012,15,0.0,Jean-Éric Vergne
813,Pastor,Maldonado,876,2012,16,0.0,Pastor Maldonado
808,Vitaly,Petrov,876,2012,17,0.0,Vitaly Petrov
5,Heikki,Kovalainen,876,2012,18,0.0,Heikki Kovalainen
819,Charles,Pic,876,2012,19,0.0,Charles Pic
10,Timo,Glock,876,2012,20,0.0,Timo Glock
39,Narain,Karthikeyan,876,2012,21,0.0,Narain Karthikeyan
30,Michael,Schumacher,876,2012,22,0.0,Michael Schumacher
8,Kimi,Räikkönen,877,2012,1,25.0,Kimi Räikkönen
4,Fernando,Alonso,877,2012,2,18.0,Fernando Alonso
20,Sebastian,Vettel,877,2012,3,15.0,Sebastian Vettel
18,Jenson,Button,877,2012,4,12.0,Jenson Button
813,Pastor,Maldonado,877,2012,5,10.0,Pastor Maldonado
155,Kamui,Kobayashi,877,2012,6,8.0,Kamui Kobayashi
13,Felipe,Massa,877,2012,7,6.0,Felipe Massa
811,Bruno,Senna,877,2012,8,4.0,Bruno Senna
814,Paul,di Resta,877,2012,9,2.0,Paul di Resta
817,Daniel,Ricciardo,877,2012,10,1.0,Daniel Ricciardo
30,Michael,Schumacher,877,2012,11,0.0,Michael Schumacher
818,Jean-Éric,Vergne,877,2012,12,0.0,Jean-Éric Vergne
5,Heikki,Kovalainen,877,2012,13,0.0,Heikki Kovalainen
10,Timo,Glock,877,2012,14,0.0,Timo Glock
815,Sergio,Pérez,877,2012,15,0.0,Sergio Pérez
808,Vitaly,Petrov,877,2012,16,0.0,Vitaly Petrov
37,Pedro,de la Rosa,877,2012,17,0.0,Pedro de la Rosa
1,Lewis,Hamilton,878,2012,1,25.0,Lewis Hamilton
20,Sebastian,Vettel,878,2012,2,18.0,Sebastian Vettel
4,Fernando,Alonso,878,2012,3,15.0,Fernando Alonso
13,Felipe,Massa,878,2012,4,12.0,Felipe Massa
18,Jenson,Button,878,2012,5,10.0,Jenson Button
8,Kimi,Räikkönen,878,2012,6,8.0,Kimi Räikkönen
154,Romain,Grosjean,878,2012,7,6.0,Romain Grosjean
807,Nico,Hülkenberg,878,2012,8,4.0,Nico Hülkenberg
813,Pastor,Maldonado,878,2012,9,2.0,Pastor Maldonado
811,Bruno,Senna,878,2012,10,1.0,Bruno Senna
815,Sergio,Pérez,878,2012,11,0.0,Sergio Pérez
817,Daniel,Ricciardo,878,2012,12,0.0,Daniel Ricciardo
3,Nico,Rosberg,878,2012,13,0.0,Nico Rosberg
155,Kamui,Kobayashi,878,2012,14,0.0,Kamui Kobayashi
814,Paul,di Resta,878,2012,15,0.0,Paul di Resta
30,Michael,Schumacher,878,2012,16,0.0,Michael Schumacher
808,Vitaly,Petrov,878,2012,17,0.0,Vitaly Petrov
5,Heikki,Kovalainen,878,2012,18,0.0,Heikki Kovalainen
10,Timo,Glock,878,2012,19,0.0,Timo Glock
819,Charles,Pic,878,2012,20,0.0,Charles Pic
37,Pedro,de la Rosa,878,2012,21,0.0,Pedro de la Rosa
39,Narain,Karthikeyan,878,2012,22,0.0,Narain Karthikeyan
18,Jenson,Button,879,2012,1,25.0,Jenson Button
4,Fernando,Alonso,879,2012,2,18.0,Fernando Alonso
13,Felipe,Massa,879,2012,3,15.0,Felipe Massa
17,Mark,Webber,879,2012,4,12.0,Mark Webber
807,Nico,Hülkenberg,879,2012,5,10.0,Nico Hülkenberg
20,Sebastian,Vettel,879,2012,6,8.0,Sebastian Vettel
30,Michael,Schumacher,879,2012,7,6.0,Michael Schumacher
818,Jean-Éric,Vergne,879,2012,8,4.0,Jean-Éric Vergne
155,Kamui,Kobayashi,879,2012,9,2.0,Kamui Kobayashi
8,Kimi,Räikkönen,879,2012,10,1.0,Kimi Räikkönen
808,Vitaly,Petrov,879,2012,11,0.0,Vitaly Petrov
819,Charles,Pic,879,2012,12,0.0,Charles Pic
817,Daniel,Ricciardo,879,2012,13,0.0,Daniel Ricciardo
5,Heikki,Kovalainen,879,2012,14,0.0,Heikki Kovalainen
3,Nico,Rosberg,879,2012,15,0.0,Nico Rosberg
10,Timo,Glock,879,2012,16,0.0,Timo Glock
37,Pedro,de la Rosa,879,2012,17,0.0,Pedro de la Rosa
39,Narain,Karthikeyan,879,2012,18,0.0,Narain Karthikeyan
814,Paul,di Resta,879,2012,19,0.0,Paul di Resta
8,Kimi,Räikkönen,880,2013,1,25.0,Kimi Räikkönen
4,Fernando,Alonso,880,2013,2,18.0,Fernando Alonso
20,Sebastian,Vettel,880,2013,3,15.0,Sebastian Vettel
13,Felipe,Massa,880,2013,4,12.0,Felipe Massa
1,Lewis,Hamilton,880,2013,5,10.0,Lewis Hamilton
17,Mark,Webber,880,2013,6,8.0,Mark Webber
16,Adrian,Sutil,880,2013,7,6.0,Adrian Sutil
814,Paul,di Resta,880,2013,8,4.0,Paul di Resta
18,Jenson,Button,880,2013,9,2.0,Jenson Button
154,Romain,Grosjean,880,2013,10,1.0,Romain Grosjean
815,Sergio,Pérez,880,2013,11,0.0,Sergio Pérez
818,Jean-Éric,Vergne,880,2013,12,0.0,Jean-Éric Vergne
821,Esteban,Gutiérrez,880,2013,13,0.0,Esteban Gutiérrez
822,Valtteri,Bottas,880,2013,14,0.0,Valtteri Bottas
824,Jules,Bianchi,880,2013,15,0.0,Jules Bianchi
819,Charles,Pic,880,2013,16,0.0,Charles Pic
820,Max,Chilton,880,2013,17,0.0,Max Chilton
823,Giedo,van der Garde,880,2013,18,0.0,Giedo van der Garde
20,Sebastian,Vettel,881,2013,1,25.0,Sebastian Vettel
17,Mark,Webber,881,2013,2,18.0,Mark Webber
1,Lewis,Hamilton,881,2013,3,15.0,Lewis Hamilton
3,Nico,Rosberg,881,2013,4,12.0,Nico Rosberg
13,Felipe,Massa,881,2013,5,10.0,Felipe Massa
154,Romain,Grosjean,881,2013,6,8.0,Romain Grosjean
8,Kimi,Räikkönen,881,2013,7,6.0,Kimi Räikkönen
807,Nico,Hülkenberg,881,2013,8,4.0,Nico Hülkenberg
815,Sergio,Pérez,881,2013,9,2.0,Sergio Pérez
818,Jean-Éric,Vergne,881,2013,10,1.0,Jean-Éric Vergne
822,Valtteri,Bottas,881,2013,11,0.0,Valtteri Bottas
821,Esteban,Gutiérrez,881,2013,12,0.0,Esteban Gutiérrez
824,Jules,Bianchi,881,2013,13,0.0,Jules Bianchi
819,Charles,Pic,881,2013,14,0.0,Charles Pic
823,Giedo,van der Garde,881,2013,15,0.0,Giedo van der Garde
820,Max,Chilton,881,2013,16,0.0,Max Chilton
18,Jenson,Button,881,2013,17,0.0,Jenson Button
817,Daniel,Ricciardo,881,2013,18,0.0,Daniel Ricciardo
4,Fernando,Alonso,882,2013,1,25.0,Fernando Alonso
8,Kimi,Räikkönen,882,2013,2,18.0,Kimi Räikkönen
1,Lewis,Hamilton,882,2013,3,15.0,Lewis Hamilton
20,Sebastian,Vettel,882,2013,4,12.0,Sebastian Vettel
18,Jenson,Button,882,2013,5,10.0,Jenson Button
13,Felipe,Massa,882,2013,6,8.0,Felipe Massa
817,Daniel,Ricciardo,882,2013,7,6.0,Daniel Ricciardo
814,Paul,di Resta,882,2013,8,4.0,Paul di Resta
154,Romain,Grosjean,882,2013,9,2.0,Romain Grosjean
807,Nico,Hülkenberg,882,2013,10,1.0,Nico Hülkenberg
815,Sergio,Pérez,882,2013,11,0.0,Sergio Pérez
818,Jean-Éric,Vergne,882,2013,12,0.0,Jean-Éric Vergne
822,Valtteri,Bottas,882,2013,13,0.0,Valtteri Bottas
813,Pastor,Maldonado,882,2013,14,0.0,Pastor Maldonado
824,Jules,Bianchi,882,2013,15,0.0,Jules Bianchi
819,Charles,Pic,882,2013,16,0.0,Charles Pic
820,Max,Chilton,882,2013,17,0.0,Max Chilton
823,Giedo,van der Garde,882,2013,18,0.0,Giedo van der Garde
20,Sebastian,Vettel,883,2013,1,25.0,Sebastian Vettel
8,Kimi,Räikkönen,883,2013,2,18.0,Kimi Räikkönen
154,Romain,Grosjean,883,2013,3,15.0,Romain Grosjean
814,Paul,di Resta,883,2013,4,12.0,Paul di Resta
1,Lewis,Hamilton,883,2013,5,10.0,Lewis Hamilton
815,Sergio,Pérez,883,2013,6,8.0,Sergio Pérez
17,Mark,Webber,883,2013,7,6.0,Mark Webber
4,Fernando,Alonso,883,2013,8,4.0,Fernando Alonso
3,Nico,Rosberg,883,2013,9,2.0,Nico Rosberg
18,Jenson,Button,883,2013,10,1.0,Jenson Button
813,Pastor,Maldonado,883,2013,11,0.0,Pastor Maldonado
807,Nico,Hülkenberg,883,2013,12,0.0,Nico Hülkenberg
16,Adrian,Sutil,883,2013,13,0.0,Adrian Sutil
822,Valtteri,Bottas,883,2013,14,0.0,Valtteri Bottas
13,Felipe,Massa,883,2013,15,0.0,Felipe Massa
817,Daniel,Ricciardo,883,2013,16,0.0,Daniel Ricciardo
819,Charles,Pic,883,2013,17,0.0,Charles Pic
821,Esteban,Gutiérrez,883,2013,18,0.0,Esteban Gutiérrez
824,Jules,Bianchi,883,2013,19,0.0,Jules Bianchi
820,Max,Chilton,883,2013,20,0.0,Max Chilton
823,Giedo,van der Garde,883,2013,21,0.0,Giedo van der Garde
4,Fernando,Alonso,884,2013,1,25.0,Fernando Alonso
8,Kimi,Räikkönen,884,2013,2,18.0,Kimi Räikkönen
13,Felipe,Massa,884,2013,3,15.0,Felipe Massa
20,Sebastian,Vettel,884,2013,4,12.0,Sebastian Vettel
17,Mark,Webber,884,2013,5,10.0,Mark Webber
3,Nico,Rosberg,884,2013,6,8.0,Nico Rosberg
814,Paul,di Resta,884,2013,7,6.0,Paul di Resta
18,Jenson,Button,884,2013,8,4.0,Jenson Button
815,Sergio,Pérez,884,2013,9,2.0,Sergio Pérez
817,Daniel,Ricciardo,884,2013,10,1.0,Daniel Ricciardo
821,Esteban,Gutiérrez,884,2013,11,0.0,Esteban Gutiérrez
1,Lewis,Hamilton,884,2013,12,0.0,Lewis Hamilton
16,Adrian,Sutil,884,2013,13,0.0,Adrian Sutil
813,Pastor,Maldonado,884,2013,14,0.0,Pastor Maldonado
807,Nico,Hülkenberg,884,2013,15,0.0,Nico Hülkenberg
822,Valtteri,Bottas,884,2013,16,0.0,Valtteri Bottas
819,Charles,Pic,884,2013,17,0.0,Charles Pic
824,Jules,Bianchi,884,2013,18,0.0,Jules Bianchi
820,Max,Chilton,884,2013,19,0.0,Max Chilton
818,Jean-Éric,Vergne,884,2013,20,0.0,Jean-Éric Vergne
823,Giedo,van der Garde,884,2013,21,0.0,Giedo van der Garde
154,Romain,Grosjean,884,2013,22,0.0,Romain Grosjean
3,Nico,Rosberg,885,2013,1,25.0,Nico Rosberg
20,Sebastian,Vettel,885,2013,2,18.0,Sebastian Vettel
17,Mark,Webber,885,2013,3,15.0,Mark Webber
1,Lewis,Hamilton,885,2013,4,12.0,Lewis Hamilton
16,Adrian,Sutil,885,2013,5,10.0,Adrian Sutil
18,Jenson,Button,885,2013,6,8.0,Jenson Button
4,Fernando,Alonso,885,2013,7,6.0,Fernando Alonso
818,Jean-Éric,Vergne,885,2013,8,4.0,Jean-Éric Vergne
814,Paul,di Resta,885,2013,9,2.0,Paul di Resta
8,Kimi,Räikkönen,885,2013,10,1.0,Kimi Räikkönen
807,Nico,Hülkenberg,885,2013,11,0.0,Nico Hülkenberg
822,Valtteri,Bottas,885,2013,12,0.0,Valtteri Bottas
821,Esteban,Gutiérrez,885,2013,13,0.0,Esteban Gutiérrez
820,Max,Chilton,885,2013,14,0.0,Max Chilton
823,Giedo,van der Garde,885,2013,15,0.0,Giedo van der Garde
815,Sergio,Pérez,885,2013,16,0.0,Sergio Pérez
20,Sebastian,Vettel,886,2013,1,25.0,Sebastian Vettel
4,Fernando,Alonso,886,2013,2,18.0,Fernando Alonso
1,Lewis,Hamilton,886,2013,3,15.0,Lewis Hamilton
17,Mark,Webber,886,2013,4,12.0,Mark Webber
3,Nico,Rosberg,886,2013,5,10.0,Nico Rosberg
818,Jean-Éric,Vergne,886,2013,6,8.0,Jean-Éric Vergne
814,Paul,di Resta,886,2013,7,6.0,Paul di Resta
13,Felipe,Massa,886,2013,8,4.0,Felipe Massa
8,Kimi,Räikkönen,886,2013,9,2.0,Kimi Räikkönen
16,Adrian,Sutil,886,2013,10,1.0,Adrian Sutil
815,Sergio,Pérez,886,2013,11,0.0,Sergio Pérez
18,Jenson,Button,886,2013,12,0.0,Jenson Button
154,Romain,Grosjean,886,2013,13,0.0,Romain Grosjean
822,Valtteri,Bottas,886,2013,14,0.0,Valtteri Bottas
817,Daniel,Ricciardo,886,2013,15,0.0,Daniel Ricciardo
813,Pastor,Maldonado,886,2013,16,0.0,Pastor Maldonado
824,Jules,Bianchi,886,2013,17,0.0,Jules Bianchi
819,Charles,Pic,886,2013,18,0.0,Charles Pic
820,Max,Chilton,886,2013,19,0.0,Max Chilton
821,Esteban,Gutiérrez,886,2013,20,0.0,Esteban Gutiérrez
3,Nico,Rosberg,887,2013,1,25.0,Nico Rosberg
17,Mark,Webber,887,2013,2,18.0,Mark Webber
4,Fernando,Alonso,887,2013,3,15.0,Fernando Alonso
1,Lewis,Hamilton,887,2013,4,12.0,Lewis Hamilton
8,Kimi,Räikkönen,887,2013,5,10.0,Kimi Räikkönen
13,Felipe,Massa,887,2013,6,8.0,Felipe Massa
16,Adrian,Sutil,887,2013,7,6.0,Adrian Sutil
817,Daniel,Ricciardo,887,2013,8,4.0,Daniel Ricciardo
814,Paul,di Resta,887,2013,9,2.0,Paul di Resta
807,Nico,Hülkenberg,887,2013,10,1.0,Nico Hülkenberg
813,Pastor,Maldonado,887,2013,11,0.0,Pastor Maldonado
822,Valtteri,Bottas,887,2013,12,0.0,Valtteri Bottas
18,Jenson,Button,887,2013,13,0.0,Jenson Button
821,Esteban,Gutiérrez,887,2013,14,0.0,Esteban Gutiérrez
819,Charles,Pic,887,2013,15,0.0,Charles Pic
824,Jules,Bianchi,887,2013,16,0.0,Jules Bianchi
820,Max,Chilton,887,2013,17,0.0,Max Chilton
823,Giedo,van der Garde,887,2013,18,0.0,Giedo van der Garde
154,Romain,Grosjean,887,2013,19,0.0,Romain Grosjean
815,Sergio,Pérez,887,2013,20,0.0,Sergio Pérez
20,Sebastian,Vettel,888,2013,1,25.0,Sebastian Vettel
8,Kimi,Räikkönen,888,2013,2,18.0,Kimi Räikkönen
154,Romain,Grosjean,888,2013,3,15.0,Romain Grosjean
4,Fernando,Alonso,888,2013,4,12.0,Fernando Alonso
1,Lewis,Hamilton,888,2013,5,10.0,Lewis Hamilton
18,Jenson,Button,888,2013,6,8.0,Jenson Button
17,Mark,Webber,888,2013,7,6.0,Mark Webber
815,Sergio,Pérez,888,2013,8,4.0,Sergio Pérez
3,Nico,Rosberg,888,2013,9,2.0,Nico Rosberg
807,Nico,Hülkenberg,888,2013,10,1.0,Nico Hülkenberg
814,Paul,di Resta,888,2013,11,0.0,Paul di Resta
817,Daniel,Ricciardo,888,2013,12,0.0,Daniel Ricciardo
16,Adrian,Sutil,888,2013,13,0.0,Adrian Sutil
821,Esteban,Gutiérrez,888,2013,14,0.0,Esteban Gutiérrez
813,Pastor,Maldonado,888,2013,15,0.0,Pastor Maldonado
822,Valtteri,Bottas,888,2013,16,0.0,Valtteri Bottas
819,Charles,Pic,888,2013,17,0.0,Charles Pic
823,Giedo,van der Garde,888,2013,18,0.0,Giedo van der Garde
820,Max,Chilton,888,2013,19,0.0,Max Chilton
1,Lewis,Hamilton,890,2013,1,25.0,Lewis Hamilton
8,Kimi,Räikkönen,890,2013,2,18.0,Kimi Räikkönen
20,Sebastian,Vettel,890,2013,3,15.0,Sebastian Vettel
17,Mark,Webber,890,2013,4,12.0,Mark Webber
4,Fernando,Alonso,890,2013,5,10.0,Fernando Alonso
154,Romain,Grosjean,890,2013,6,8.0,Romain Grosjean
18,Jenson,Button,890,2013,7,6.0,Jenson Button
13,Felipe,Massa,890,2013,8,4.0,Felipe Massa
815,Sergio,Pérez,890,2013,9,2.0,Sergio Pérez
813,Pastor,Maldonado,890,2013,10,1.0,Pastor Maldonado
807,Nico,Hülkenberg,890,2013,11,0.0,Nico Hülkenberg
818,Jean-Éric,Vergne,890,2013,12,0.0,Jean-Éric Vergne
817,Daniel,Ricciardo,890,2013,13,0.0,Daniel Ricciardo
823,Giedo,van der Garde,890,2013,14,0.0,Giedo van der Garde
819,Charles,Pic,890,2013,15,0.0,Charles Pic
824,Jules,Bianchi,890,2013,16,0.0,Jules Bianchi
820,Max,Chilton,890,2013,17,0.0,Max Chilton
814,Paul,di Resta,890,2013,18,0.0,Paul di Resta
3,Nico,Rosberg,890,2013,19,0.0,Nico Rosberg
20,Sebastian,Vettel,891,2013,1,25.0,Sebastian Vettel
4,Fernando,Alonso,891,2013,2,18.0,Fernando Alonso
1,Lewis,Hamilton,891,2013,3,15.0,Lewis Hamilton
3,Nico,Rosberg,891,2013,4,12.0,Nico Rosberg
17,Mark,Webber,891,2013,5,10.0,Mark Webber
18,Jenson,Button,891,2013,6,8.0,Jenson Button
13,Felipe,Massa,891,2013,7,6.0,Felipe Massa
154,Romain,Grosjean,891,2013,8,4.0,Romain Grosjean
16,Adrian,Sutil,891,2013,9,2.0,Adrian Sutil
817,Daniel,Ricciardo,891,2013,10,1.0,Daniel Ricciardo
815,Sergio,Pérez,891,2013,11,0.0,Sergio Pérez
818,Jean-Éric,Vergne,891,2013,12,0.0,Jean-Éric Vergne
807,Nico,Hülkenberg,891,2013,13,0.0,Nico Hülkenberg
821,Esteban,Gutiérrez,891,2013,14,0.0,Esteban Gutiérrez
822,Valtteri,Bottas,891,2013,15,0.0,Valtteri Bottas
823,Giedo,van der Garde,891,2013,16,0.0,Giedo van der Garde
813,Pastor,Maldonado,891,2013,17,0.0,Pastor Maldonado
824,Jules,Bianchi,891,2013,18,0.0,Jules Bianchi
820,Max,Chilton,891,2013,19,0.0,Max Chilton
20,Sebastian,Vettel,892,2013,1,25.0,Sebastian Vettel
4,Fernando,Alonso,892,2013,2,18.0,Fernando Alonso
17,Mark,Webber,892,2013,3,15.0,Mark Webber
13,Felipe,Massa,892,2013,4,12.0,Felipe Massa
807,Nico,Hülkenberg,892,2013,5,10.0,Nico Hülkenberg
3,Nico,Rosberg,892,2013,6,8.0,Nico Rosberg
817,Daniel,Ricciardo,892,2013,7,6.0,Daniel Ricciardo
154,Romain,Grosjean,892,2013,8,4.0,Romain Grosjean
1,Lewis,Hamilton,892,2013,9,2.0,Lewis Hamilton
18,Jenson,Button,892,2013,10,1.0,Jenson Button
8,Kimi,Räikkönen,892,2013,11,0.0,Kimi Räikkönen
815,Sergio,Pérez,892,2013,12,0.0,Sergio Pérez
821,Esteban,Gutiérrez,892,2013,13,0.0,Esteban Gutiérrez
813,Pastor,Maldonado,892,2013,14,0.0,Pastor Maldonado
822,Valtteri,Bottas,892,2013,15,0.0,Valtteri Bottas
16,Adrian,Sutil,892,2013,16,0.0,Adrian Sutil
819,Charles,Pic,892,2013,17,0.0,Charles Pic
823,Giedo,van der Garde,892,2013,18,0.0,Giedo van der Garde
824,Jules,Bianchi,892,2013,19,0.0,Jules Bianchi
820,Max,Chilton,892,2013,20,0.0,Max Chilton
20,Sebastian,Vettel,893,2013,1,25.0,Sebastian Vettel
4,Fernando,Alonso,893,2013,2,18.0,Fernando Alonso
8,Kimi,Räikkönen,893,2013,3,15.0,Kimi Räikkönen
3,Nico,Rosberg,893,2013,4,12.0,Nico Rosberg
1,Lewis,Hamilton,893,2013,5,10.0,Lewis Hamilton
13,Felipe,Massa,893,2013,6,8.0,Felipe Massa
18,Jenson,Button,893,2013,7,6.0,Jenson Button
815,Sergio,Pérez,893,2013,8,4.0,Sergio Pérez
807,Nico,Hülkenberg,893,2013,9,2.0,Nico Hülkenberg
16,Adrian,Sutil,893,2013,10,1.0,Adrian Sutil
813,Pastor,Maldonado,893,2013,11,0.0,Pastor Maldonado
821,Esteban,Gutiérrez,893,2013,12,0.0,Esteban Gutiérrez
822,Valtteri,Bottas,893,2013,13,0.0,Valtteri Bottas
818,Jean-Éric,Vergne,893,2013,14,0.0,Jean-Éric Vergne
17,Mark,Webber,893,2013,15,0.0,Mark Webber
823,Giedo,van der Garde,893,2013,16,0.0,Giedo van der Garde
820,Max,Chilton,893,2013,17,0.0,Max Chilton
824,Jules,Bianchi,893,2013,18,0.0,Jules Bianchi
819,Charles,Pic,893,2013,19,0.0,Charles Pic
814,Paul,di Resta,893,2013,20,0.0,Paul di Resta
20,Sebastian,Vettel,894,2013,1,25.0,Sebastian Vettel
8,Kimi,Räikkönen,894,2013,2,18.0,Kimi Räikkönen
154,Romain,Grosjean,894,2013,3,15.0,Romain Grosjean
807,Nico,Hülkenberg,894,2013,4,12.0,Nico Hülkenberg
1,Lewis,Hamilton,894,2013,5,10.0,Lewis Hamilton
4,Fernando,Alonso,894,2013,6,8.0,Fernando Alonso
3,Nico,Rosberg,894,2013,7,6.0,Nico Rosberg
18,Jenson,Button,894,2013,8,4.0,Jenson Button
13,Felipe,Massa,894,2013,9,2.0,Felipe Massa
815,Sergio,Pérez,894,2013,10,1.0,Sergio Pérez
821,Esteban,Gutiérrez,894,2013,11,0.0,Esteban Gutiérrez
822,Valtteri,Bottas,894,2013,12,0.0,Valtteri Bottas
813,Pastor,Maldonado,894,2013,13,0.0,Pastor Maldonado
819,Charles,Pic,894,2013,14,0.0,Charles Pic
823,Giedo,van der Garde,894,2013,15,0.0,Giedo van der Garde
824,Jules,Bianchi,894,2013,16,0.0,Jules Bianchi
820,Max,Chilton,894,2013,17,0.0,Max Chilton
818,Jean-Éric,Vergne,894,2013,18,0.0,Jean-Éric Vergne
817,Daniel,Ricciardo,894,2013,19,0.0,Daniel Ricciardo
16,Adrian,Sutil,894,2013,20,0.0,Adrian Sutil
20,Sebastian,Vettel,895,2013,1,25.0,Sebastian Vettel
17,Mark,Webber,895,2013,2,18.0,Mark Webber
154,Romain,Grosjean,895,2013,3,15.0,Romain Grosjean
4,Fernando,Alonso,895,2013,4,12.0,Fernando Alonso
8,Kimi,Räikkönen,895,2013,5,10.0,Kimi Räikkönen
807,Nico,Hülkenberg,895,2013,6,8.0,Nico Hülkenberg
821,Esteban,Gutiérrez,895,2013,7,6.0,Esteban Gutiérrez
3,Nico,Rosberg,895,2013,8,4.0,Nico Rosberg
18,Jenson,Button,895,2013,9,2.0,Jenson Button
13,Felipe,Massa,895,2013,10,1.0,Felipe Massa
814,Paul,di Resta,895,2013,11,0.0,Paul di Resta
818,Jean-Éric,Vergne,895,2013,12,0.0,Jean-Éric Vergne
817,Daniel,Ricciardo,895,2013,13,0.0,Daniel Ricciardo
16,Adrian,Sutil,895,2013,14,0.0,Adrian Sutil
815,Sergio,Pérez,895,2013,15,0.0,Sergio Pérez
813,Pastor,Maldonado,895,2013,16,0.0,Pastor Maldonado
822,Valtteri,Bottas,895,2013,17,0.0,Valtteri Bottas
819,Charles,Pic,895,2013,18,0.0,Charles Pic
820,Max,Chilton,895,2013,19,0.0,Max Chilton
20,Sebastian,Vettel,896,2013,1,25.0,Sebastian Vettel
3,Nico,Rosberg,896,2013,2,18.0,Nico Rosberg
154,Romain,Grosjean,896,2013,3,15.0,Romain Grosjean
13,Felipe,Massa,896,2013,4,12.0,Felipe Massa
815,Sergio,Pérez,896,2013,5,10.0,Sergio Pérez
1,Lewis,Hamilton,896,2013,6,8.0,Lewis Hamilton
8,Kimi,Räikkönen,896,2013,7,6.0,Kimi Räikkönen
814,Paul,di Resta,896,2013,8,4.0,Paul di Resta
16,Adrian,Sutil,896,2013,9,2.0,Adrian Sutil
817,Daniel,Ricciardo,896,2013,10,1.0,Daniel Ricciardo
4,Fernando,Alonso,896,2013,11,0.0,Fernando Alonso
813,Pastor,Maldonado,896,2013,12,0.0,Pastor Maldonado
818,Jean-Éric,Vergne,896,2013,13,0.0,Jean-Éric Vergne
18,Jenson,Button,896,2013,14,0.0,Jenson Button
821,Esteban,Gutiérrez,896,2013,15,0.0,Esteban Gutiérrez
822,Valtteri,Bottas,896,2013,16,0.0,Valtteri Bottas
820,Max,Chilton,896,2013,17,0.0,Max Chilton
824,Jules,Bianchi,896,2013,18,0.0,Jules Bianchi
807,Nico,Hülkenberg,896,2013,19,0.0,Nico Hülkenberg
20,Sebastian,Vettel,897,2013,1,25.0,Sebastian Vettel
17,Mark,Webber,897,2013,2,18.0,Mark Webber
3,Nico,Rosberg,897,2013,3,15.0,Nico Rosberg
154,Romain,Grosjean,897,2013,4,12.0,Romain Grosjean
4,Fernando,Alonso,897,2013,5,10.0,Fernando Alonso
814,Paul,di Resta,897,2013,6,8.0,Paul di Resta
1,Lewis,Hamilton,897,2013,7,6.0,Lewis Hamilton
13,Felipe,Massa,897,2013,8,4.0,Felipe Massa
815,Sergio,Pérez,897,2013,9,2.0,Sergio Pérez
16,Adrian,Sutil,897,2013,10,1.0,Adrian Sutil
813,Pastor,Maldonado,897,2013,11,0.0,Pastor Maldonado
18,Jenson,Button,897,2013,12,0.0,Jenson Button
821,Esteban,Gutiérrez,897,2013,13,0.0,Esteban Gutiérrez
807,Nico,Hülkenberg,897,2013,14,0.0,Nico Hülkenberg
822,Valtteri,Bottas,897,2013,15,0.0,Valtteri Bottas
817,Daniel,Ricciardo,897,2013,16,0.0,Daniel Ricciardo
818,Jean-Éric,Vergne,897,2013,17,0.0,Jean-Éric Vergne
823,Giedo,van der Garde,897,2013,18,0.0,Giedo van der Garde
819,Charles,Pic,897,2013,19,0.0,Charles Pic
824,Jules,Bianchi,897,2013,20,0.0,Jules Bianchi
820,Max,Chilton,897,2013,21,0.0,Max Chilton
20,Sebastian,Vettel,898,2013,1,25.0,Sebastian Vettel
154,Romain,Grosjean,898,2013,2,18.0,Romain Grosjean
17,Mark,Webber,898,2013,3,15.0,Mark Webber
1,Lewis,Hamilton,898,2013,4,12.0,Lewis Hamilton
4,Fernando,Alonso,898,2013,5,10.0,Fernando Alonso
807,Nico,Hülkenberg,898,2013,6,8.0,Nico Hülkenberg
815,Sergio,Pérez,898,2013,7,6.0,Sergio Pérez
822,Valtteri,Bottas,898,2013,8,4.0,Valtteri Bottas
3,Nico,Rosberg,898,2013,9,2.0,Nico Rosberg
18,Jenson,Button,898,2013,10,1.0,Jenson Button
817,Daniel,Ricciardo,898,2013,11,0.0,Daniel Ricciardo
818,Jean-Éric,Vergne,898,2013,12,0.0,Jean-Éric Vergne
13,Felipe,Massa,898,2013,13,0.0,Felipe Massa
821,Esteban,Gutiérrez,898,2013,14,0.0,Esteban Gutiérrez
5,Heikki,Kovalainen,898,2013,15,0.0,Heikki Kovalainen
814,Paul,di Resta,898,2013,16,0.0,Paul di Resta
813,Pastor,Maldonado,898,2013,17,0.0,Pastor Maldonado
824,Jules,Bianchi,898,2013,18,0.0,Jules Bianchi
823,Giedo,van der Garde,898,2013,19,0.0,Giedo van der Garde
819,Charles,Pic,898,2013,20,0.0,Charles Pic
820,Max,Chilton,898,2013,21,0.0,Max Chilton
20,Sebastian,Vettel,899,2013,1,25.0,Sebastian Vettel
17,Mark,Webber,899,2013,2,18.0,Mark Webber
4,Fernando,Alonso,899,2013,3,15.0,Fernando Alonso
18,Jenson,Button,899,2013,4,12.0,Jenson Button
3,Nico,Rosberg,899,2013,5,10.0,Nico Rosberg
815,Sergio,Pérez,899,2013,6,8.0,Sergio Pérez
13,Felipe,Massa,899,2013,7,6.0,Felipe Massa
807,Nico,Hülkenberg,899,2013,8,4.0,Nico Hülkenberg
1,Lewis,Hamilton,899,2013,9,2.0,Lewis Hamilton
817,Daniel,Ricciardo,899,2013,10,1.0,Daniel Ricciardo
814,Paul,di Resta,899,2013,11,0.0,Paul di Resta
821,Esteban,Gutiérrez,899,2013,12,0.0,Esteban Gutiérrez
16,Adrian,Sutil,899,2013,13,0.0,Adrian Sutil
5,Heikki,Kovalainen,899,2013,14,0.0,Heikki Kovalainen
818,Jean-Éric,Vergne,899,2013,15,0.0,Jean-Éric Vergne
813,Pastor,Maldonado,899,2013,16,0.0,Pastor Maldonado
824,Jules,Bianchi,899,2013,17,0.0,Jules Bianchi
823,Giedo,van der Garde,899,2013,18,0.0,Giedo van der Garde
820,Max,Chilton,899,2013,19,0.0,Max Chilton
3,Nico,Rosberg,900,2014,1,25.0,Nico Rosberg
825,Kevin,Magnussen,900,2014,2,18.0,Kevin Magnussen
18,Jenson,Button,900,2014,3,15.0,Jenson Button
4,Fernando,Alonso,900,2014,4,12.0,Fernando Alonso
822,Valtteri,Bottas,900,2014,5,10.0,Valtteri Bottas
807,Nico,Hülkenberg,900,2014,6,8.0,Nico Hülkenberg
8,Kimi,Räikkönen,900,2014,7,6.0,Kimi Räikkönen
818,Jean-Éric,Vergne,900,2014,8,4.0,Jean-Éric Vergne
826,Daniil,Kvyat,900,2014,9,2.0,Daniil Kvyat
815,Sergio,Pérez,900,2014,10,1.0,Sergio Pérez
16,Adrian,Sutil,900,2014,11,0.0,Adrian Sutil
821,Esteban,Gutiérrez,900,2014,12,0.0,Esteban Gutiérrez
820,Max,Chilton,900,2014,13,0.0,Max Chilton
1,Lewis,Hamilton,901,2014,1,25.0,Lewis Hamilton
3,Nico,Rosberg,901,2014,2,18.0,Nico Rosberg
20,Sebastian,Vettel,901,2014,3,15.0,Sebastian Vettel
4,Fernando,Alonso,901,2014,4,12.0,Fernando Alonso
807,Nico,Hülkenberg,901,2014,5,10.0,Nico Hülkenberg
18,Jenson,Button,901,2014,6,8.0,Jenson Button
13,Felipe,Massa,901,2014,7,6.0,Felipe Massa
822,Valtteri,Bottas,901,2014,8,4.0,Valtteri Bottas
825,Kevin,Magnussen,901,2014,9,2.0,Kevin Magnussen
826,Daniil,Kvyat,901,2014,10,1.0,Daniil Kvyat
154,Romain,Grosjean,901,2014,11,0.0,Romain Grosjean
8,Kimi,Räikkönen,901,2014,12,0.0,Kimi Räikkönen
155,Kamui,Kobayashi,901,2014,13,0.0,Kamui Kobayashi
828,Marcus,Ericsson,901,2014,14,0.0,Marcus Ericsson
820,Max,Chilton,901,2014,15,0.0,Max Chilton
1,Lewis,Hamilton,902,2014,1,25.0,Lewis Hamilton
3,Nico,Rosberg,902,2014,2,18.0,Nico Rosberg
815,Sergio,Pérez,902,2014,3,15.0,Sergio Pérez
817,Daniel,Ricciardo,902,2014,4,12.0,Daniel Ricciardo
807,Nico,Hülkenberg,902,2014,5,10.0,Nico Hülkenberg
20,Sebastian,Vettel,902,2014,6,8.0,Sebastian Vettel
13,Felipe,Massa,902,2014,7,6.0,Felipe Massa
822,Valtteri,Bottas,902,2014,8,4.0,Valtteri Bottas
4,Fernando,Alonso,902,2014,9,2.0,Fernando Alonso
8,Kimi,Räikkönen,902,2014,10,1.0,Kimi Räikkönen
826,Daniil,Kvyat,902,2014,11,0.0,Daniil Kvyat
154,Romain,Grosjean,902,2014,12,0.0,Romain Grosjean
820,Max,Chilton,902,2014,13,0.0,Max Chilton
813,Pastor,Maldonado,902,2014,14,0.0,Pastor Maldonado
155,Kamui,Kobayashi,902,2014,15,0.0,Kamui Kobayashi
824,Jules,Bianchi,902,2014,16,0.0,Jules Bianchi
18,Jenson,Button,902,2014,17,0.0,Jenson Button
1,Lewis,Hamilton,903,2014,1,25.0,Lewis Hamilton
3,Nico,Rosberg,903,2014,2,18.0,Nico Rosberg
4,Fernando,Alonso,903,2014,3,15.0,Fernando Alonso
817,Daniel,Ricciardo,903,2014,4,12.0,Daniel Ricciardo
20,Sebastian,Vettel,903,2014,5,10.0,Sebastian Vettel
807,Nico,Hülkenberg,903,2014,6,8.0,Nico Hülkenberg
822,Valtteri,Bottas,903,2014,7,6.0,Valtteri Bottas
8,Kimi,Räikkönen,903,2014,8,4.0,Kimi Räikkönen
815,Sergio,Pérez,903,2014,9,2.0,Sergio Pérez
826,Daniil,Kvyat,903,2014,10,1.0,Daniil Kvyat
18,Jenson,Button,903,2014,11,0.0,Jenson Button
818,Jean-Éric,Vergne,903,2014,12,0.0,Jean-Éric Vergne
825,Kevin,Magnussen,903,2014,13,0.0,Kevin Magnussen
813,Pastor,Maldonado,903,2014,14,0.0,Pastor Maldonado
13,Felipe,Massa,903,2014,15,0.0,Felipe Massa
821,Esteban,Gutiérrez,903,2014,16,0.0,Esteban Gutiérrez
824,Jules,Bianchi,903,2014,17,0.0,Jules Bianchi
155,Kamui,Kobayashi,903,2014,18,0.0,Kamui Kobayashi
820,Max,Chilton,903,2014,19,0.0,Max Chilton
828,Marcus,Ericsson,903,2014,20,0.0,Marcus Ericsson
1,Lewis,Hamilton,904,2014,1,25.0,Lewis Hamilton
3,Nico,Rosberg,904,2014,2,18.0,Nico Rosberg
817,Daniel,Ricciardo,904,2014,3,15.0,Daniel Ricciardo
20,Sebastian,Vettel,904,2014,4,12.0,Sebastian Vettel
822,Valtteri,Bottas,904,2014,5,10.0,Valtteri Bottas
4,Fernando,Alonso,904,2014,6,8.0,Fernando Alonso
8,Kimi,Räikkönen,904,2014,7,6.0,Kimi Räikkönen
154,Romain,Grosjean,904,2014,8,4.0,Romain Grosjean
815,Sergio,Pérez,904,2014,9,2.0,Sergio Pérez
807,Nico,Hülkenberg,904,2014,10,1.0,Nico Hülkenberg
18,Jenson,Button,904,2014,11,0.0,Jenson Button
825,Kevin,Magnussen,904,2014,12,0.0,Kevin Magnussen
13,Felipe,Massa,904,2014,13,0.0,Felipe Massa
826,Daniil,Kvyat,904,2014,14,0.0,Daniil Kvyat
813,Pastor,Maldonado,904,2014,15,0.0,Pastor Maldonado
821,Esteban,Gutiérrez,904,2014,16,0.0,Esteban Gutiérrez
16,Adrian,Sutil,904,2014,17,0.0,Adrian Sutil
824,Jules,Bianchi,904,2014,18,0.0,Jules Bianchi
820,Max,Chilton,904,2014,19,0.0,Max Chilton
828,Marcus,Ericsson,904,2014,20,0.0,Marcus Ericsson
3,Nico,Rosberg,905,2014,1,25.0,Nico Rosberg
1,Lewis,Hamilton,905,2014,2,18.0,Lewis Hamilton
817,Daniel,Ricciardo,905,2014,3,15.0,Daniel Ricciardo
4,Fernando,Alonso,905,2014,4,12.0,Fernando Alonso
807,Nico,Hülkenberg,905,2014,5,10.0,Nico Hülkenberg
18,Jenson,Button,905,2014,6,8.0,Jenson Button
13,Felipe,Massa,905,2014,7,6.0,Felipe Massa
154,Romain,Grosjean,905,2014,8,4.0,Romain Grosjean
824,Jules,Bianchi,905,2014,9,2.0,Jules Bianchi
825,Kevin,Magnussen,905,2014,10,1.0,Kevin Magnussen
828,Marcus,Ericsson,905,2014,11,0.0,Marcus Ericsson
8,Kimi,Räikkönen,905,2014,12,0.0,Kimi Räikkönen
155,Kamui,Kobayashi,905,2014,13,0.0,Kamui Kobayashi
820,Max,Chilton,905,2014,14,0.0,Max Chilton
817,Daniel,Ricciardo,906,2014,1,25.0,Daniel Ricciardo
3,Nico,Rosberg,906,2014,2,18.0,Nico Rosberg
20,Sebastian,Vettel,906,2014,3,15.0,Sebastian Vettel
18,Jenson,Button,906,2014,4,12.0,Jenson Button
807,Nico,Hülkenberg,906,2014,5,10.0,Nico Hülkenberg
4,Fernando,Alonso,906,2014,6,8.0,Fernando Alonso
822,Valtteri,Bottas,906,2014,7,6.0,Valtteri Bottas
818,Jean-Éric,Vergne,906,2014,8,4.0,Jean-Éric Vergne
825,Kevin,Magnussen,906,2014,9,2.0,Kevin Magnussen
8,Kimi,Räikkönen,906,2014,10,1.0,Kimi Räikkönen
815,Sergio,Pérez,906,2014,11,0.0,Sergio Pérez
13,Felipe,Massa,906,2014,12,0.0,Felipe Massa
16,Adrian,Sutil,906,2014,13,0.0,Adrian Sutil
821,Esteban,Gutiérrez,906,2014,14,0.0,Esteban Gutiérrez
3,Nico,Rosberg,907,2014,1,25.0,Nico Rosberg
1,Lewis,Hamilton,907,2014,2,18.0,Lewis Hamilton
822,Valtteri,Bottas,907,2014,3,15.0,Valtteri Bottas
13,Felipe,Massa,907,2014,4,12.0,Felipe Massa
4,Fernando,Alonso,907,2014,5,10.0,Fernando Alonso
815,Sergio,Pérez,907,2014,6,8.0,Sergio Pérez
825,Kevin,Magnussen,907,2014,7,6.0,Kevin Magnussen
817,Daniel,Ricciardo,907,2014,8,4.0,Daniel Ricciardo
807,Nico,Hülkenberg,907,2014,9,2.0,Nico Hülkenberg
8,Kimi,Räikkönen,907,2014,10,1.0,Kimi Räikkönen
18,Jenson,Button,907,2014,11,0.0,Jenson Button
813,Pastor,Maldonado,907,2014,12,0.0,Pastor Maldonado
16,Adrian,Sutil,907,2014,13,0.0,Adrian Sutil
154,Romain,Grosjean,907,2014,14,0.0,Romain Grosjean
824,Jules,Bianchi,907,2014,15,0.0,Jules Bianchi
155,Kamui,Kobayashi,907,2014,16,0.0,Kamui Kobayashi
820,Max,Chilton,907,2014,17,0.0,Max Chilton
828,Marcus,Ericsson,907,2014,18,0.0,Marcus Ericsson
821,Esteban,Gutiérrez,907,2014,19,0.0,Esteban Gutiérrez
1,Lewis,Hamilton,908,2014,1,25.0,Lewis Hamilton
822,Valtteri,Bottas,908,2014,2,18.0,Valtteri Bottas
817,Daniel,Ricciardo,908,2014,3,15.0,Daniel Ricciardo
18,Jenson,Button,908,2014,4,12.0,Jenson Button
20,Sebastian,Vettel,908,2014,5,10.0,Sebastian Vettel
4,Fernando,Alonso,908,2014,6,8.0,Fernando Alonso
825,Kevin,Magnussen,908,2014,7,6.0,Kevin Magnussen
807,Nico,Hülkenberg,908,2014,8,4.0,Nico Hülkenberg
826,Daniil,Kvyat,908,2014,9,2.0,Daniil Kvyat
818,Jean-Éric,Vergne,908,2014,10,1.0,Jean-Éric Vergne
815,Sergio,Pérez,908,2014,11,0.0,Sergio Pérez
154,Romain,Grosjean,908,2014,12,0.0,Romain Grosjean
16,Adrian,Sutil,908,2014,13,0.0,Adrian Sutil
824,Jules,Bianchi,908,2014,14,0.0,Jules Bianchi
155,Kamui,Kobayashi,908,2014,15,0.0,Kamui Kobayashi
820,Max,Chilton,908,2014,16,0.0,Max Chilton
813,Pastor,Maldonado,908,2014,17,0.0,Pastor Maldonado
3,Nico,Rosberg,909,2014,1,25.0,Nico Rosberg
822,Valtteri,Bottas,909,2014,2,18.0,Valtteri Bottas
1,Lewis,Hamilton,909,2014,3,15.0,Lewis Hamilton
20,Sebastian,Vettel,909,2014,4,12.0,Sebastian Vettel
4,Fernando,Alonso,909,2014,5,10.0,Fernando Alonso
817,Daniel,Ricciardo,909,2014,6,8.0,Daniel Ricciardo
807,Nico,Hülkenberg,909,2014,7,6.0,Nico Hülkenberg
18,Jenson,Button,909,2014,8,4.0,Jenson Button
825,Kevin,Magnussen,909,2014,9,2.0,Kevin Magnussen
815,Sergio,Pérez,909,2014,10,1.0,Sergio Pérez
8,Kimi,Räikkönen,909,2014,11,0.0,Kimi Räikkönen
813,Pastor,Maldonado,909,2014,12,0.0,Pastor Maldonado
818,Jean-Éric,Vergne,909,2014,13,0.0,Jean-Éric Vergne
821,Esteban,Gutiérrez,909,2014,14,0.0,Esteban Gutiérrez
824,Jules,Bianchi,909,2014,15,0.0,Jules Bianchi
155,Kamui,Kobayashi,909,2014,16,0.0,Kamui Kobayashi
820,Max,Chilton,909,2014,17,0.0,Max Chilton
828,Marcus,Ericsson,909,2014,18,0.0,Marcus Ericsson
817,Daniel,Ricciardo,910,2014,1,25.0,Daniel Ricciardo
4,Fernando,Alonso,910,2014,2,18.0,Fernando Alonso
1,Lewis,Hamilton,910,2014,3,15.0,Lewis Hamilton
3,Nico,Rosberg,910,2014,4,12.0,Nico Rosberg
13,Felipe,Massa,910,2014,5,10.0,Felipe Massa
8,Kimi,Räikkönen,910,2014,6,8.0,Kimi Räikkönen
20,Sebastian,Vettel,910,2014,7,6.0,Sebastian Vettel
822,Valtteri,Bottas,910,2014,8,4.0,Valtteri Bottas
818,Jean-Éric,Vergne,910,2014,9,2.0,Jean-Éric Vergne
18,Jenson,Button,910,2014,10,1.0,Jenson Button
16,Adrian,Sutil,910,2014,11,0.0,Adrian Sutil
825,Kevin,Magnussen,910,2014,12,0.0,Kevin Magnussen
813,Pastor,Maldonado,910,2014,13,0.0,Pastor Maldonado
826,Daniil,Kvyat,910,2014,14,0.0,Daniil Kvyat
824,Jules,Bianchi,910,2014,15,0.0,Jules Bianchi
820,Max,Chilton,910,2014,16,0.0,Max Chilton
817,Daniel,Ricciardo,911,2014,1,25.0,Daniel Ricciardo
3,Nico,Rosberg,911,2014,2,18.0,Nico Rosberg
822,Valtteri,Bottas,911,2014,3,15.0,Valtteri Bottas
8,Kimi,Räikkönen,911,2014,4,12.0,Kimi Räikkönen
20,Sebastian,Vettel,911,2014,5,10.0,Sebastian Vettel
18,Jenson,Button,911,2014,6,8.0,Jenson Button
4,Fernando,Alonso,911,2014,7,6.0,Fernando Alonso
815,Sergio,Pérez,911,2014,8,4.0,Sergio Pérez
826,Daniil,Kvyat,911,2014,9,2.0,Daniil Kvyat
807,Nico,Hülkenberg,911,2014,10,1.0,Nico Hülkenberg
818,Jean-Éric,Vergne,911,2014,11,0.0,Jean-Éric Vergne
825,Kevin,Magnussen,911,2014,12,0.0,Kevin Magnussen
13,Felipe,Massa,911,2014,13,0.0,Felipe Massa
16,Adrian,Sutil,911,2014,14,0.0,Adrian Sutil
821,Esteban,Gutiérrez,911,2014,15,0.0,Esteban Gutiérrez
820,Max,Chilton,911,2014,16,0.0,Max Chilton
828,Marcus,Ericsson,911,2014,17,0.0,Marcus Ericsson
824,Jules,Bianchi,911,2014,18,0.0,Jules Bianchi
1,Lewis,Hamilton,912,2014,1,25.0,Lewis Hamilton
3,Nico,Rosberg,912,2014,2,18.0,Nico Rosberg
13,Felipe,Massa,912,2014,3,15.0,Felipe Massa
822,Valtteri,Bottas,912,2014,4,12.0,Valtteri Bottas
817,Daniel,Ricciardo,912,2014,5,10.0,Daniel Ricciardo
20,Sebastian,Vettel,912,2014,6,8.0,Sebastian Vettel
815,Sergio,Pérez,912,2014,7,6.0,Sergio Pérez
18,Jenson,Button,912,2014,8,4.0,Jenson Button
8,Kimi,Räikkönen,912,2014,9,2.0,Kimi Räikkönen
825,Kevin,Magnussen,912,2014,10,1.0,Kevin Magnussen
826,Daniil,Kvyat,912,2014,11,0.0,Daniil Kvyat
807,Nico,Hülkenberg,912,2014,12,0.0,Nico Hülkenberg
818,Jean-Éric,Vergne,912,2014,13,0.0,Jean-Éric Vergne
813,Pastor,Maldonado,912,2014,14,0.0,Pastor Maldonado
16,Adrian,Sutil,912,2014,15,0.0,Adrian Sutil
154,Romain,Grosjean,912,2014,16,0.0,Romain Grosjean
155,Kamui,Kobayashi,912,2014,17,0.0,Kamui Kobayashi
824,Jules,Bianchi,912,2014,18,0.0,Jules Bianchi
821,Esteban,Gutiérrez,912,2014,19,0.0,Esteban Gutiérrez
828,Marcus,Ericsson,912,2014,20,0.0,Marcus Ericsson
1,Lewis,Hamilton,913,2014,1,25.0,Lewis Hamilton
20,Sebastian,Vettel,913,2014,2,18.0,Sebastian Vettel
817,Daniel,Ricciardo,913,2014,3,15.0,Daniel Ricciardo
4,Fernando,Alonso,913,2014,4,12.0,Fernando Alonso
13,Felipe,Massa,913,2014,5,10.0,Felipe Massa
818,Jean-Éric,Vergne,913,2014,6,8.0,Jean-Éric Vergne
815,Sergio,Pérez,913,2014,7,6.0,Sergio Pérez
8,Kimi,Räikkönen,913,2014,8,4.0,Kimi Räikkönen
807,Nico,Hülkenberg,913,2014,9,2.0,Nico Hülkenberg
825,Kevin,Magnussen,913,2014,10,1.0,Kevin Magnussen
822,Valtteri,Bottas,913,2014,11,0.0,Valtteri Bottas
813,Pastor,Maldonado,913,2014,12,0.0,Pastor Maldonado
154,Romain,Grosjean,913,2014,13,0.0,Romain Grosjean
826,Daniil,Kvyat,913,2014,14,0.0,Daniil Kvyat
828,Marcus,Ericsson,913,2014,15,0.0,Marcus Ericsson
824,Jules,Bianchi,913,2014,16,0.0,Jules Bianchi
820,Max,Chilton,913,2014,17,0.0,Max Chilton
1,Lewis,Hamilton,914,2014,1,25.0,Lewis Hamilton
3,Nico,Rosberg,914,2014,2,18.0,Nico Rosberg
20,Sebastian,Vettel,914,2014,3,15.0,Sebastian Vettel
817,Daniel,Ricciardo,914,2014,4,12.0,Daniel Ricciardo
18,Jenson,Button,914,2014,5,10.0,Jenson Button
822,Valtteri,Bottas,914,2014,6,8.0,Valtteri Bottas
13,Felipe,Massa,914,2014,7,6.0,Felipe Massa
807,Nico,Hülkenberg,914,2014,8,4.0,Nico Hülkenberg
818,Jean-Éric,Vergne,914,2014,9,2.0,Jean-Éric Vergne
815,Sergio,Pérez,914,2014,10,1.0,Sergio Pérez
826,Daniil,Kvyat,914,2014,11,0.0,Daniil Kvyat
8,Kimi,Räikkönen,914,2014,12,0.0,Kimi Räikkönen
821,Esteban,Gutiérrez,914,2014,13,0.0,Esteban Gutiérrez
825,Kevin,Magnussen,914,2014,14,0.0,Kevin Magnussen
154,Romain,Grosjean,914,2014,15,0.0,Romain Grosjean
813,Pastor,Maldonado,914,2014,16,0.0,Pastor Maldonado
828,Marcus,Ericsson,914,2014,17,0.0,Marcus Ericsson
820,Max,Chilton,914,2014,18,0.0,Max Chilton
155,Kamui,Kobayashi,914,2014,19,0.0,Kamui Kobayashi
824,Jules,Bianchi,914,2014,20,0.0,Jules Bianchi
16,Adrian,Sutil,914,2014,21,0.0,Adrian Sutil
1,Lewis,Hamilton,915,2014,1,25.0,Lewis Hamilton
3,Nico,Rosberg,915,2014,2,18.0,Nico Rosberg
822,Valtteri,Bottas,915,2014,3,15.0,Valtteri Bottas
18,Jenson,Button,915,2014,4,12.0,Jenson Button
825,Kevin,Magnussen,915,2014,5,10.0,Kevin Magnussen
4,Fernando,Alonso,915,2014,6,8.0,Fernando Alonso
817,Daniel,Ricciardo,915,2014,7,6.0,Daniel Ricciardo
20,Sebastian,Vettel,915,2014,8,4.0,Sebastian Vettel
8,Kimi,Räikkönen,915,2014,9,2.0,Kimi Räikkönen
815,Sergio,Pérez,915,2014,10,1.0,Sergio Pérez
13,Felipe,Massa,915,2014,11,0.0,Felipe Massa
807,Nico,Hülkenberg,915,2014,12,0.0,Nico Hülkenberg
818,Jean-Éric,Vergne,915,2014,13,0.0,Jean-Éric Vergne
826,Daniil,Kvyat,915,2014,14,0.0,Daniil Kvyat
821,Esteban,Gutiérrez,915,2014,15,0.0,Esteban Gutiérrez
16,Adrian,Sutil,915,2014,16,0.0,Adrian Sutil
154,Romain,Grosjean,915,2014,17,0.0,Romain Grosjean
813,Pastor,Maldonado,915,2014,18,0.0,Pastor Maldonado
828,Marcus,Ericsson,915,2014,19,0.0,Marcus Ericsson
1,Lewis,Hamilton,916,2014,1,25.0,Lewis Hamilton
3,Nico,Rosberg,916,2014,2,18.0,Nico Rosberg
817,Daniel,Ricciardo,916,2014,3,15.0,Daniel Ricciardo
13,Felipe,Massa,916,2014,4,12.0,Felipe Massa
822,Valtteri,Bottas,916,2014,5,10.0,Valtteri Bottas
4,Fernando,Alonso,916,2014,6,8.0,Fernando Alonso
20,Sebastian,Vettel,916,2014,7,6.0,Sebastian Vettel
825,Kevin,Magnussen,916,2014,8,4.0,Kevin Magnussen
818,Jean-Éric,Vergne,916,2014,10,1.0,Jean-Éric Vergne
813,Pastor,Maldonado,916,2014,9,2.0,Pastor Maldonado
154,Romain,Grosjean,916,2014,11,0.0,Romain Grosjean
18,Jenson,Button,916,2014,12,0.0,Jenson Button
8,Kimi,Räikkönen,916,2014,13,0.0,Kimi Räikkönen
821,Esteban,Gutiérrez,916,2014,14,0.0,Esteban Gutiérrez
826,Daniil,Kvyat,916,2014,15,0.0,Daniil Kvyat
3,Nico,Rosberg,917,2014,1,25.0,Nico Rosberg
1,Lewis,Hamilton,917,2014,2,18.0,Lewis Hamilton
13,Felipe,Massa,917,2014,3,15.0,Felipe Massa
18,Jenson,Button,917,2014,4,12.0,Jenson Button
20,Sebastian,Vettel,917,2014,5,10.0,Sebastian Vettel
4,Fernando,Alonso,917,2014,6,8.0,Fernando Alonso
8,Kimi,Räikkönen,917,2014,7,6.0,Kimi Räikkönen
807,Nico,Hülkenberg,917,2014,8,4.0,Nico Hülkenberg
825,Kevin,Magnussen,917,2014,9,2.0,Kevin Magnussen
822,Valtteri,Bottas,917,2014,10,1.0,Valtteri Bottas
826,Daniil,Kvyat,917,2014,11,0.0,Daniil Kvyat
813,Pastor,Maldonado,917,2014,12,0.0,Pastor Maldonado
818,Jean-Éric,Vergne,917,2014,13,0.0,Jean-Éric Vergne
821,Esteban,Gutiérrez,917,2014,14,0.0,Esteban Gutiérrez
815,Sergio,Pérez,917,2014,15,0.0,Sergio Pérez
16,Adrian,Sutil,917,2014,16,0.0,Adrian Sutil
154,Romain,Grosjean,917,2014,17,0.0,Romain Grosjean
1,Lewis,Hamilton,918,2014,1,50.0,Lewis Hamilton
13,Felipe,Massa,918,2014,2,36.0,Felipe Massa
822,Valtteri,Bottas,918,2014,3,30.0,Valtteri Bottas
817,Daniel,Ricciardo,918,2014,4,24.0,Daniel Ricciardo
18,Jenson,Button,918,2014,5,20.0,Jenson Button
807,Nico,Hülkenberg,918,2014,6,16.0,Nico Hülkenberg
815,Sergio,Pérez,918,2014,7,12.0,Sergio Pérez
20,Sebastian,Vettel,918,2014,8,8.0,Sebastian Vettel
4,Fernando,Alonso,918,2014,9,4.0,Fernando Alonso
8,Kimi,Räikkönen,918,2014,10,2.0,Kimi Räikkönen
825,Kevin,Magnussen,918,2014,11,0.0,Kevin Magnussen
818,Jean-Éric,Vergne,918,2014,12,0.0,Jean-Éric Vergne
154,Romain,Grosjean,918,2014,13,0.0,Romain Grosjean
3,Nico,Rosberg,918,2014,14,0.0,Nico Rosberg
821,Esteban,Gutiérrez,918,2014,15,0.0,Esteban Gutiérrez
16,Adrian,Sutil,918,2014,16,0.0,Adrian Sutil
829,Will,Stevens,918,2014,17,0.0,Will Stevens
1,Lewis,Hamilton,926,2015,1,25.0,Lewis Hamilton
3,Nico,Rosberg,926,2015,2,18.0,Nico Rosberg
20,Sebastian,Vettel,926,2015,3,15.0,Sebastian Vettel
13,Felipe,Massa,926,2015,4,12.0,Felipe Massa
831,Felipe,Nasr,926,2015,5,10.0,Felipe Nasr
817,Daniel,Ricciardo,926,2015,6,8.0,Daniel Ricciardo
807,Nico,Hülkenberg,926,2015,7,6.0,Nico Hülkenberg
828,Marcus,Ericsson,926,2015,8,4.0,Marcus Ericsson
832,Carlos,Sainz,926,2015,9,2.0,Carlos Sainz
815,Sergio,Pérez,926,2015,10,1.0,Sergio Pérez
18,Jenson,Button,926,2015,11,0.0,Jenson Button
20,Sebastian,Vettel,927,2015,1,25.0,Sebastian Vettel
1,Lewis,Hamilton,927,2015,2,18.0,Lewis Hamilton
3,Nico,Rosberg,927,2015,3,15.0,Nico Rosberg
8,Kimi,Räikkönen,927,2015,4,12.0,Kimi Räikkönen
822,Valtteri,Bottas,927,2015,5,10.0,Valtteri Bottas
13,Felipe,Massa,927,2015,6,8.0,Felipe Massa
830,Max,Verstappen,927,2015,7,6.0,Max Verstappen
832,Carlos,Sainz,927,2015,8,4.0,Carlos Sainz
826,Daniil,Kvyat,927,2015,9,2.0,Daniil Kvyat
817,Daniel,Ricciardo,927,2015,10,1.0,Daniel Ricciardo
154,Romain,Grosjean,927,2015,11,0.0,Romain Grosjean
831,Felipe,Nasr,927,2015,12,0.0,Felipe Nasr
815,Sergio,Pérez,927,2015,13,0.0,Sergio Pérez
807,Nico,Hülkenberg,927,2015,14,0.0,Nico Hülkenberg
833,Roberto,Merhi,927,2015,15,0.0,Roberto Merhi
1,Lewis,Hamilton,928,2015,1,25.0,Lewis Hamilton
3,Nico,Rosberg,928,2015,2,18.0,Nico Rosberg
20,Sebastian,Vettel,928,2015,3,15.0,Sebastian Vettel
8,Kimi,Räikkönen,928,2015,4,12.0,Kimi Räikkönen
13,Felipe,Massa,928,2015,5,10.0,Felipe Massa
822,Valtteri,Bottas,928,2015,6,8.0,Valtteri Bottas
154,Romain,Grosjean,928,2015,7,6.0,Romain Grosjean
831,Felipe,Nasr,928,2015,8,4.0,Felipe Nasr
817,Daniel,Ricciardo,928,2015,9,2.0,Daniel Ricciardo
828,Marcus,Ericsson,928,2015,10,1.0,Marcus Ericsson
815,Sergio,Pérez,928,2015,11,0.0,Sergio Pérez
4,Fernando,Alonso,928,2015,12,0.0,Fernando Alonso
832,Carlos,Sainz,928,2015,13,0.0,Carlos Sainz
18,Jenson,Button,928,2015,14,0.0,Jenson Button
829,Will,Stevens,928,2015,15,0.0,Will Stevens
833,Roberto,Merhi,928,2015,16,0.0,Roberto Merhi
830,Max,Verstappen,928,2015,17,0.0,Max Verstappen
1,Lewis,Hamilton,929,2015,1,25.0,Lewis Hamilton
8,Kimi,Räikkönen,929,2015,2,18.0,Kimi Räikkönen
3,Nico,Rosberg,929,2015,3,15.0,Nico Rosberg
822,Valtteri,Bottas,929,2015,4,12.0,Valtteri Bottas
20,Sebastian,Vettel,929,2015,5,10.0,Sebastian Vettel
817,Daniel,Ricciardo,929,2015,6,8.0,Daniel Ricciardo
154,Romain,Grosjean,929,2015,7,6.0,Romain Grosjean
815,Sergio,Pérez,929,2015,8,4.0,Sergio Pérez
826,Daniil,Kvyat,929,2015,9,2.0,Daniil Kvyat
13,Felipe,Massa,929,2015,10,1.0,Felipe Massa
4,Fernando,Alonso,929,2015,11,0.0,Fernando Alonso
831,Felipe,Nasr,929,2015,12,0.0,Felipe Nasr
807,Nico,Hülkenberg,929,2015,13,0.0,Nico Hülkenberg
828,Marcus,Ericsson,929,2015,14,0.0,Marcus Ericsson
813,Pastor,Maldonado,929,2015,15,0.0,Pastor Maldonado
829,Will,Stevens,929,2015,16,0.0,Will Stevens
833,Roberto,Merhi,929,2015,17,0.0,Roberto Merhi
3,Nico,Rosberg,930,2015,1,25.0,Nico Rosberg
1,Lewis,Hamilton,930,2015,2,18.0,Lewis Hamilton
20,Sebastian,Vettel,930,2015,3,15.0,Sebastian Vettel
822,Valtteri,Bottas,930,2015,4,12.0,Valtteri Bottas
8,Kimi,Räikkönen,930,2015,5,10.0,Kimi Räikkönen
13,Felipe,Massa,930,2015,6,8.0,Felipe Massa
817,Daniel,Ricciardo,930,2015,7,6.0,Daniel Ricciardo
154,Romain,Grosjean,930,2015,8,4.0,Romain Grosjean
832,Carlos,Sainz,930,2015,9,2.0,Carlos Sainz
826,Daniil,Kvyat,930,2015,10,1.0,Daniil Kvyat
830,Max,Verstappen,930,2015,11,0.0,Max Verstappen
831,Felipe,Nasr,930,2015,12,0.0,Felipe Nasr
815,Sergio,Pérez,930,2015,13,0.0,Sergio Pérez
828,Marcus,Ericsson,930,2015,14,0.0,Marcus Ericsson
807,Nico,Hülkenberg,930,2015,15,0.0,Nico Hülkenberg
18,Jenson,Button,930,2015,16,0.0,Jenson Button
829,Will,Stevens,930,2015,17,0.0,Will Stevens
833,Roberto,Merhi,930,2015,18,0.0,Roberto Merhi
3,Nico,Rosberg,931,2015,1,25.0,Nico Rosberg
20,Sebastian,Vettel,931,2015,2,18.0,Sebastian Vettel
1,Lewis,Hamilton,931,2015,3,15.0,Lewis Hamilton
826,Daniil,Kvyat,931,2015,4,12.0,Daniil Kvyat
817,Daniel,Ricciardo,931,2015,5,10.0,Daniel Ricciardo
8,Kimi,Räikkönen,931,2015,6,8.0,Kimi Räikkönen
815,Sergio,Pérez,931,2015,7,6.0,Sergio Pérez
18,Jenson,Button,931,2015,8,4.0,Jenson Button
831,Felipe,Nasr,931,2015,9,2.0,Felipe Nasr
832,Carlos,Sainz,931,2015,10,1.0,Carlos Sainz
807,Nico,Hülkenberg,931,2015,11,0.0,Nico Hülkenberg
154,Romain,Grosjean,931,2015,12,0.0,Romain Grosjean
828,Marcus,Ericsson,931,2015,13,0.0,Marcus Ericsson
822,Valtteri,Bottas,931,2015,14,0.0,Valtteri Bottas
13,Felipe,Massa,931,2015,15,0.0,Felipe Massa
833,Roberto,Merhi,931,2015,16,0.0,Roberto Merhi
829,Will,Stevens,931,2015,17,0.0,Will Stevens
1,Lewis,Hamilton,932,2015,1,25.0,Lewis Hamilton
3,Nico,Rosberg,932,2015,2,18.0,Nico Rosberg
822,Valtteri,Bottas,932,2015,3,15.0,Valtteri Bottas
8,Kimi,Räikkönen,932,2015,4,12.0,Kimi Räikkönen
20,Sebastian,Vettel,932,2015,5,10.0,Sebastian Vettel
13,Felipe,Massa,932,2015,6,8.0,Felipe Massa
813,Pastor,Maldonado,932,2015,7,6.0,Pastor Maldonado
807,Nico,Hülkenberg,932,2015,8,4.0,Nico Hülkenberg
826,Daniil,Kvyat,932,2015,9,2.0,Daniil Kvyat
154,Romain,Grosjean,932,2015,10,1.0,Romain Grosjean
815,Sergio,Pérez,932,2015,11,0.0,Sergio Pérez
832,Carlos,Sainz,932,2015,12,0.0,Carlos Sainz
817,Daniel,Ricciardo,932,2015,13,0.0,Daniel Ricciardo
828,Marcus,Ericsson,932,2015,14,0.0,Marcus Ericsson
830,Max,Verstappen,932,2015,15,0.0,Max Verstappen
831,Felipe,Nasr,932,2015,16,0.0,Felipe Nasr
829,Will,Stevens,932,2015,17,0.0,Will Stevens
3,Nico,Rosberg,933,2015,1,25.0,Nico Rosberg
1,Lewis,Hamilton,933,2015,2,18.0,Lewis Hamilton
13,Felipe,Massa,933,2015,3,15.0,Felipe Massa
20,Sebastian,Vettel,933,2015,4,12.0,Sebastian Vettel
822,Valtteri,Bottas,933,2015,5,10.0,Valtteri Bottas
807,Nico,Hülkenberg,933,2015,6,8.0,Nico Hülkenberg
813,Pastor,Maldonado,933,2015,7,6.0,Pastor Maldonado
830,Max,Verstappen,933,2015,8,4.0,Max Verstappen
815,Sergio,Pérez,933,2015,9,2.0,Sergio Pérez
817,Daniel,Ricciardo,933,2015,10,1.0,Daniel Ricciardo
831,Felipe,Nasr,933,2015,11,0.0,Felipe Nasr
826,Daniil,Kvyat,933,2015,12,0.0,Daniil Kvyat
828,Marcus,Ericsson,933,2015,13,0.0,Marcus Ericsson
833,Roberto,Merhi,933,2015,14,0.0,Roberto Merhi
1,Lewis,Hamilton,934,2015,1,25.0,Lewis Hamilton
3,Nico,Rosberg,934,2015,2,18.0,Nico Rosberg
20,Sebastian,Vettel,934,2015,3,15.0,Sebastian Vettel
13,Felipe,Massa,934,2015,4,12.0,Felipe Massa
822,Valtteri,Bottas,934,2015,5,10.0,Valtteri Bottas
826,Daniil,Kvyat,934,2015,6,8.0,Daniil Kvyat
807,Nico,Hülkenberg,934,2015,7,6.0,Nico Hülkenberg
8,Kimi,Räikkönen,934,2015,8,4.0,Kimi Räikkönen
815,Sergio,Pérez,934,2015,9,2.0,Sergio Pérez
4,Fernando,Alonso,934,2015,10,1.0,Fernando Alonso
828,Marcus,Ericsson,934,2015,11,0.0,Marcus Ericsson
833,Roberto,Merhi,934,2015,12,0.0,Roberto Merhi
829,Will,Stevens,934,2015,13,0.0,Will Stevens
20,Sebastian,Vettel,936,2015,1,25.0,Sebastian Vettel
826,Daniil,Kvyat,936,2015,2,18.0,Daniil Kvyat
817,Daniel,Ricciardo,936,2015,3,15.0,Daniel Ricciardo
830,Max,Verstappen,936,2015,4,12.0,Max Verstappen
4,Fernando,Alonso,936,2015,5,10.0,Fernando Alonso
1,Lewis,Hamilton,936,2015,6,8.0,Lewis Hamilton
154,Romain,Grosjean,936,2015,7,6.0,Romain Grosjean
3,Nico,Rosberg,936,2015,8,4.0,Nico Rosberg
18,Jenson,Button,936,2015,9,2.0,Jenson Button
828,Marcus,Ericsson,936,2015,10,1.0,Marcus Ericsson
831,Felipe,Nasr,936,2015,11,0.0,Felipe Nasr
13,Felipe,Massa,936,2015,12,0.0,Felipe Massa
822,Valtteri,Bottas,936,2015,13,0.0,Valtteri Bottas
813,Pastor,Maldonado,936,2015,14,0.0,Pastor Maldonado
833,Roberto,Merhi,936,2015,15,0.0,Roberto Merhi
829,Will,Stevens,936,2015,16,0.0,Will Stevens
1,Lewis,Hamilton,937,2015,1,25.0,Lewis Hamilton
3,Nico,Rosberg,937,2015,2,18.0,Nico Rosberg
154,Romain,Grosjean,937,2015,3,15.0,Romain Grosjean
826,Daniil,Kvyat,937,2015,4,12.0,Daniil Kvyat
815,Sergio,Pérez,937,2015,5,10.0,Sergio Pérez
13,Felipe,Massa,937,2015,6,8.0,Felipe Massa
8,Kimi,Räikkönen,937,2015,7,6.0,Kimi Räikkönen
830,Max,Verstappen,937,2015,8,4.0,Max Verstappen
822,Valtteri,Bottas,937,2015,9,2.0,Valtteri Bottas
828,Marcus,Ericsson,937,2015,10,1.0,Marcus Ericsson
831,Felipe,Nasr,937,2015,11,0.0,Felipe Nasr
20,Sebastian,Vettel,937,2015,12,0.0,Sebastian Vettel
4,Fernando,Alonso,937,2015,13,0.0,Fernando Alonso
18,Jenson,Button,937,2015,14,0.0,Jenson Button
833,Roberto,Merhi,937,2015,15,0.0,Roberto Merhi
829,Will,Stevens,937,2015,16,0.0,Will Stevens
1,Lewis,Hamilton,938,2015,1,25.0,Lewis Hamilton
20,Sebastian,Vettel,938,2015,2,18.0,Sebastian Vettel
13,Felipe,Massa,938,2015,3,15.0,Felipe Massa
822,Valtteri,Bottas,938,2015,4,12.0,Valtteri Bottas
8,Kimi,Räikkönen,938,2015,5,10.0,Kimi Räikkönen
815,Sergio,Pérez,938,2015,6,8.0,Sergio Pérez
807,Nico,Hülkenberg,938,2015,7,6.0,Nico Hülkenberg
817,Daniel,Ricciardo,938,2015,8,4.0,Daniel Ricciardo
828,Marcus,Ericsson,938,2015,9,2.0,Marcus Ericsson
826,Daniil,Kvyat,938,2015,10,1.0,Daniil Kvyat
832,Carlos,Sainz,938,2015,11,0.0,Carlos Sainz
830,Max,Verstappen,938,2015,12,0.0,Max Verstappen
831,Felipe,Nasr,938,2015,13,0.0,Felipe Nasr
18,Jenson,Button,938,2015,14,0.0,Jenson Button
829,Will,Stevens,938,2015,15,0.0,Will Stevens
833,Roberto,Merhi,938,2015,16,0.0,Roberto Merhi
3,Nico,Rosberg,938,2015,17,0.0,Nico Rosberg
4,Fernando,Alonso,938,2015,18,0.0,Fernando Alonso
20,Sebastian,Vettel,939,2015,1,25.0,Sebastian Vettel
817,Daniel,Ricciardo,939,2015,2,18.0,Daniel Ricciardo
8,Kimi,Räikkönen,939,2015,3,15.0,Kimi Räikkönen
3,Nico,Rosberg,939,2015,4,12.0,Nico Rosberg
822,Valtteri,Bottas,939,2015,5,10.0,Valtteri Bottas
826,Daniil,Kvyat,939,2015,6,8.0,Daniil Kvyat
815,Sergio,Pérez,939,2015,7,6.0,Sergio Pérez
830,Max,Verstappen,939,2015,8,4.0,Max Verstappen
832,Carlos,Sainz,939,2015,9,2.0,Carlos Sainz
831,Felipe,Nasr,939,2015,10,1.0,Felipe Nasr
828,Marcus,Ericsson,939,2015,11,0.0,Marcus Ericsson
813,Pastor,Maldonado,939,2015,12,0.0,Pastor Maldonado
154,Romain,Grosjean,939,2015,13,0.0,Romain Grosjean
834,Alexander,Rossi,939,2015,14,0.0,Alexander Rossi
829,Will,Stevens,939,2015,15,0.0,Will Stevens
1,Lewis,Hamilton,940,2015,1,25.0,Lewis Hamilton
3,Nico,Rosberg,940,2015,2,18.0,Nico Rosberg
20,Sebastian,Vettel,940,2015,3,15.0,Sebastian Vettel
8,Kimi,Räikkönen,940,2015,4,12.0,Kimi Räikkönen
822,Valtteri,Bottas,940,2015,5,10.0,Valtteri Bottas
807,Nico,Hülkenberg,940,2015,6,8.0,Nico Hülkenberg
154,Romain,Grosjean,940,2015,7,6.0,Romain Grosjean
813,Pastor,Maldonado,940,2015,8,4.0,Pastor Maldonado
830,Max,Verstappen,940,2015,9,2.0,Max Verstappen
832,Carlos,Sainz,940,2015,10,1.0,Carlos Sainz
4,Fernando,Alonso,940,2015,11,0.0,Fernando Alonso
815,Sergio,Pérez,940,2015,12,0.0,Sergio Pérez
826,Daniil,Kvyat,940,2015,13,0.0,Daniil Kvyat
828,Marcus,Ericsson,940,2015,14,0.0,Marcus Ericsson
817,Daniel,Ricciardo,940,2015,15,0.0,Daniel Ricciardo
18,Jenson,Button,940,2015,16,0.0,Jenson Button
13,Felipe,Massa,940,2015,17,0.0,Felipe Massa
834,Alexander,Rossi,940,2015,18,0.0,Alexander Rossi
829,Will,Stevens,940,2015,19,0.0,Will Stevens
1,Lewis,Hamilton,941,2015,1,25.0,Lewis Hamilton
20,Sebastian,Vettel,941,2015,2,18.0,Sebastian Vettel
815,Sergio,Pérez,941,2015,3,15.0,Sergio Pérez
13,Felipe,Massa,941,2015,4,12.0,Felipe Massa
8,Kimi,Räikkönen,941,2015,8,4.0,Kimi Räikkönen
831,Felipe,Nasr,941,2015,6,8.0,Felipe Nasr
813,Pastor,Maldonado,941,2015,7,6.0,Pastor Maldonado
18,Jenson,Button,941,2015,9,2.0,Jenson Button
830,Max,Verstappen,941,2015,10,1.0,Max Verstappen
4,Fernando,Alonso,941,2015,11,0.0,Fernando Alonso
822,Valtteri,Bottas,941,2015,12,0.0,Valtteri Bottas
833,Roberto,Merhi,941,2015,13,0.0,Roberto Merhi
829,Will,Stevens,941,2015,14,0.0,Will Stevens
817,Daniel,Ricciardo,941,2015,15,0.0,Daniel Ricciardo
1,Lewis,Hamilton,942,2015,1,25.0,Lewis Hamilton
826,Daniil,Kvyat,941,2015,5,10.0,Daniil Kvyat
3,Nico,Rosberg,942,2015,2,18.0,Nico Rosberg
20,Sebastian,Vettel,942,2015,3,15.0,Sebastian Vettel
830,Max,Verstappen,942,2015,4,12.0,Max Verstappen
815,Sergio,Pérez,942,2015,5,10.0,Sergio Pérez
18,Jenson,Button,942,2015,6,8.0,Jenson Button
832,Carlos,Sainz,942,2015,7,6.0,Carlos Sainz
813,Pastor,Maldonado,942,2015,8,4.0,Pastor Maldonado
831,Felipe,Nasr,942,2015,9,2.0,Felipe Nasr
817,Daniel,Ricciardo,942,2015,10,1.0,Daniel Ricciardo
4,Fernando,Alonso,942,2015,11,0.0,Fernando Alonso
834,Alexander,Rossi,942,2015,12,0.0,Alexander Rossi
3,Nico,Rosberg,943,2015,1,25.0,Nico Rosberg
1,Lewis,Hamilton,943,2015,2,18.0,Lewis Hamilton
822,Valtteri,Bottas,943,2015,3,15.0,Valtteri Bottas
826,Daniil,Kvyat,943,2015,4,12.0,Daniil Kvyat
817,Daniel,Ricciardo,943,2015,5,10.0,Daniel Ricciardo
13,Felipe,Massa,943,2015,6,8.0,Felipe Massa
807,Nico,Hülkenberg,943,2015,7,6.0,Nico Hülkenberg
815,Sergio,Pérez,943,2015,8,4.0,Sergio Pérez
830,Max,Verstappen,943,2015,9,2.0,Max Verstappen
154,Romain,Grosjean,943,2015,10,1.0,Romain Grosjean
813,Pastor,Maldonado,943,2015,11,0.0,Pastor Maldonado
828,Marcus,Ericsson,943,2015,12,0.0,Marcus Ericsson
832,Carlos,Sainz,943,2015,13,0.0,Carlos Sainz
18,Jenson,Button,943,2015,14,0.0,Jenson Button
834,Alexander,Rossi,943,2015,15,0.0,Alexander Rossi
829,Will,Stevens,943,2015,16,0.0,Will Stevens
3,Nico,Rosberg,944,2015,1,25.0,Nico Rosberg
1,Lewis,Hamilton,944,2015,2,18.0,Lewis Hamilton
20,Sebastian,Vettel,944,2015,3,15.0,Sebastian Vettel
8,Kimi,Räikkönen,944,2015,4,12.0,Kimi Räikkönen
822,Valtteri,Bottas,944,2015,5,10.0,Valtteri Bottas
807,Nico,Hülkenberg,944,2015,6,8.0,Nico Hülkenberg
826,Daniil,Kvyat,944,2015,7,6.0,Daniil Kvyat
154,Romain,Grosjean,944,2015,8,4.0,Romain Grosjean
830,Max,Verstappen,944,2015,9,2.0,Max Verstappen
813,Pastor,Maldonado,944,2015,10,1.0,Pastor Maldonado
817,Daniel,Ricciardo,944,2015,11,0.0,Daniel Ricciardo
815,Sergio,Pérez,944,2015,12,0.0,Sergio Pérez
831,Felipe,Nasr,944,2015,13,0.0,Felipe Nasr
18,Jenson,Button,944,2015,14,0.0,Jenson Button
4,Fernando,Alonso,944,2015,15,0.0,Fernando Alonso
828,Marcus,Ericsson,944,2015,16,0.0,Marcus Ericsson
829,Will,Stevens,944,2015,17,0.0,Will Stevens
834,Alexander,Rossi,944,2015,18,0.0,Alexander Rossi
3,Nico,Rosberg,945,2015,1,25.0,Nico Rosberg
1,Lewis,Hamilton,945,2015,2,18.0,Lewis Hamilton
8,Kimi,Räikkönen,945,2015,3,15.0,Kimi Räikkönen
20,Sebastian,Vettel,945,2015,4,12.0,Sebastian Vettel
815,Sergio,Pérez,945,2015,5,10.0,Sergio Pérez
817,Daniel,Ricciardo,945,2015,6,8.0,Daniel Ricciardo
807,Nico,Hülkenberg,945,2015,7,6.0,Nico Hülkenberg
13,Felipe,Massa,945,2015,8,4.0,Felipe Massa
154,Romain,Grosjean,945,2015,9,2.0,Romain Grosjean
826,Daniil,Kvyat,945,2015,10,1.0,Daniil Kvyat
832,Carlos,Sainz,945,2015,11,0.0,Carlos Sainz
18,Jenson,Button,945,2015,12,0.0,Jenson Button
822,Valtteri,Bottas,945,2015,13,0.0,Valtteri Bottas
828,Marcus,Ericsson,945,2015,14,0.0,Marcus Ericsson
831,Felipe,Nasr,945,2015,15,0.0,Felipe Nasr
830,Max,Verstappen,945,2015,16,0.0,Max Verstappen
4,Fernando,Alonso,945,2015,17,0.0,Fernando Alonso
829,Will,Stevens,945,2015,18,0.0,Will Stevens
833,Roberto,Merhi,945,2015,19,0.0,Roberto Merhi
3,Nico,Rosberg,948,2016,1,25.0,Nico Rosberg
1,Lewis,Hamilton,948,2016,2,18.0,Lewis Hamilton
20,Sebastian,Vettel,948,2016,3,15.0,Sebastian Vettel
817,Daniel,Ricciardo,948,2016,4,12.0,Daniel Ricciardo
13,Felipe,Massa,948,2016,5,10.0,Felipe Massa
154,Romain,Grosjean,948,2016,6,8.0,Romain Grosjean
807,Nico,Hülkenberg,948,2016,7,6.0,Nico Hülkenberg
822,Valtteri,Bottas,948,2016,8,4.0,Valtteri Bottas
832,Carlos,Sainz,948,2016,9,2.0,Carlos Sainz
830,Max,Verstappen,948,2016,10,1.0,Max Verstappen
835,Jolyon,Palmer,948,2016,11,0.0,Jolyon Palmer
825,Kevin,Magnussen,948,2016,12,0.0,Kevin Magnussen
815,Sergio,Pérez,948,2016,13,0.0,Sergio Pérez
18,Jenson,Button,948,2016,14,0.0,Jenson Button
831,Felipe,Nasr,948,2016,15,0.0,Felipe Nasr
836,Pascal,Wehrlein,948,2016,16,0.0,Pascal Wehrlein
3,Nico,Rosberg,949,2016,1,25.0,Nico Rosberg
8,Kimi,Räikkönen,949,2016,2,18.0,Kimi Räikkönen
1,Lewis,Hamilton,949,2016,3,15.0,Lewis Hamilton
817,Daniel,Ricciardo,949,2016,4,12.0,Daniel Ricciardo
154,Romain,Grosjean,949,2016,5,10.0,Romain Grosjean
830,Max,Verstappen,949,2016,6,8.0,Max Verstappen
826,Daniil,Kvyat,949,2016,7,6.0,Daniil Kvyat
13,Felipe,Massa,949,2016,8,4.0,Felipe Massa
822,Valtteri,Bottas,949,2016,9,2.0,Valtteri Bottas
838,Stoffel,Vandoorne,949,2016,10,1.0,Stoffel Vandoorne
825,Kevin,Magnussen,949,2016,11,0.0,Kevin Magnussen
828,Marcus,Ericsson,949,2016,12,0.0,Marcus Ericsson
836,Pascal,Wehrlein,949,2016,13,0.0,Pascal Wehrlein
831,Felipe,Nasr,949,2016,14,0.0,Felipe Nasr
807,Nico,Hülkenberg,949,2016,15,0.0,Nico Hülkenberg
815,Sergio,Pérez,949,2016,16,0.0,Sergio Pérez
837,Rio,Haryanto,949,2016,17,0.0,Rio Haryanto
3,Nico,Rosberg,950,2016,1,25.0,Nico Rosberg
20,Sebastian,Vettel,950,2016,2,18.0,Sebastian Vettel
826,Daniil,Kvyat,950,2016,3,15.0,Daniil Kvyat
817,Daniel,Ricciardo,950,2016,4,12.0,Daniel Ricciardo
8,Kimi,Räikkönen,950,2016,5,10.0,Kimi Räikkönen
13,Felipe,Massa,950,2016,6,8.0,Felipe Massa
1,Lewis,Hamilton,950,2016,7,6.0,Lewis Hamilton
830,Max,Verstappen,950,2016,8,4.0,Max Verstappen
832,Carlos,Sainz,950,2016,9,2.0,Carlos Sainz
822,Valtteri,Bottas,950,2016,10,1.0,Valtteri Bottas
815,Sergio,Pérez,950,2016,11,0.0,Sergio Pérez
4,Fernando,Alonso,950,2016,12,0.0,Fernando Alonso
18,Jenson,Button,950,2016,13,0.0,Jenson Button
821,Esteban,Gutiérrez,950,2016,14,0.0,Esteban Gutiérrez
807,Nico,Hülkenberg,950,2016,15,0.0,Nico Hülkenberg
828,Marcus,Ericsson,950,2016,16,0.0,Marcus Ericsson
825,Kevin,Magnussen,950,2016,17,0.0,Kevin Magnussen
836,Pascal,Wehrlein,950,2016,18,0.0,Pascal Wehrlein
154,Romain,Grosjean,950,2016,19,0.0,Romain Grosjean
831,Felipe,Nasr,950,2016,20,0.0,Felipe Nasr
837,Rio,Haryanto,950,2016,21,0.0,Rio Haryanto
835,Jolyon,Palmer,950,2016,22,0.0,Jolyon Palmer
3,Nico,Rosberg,951,2016,1,25.0,Nico Rosberg
1,Lewis,Hamilton,951,2016,2,18.0,Lewis Hamilton
8,Kimi,Räikkönen,951,2016,3,15.0,Kimi Räikkönen
822,Valtteri,Bottas,951,2016,4,12.0,Valtteri Bottas
13,Felipe,Massa,951,2016,5,10.0,Felipe Massa
4,Fernando,Alonso,951,2016,6,8.0,Fernando Alonso
825,Kevin,Magnussen,951,2016,7,6.0,Kevin Magnussen
154,Romain,Grosjean,951,2016,8,4.0,Romain Grosjean
815,Sergio,Pérez,951,2016,9,2.0,Sergio Pérez
18,Jenson,Button,951,2016,10,1.0,Jenson Button
817,Daniel,Ricciardo,951,2016,11,0.0,Daniel Ricciardo
832,Carlos,Sainz,951,2016,12,0.0,Carlos Sainz
835,Jolyon,Palmer,951,2016,13,0.0,Jolyon Palmer
828,Marcus,Ericsson,951,2016,14,0.0,Marcus Ericsson
826,Daniil,Kvyat,951,2016,15,0.0,Daniil Kvyat
831,Felipe,Nasr,951,2016,16,0.0,Felipe Nasr
821,Esteban,Gutiérrez,951,2016,17,0.0,Esteban Gutiérrez
836,Pascal,Wehrlein,951,2016,18,0.0,Pascal Wehrlein
830,Max,Verstappen,952,2016,1,25.0,Max Verstappen
8,Kimi,Räikkönen,952,2016,2,18.0,Kimi Räikkönen
20,Sebastian,Vettel,952,2016,3,15.0,Sebastian Vettel
817,Daniel,Ricciardo,952,2016,4,12.0,Daniel Ricciardo
822,Valtteri,Bottas,952,2016,5,10.0,Valtteri Bottas
832,Carlos,Sainz,952,2016,6,8.0,Carlos Sainz
815,Sergio,Pérez,952,2016,7,6.0,Sergio Pérez
13,Felipe,Massa,952,2016,8,4.0,Felipe Massa
18,Jenson,Button,952,2016,9,2.0,Jenson Button
826,Daniil,Kvyat,952,2016,10,1.0,Daniil Kvyat
821,Esteban,Gutiérrez,952,2016,11,0.0,Esteban Gutiérrez
828,Marcus,Ericsson,952,2016,12,0.0,Marcus Ericsson
835,Jolyon,Palmer,952,2016,13,0.0,Jolyon Palmer
825,Kevin,Magnussen,952,2016,14,0.0,Kevin Magnussen
831,Felipe,Nasr,952,2016,15,0.0,Felipe Nasr
836,Pascal,Wehrlein,952,2016,16,0.0,Pascal Wehrlein
837,Rio,Haryanto,952,2016,17,0.0,Rio Haryanto
1,Lewis,Hamilton,953,2016,1,25.0,Lewis Hamilton
817,Daniel,Ricciardo,953,2016,2,18.0,Daniel Ricciardo
815,Sergio,Pérez,953,2016,3,15.0,Sergio Pérez
20,Sebastian,Vettel,953,2016,4,12.0,Sebastian Vettel
4,Fernando,Alonso,953,2016,5,10.0,Fernando Alonso
807,Nico,Hülkenberg,953,2016,6,8.0,Nico Hülkenberg
3,Nico,Rosberg,953,2016,7,6.0,Nico Rosberg
832,Carlos,Sainz,953,2016,8,4.0,Carlos Sainz
18,Jenson,Button,953,2016,9,2.0,Jenson Button
13,Felipe,Massa,953,2016,10,1.0,Felipe Massa
821,Esteban,Gutiérrez,953,2016,11,0.0,Esteban Gutiérrez
822,Valtteri,Bottas,953,2016,12,0.0,Valtteri Bottas
154,Romain,Grosjean,953,2016,13,0.0,Romain Grosjean
836,Pascal,Wehrlein,953,2016,14,0.0,Pascal Wehrlein
837,Rio,Haryanto,953,2016,15,0.0,Rio Haryanto
1,Lewis,Hamilton,954,2016,1,25.0,Lewis Hamilton
20,Sebastian,Vettel,954,2016,2,18.0,Sebastian Vettel
822,Valtteri,Bottas,954,2016,3,15.0,Valtteri Bottas
830,Max,Verstappen,954,2016,4,12.0,Max Verstappen
3,Nico,Rosberg,954,2016,5,10.0,Nico Rosberg
8,Kimi,Räikkönen,954,2016,6,8.0,Kimi Räikkönen
817,Daniel,Ricciardo,954,2016,7,6.0,Daniel Ricciardo
807,Nico,Hülkenberg,954,2016,8,4.0,Nico Hülkenberg
832,Carlos,Sainz,954,2016,9,2.0,Carlos Sainz
815,Sergio,Pérez,954,2016,10,1.0,Sergio Pérez
4,Fernando,Alonso,954,2016,11,0.0,Fernando Alonso
826,Daniil,Kvyat,954,2016,12,0.0,Daniil Kvyat
821,Esteban,Gutiérrez,954,2016,13,0.0,Esteban Gutiérrez
154,Romain,Grosjean,954,2016,14,0.0,Romain Grosjean
828,Marcus,Ericsson,954,2016,15,0.0,Marcus Ericsson
825,Kevin,Magnussen,954,2016,16,0.0,Kevin Magnussen
836,Pascal,Wehrlein,954,2016,17,0.0,Pascal Wehrlein
831,Felipe,Nasr,954,2016,18,0.0,Felipe Nasr
837,Rio,Haryanto,954,2016,19,0.0,Rio Haryanto
3,Nico,Rosberg,955,2016,1,25.0,Nico Rosberg
20,Sebastian,Vettel,955,2016,2,18.0,Sebastian Vettel
815,Sergio,Pérez,955,2016,3,15.0,Sergio Pérez
8,Kimi,Räikkönen,955,2016,4,12.0,Kimi Räikkönen
1,Lewis,Hamilton,955,2016,5,10.0,Lewis Hamilton
822,Valtteri,Bottas,955,2016,6,8.0,Valtteri Bottas
817,Daniel,Ricciardo,955,2016,7,6.0,Daniel Ricciardo
830,Max,Verstappen,955,2016,8,4.0,Max Verstappen
807,Nico,Hülkenberg,955,2016,9,2.0,Nico Hülkenberg
13,Felipe,Massa,955,2016,10,1.0,Felipe Massa
18,Jenson,Button,955,2016,11,0.0,Jenson Button
831,Felipe,Nasr,955,2016,12,0.0,Felipe Nasr
154,Romain,Grosjean,955,2016,13,0.0,Romain Grosjean
825,Kevin,Magnussen,955,2016,14,0.0,Kevin Magnussen
835,Jolyon,Palmer,955,2016,15,0.0,Jolyon Palmer
821,Esteban,Gutiérrez,955,2016,16,0.0,Esteban Gutiérrez
828,Marcus,Ericsson,955,2016,17,0.0,Marcus Ericsson
837,Rio,Haryanto,955,2016,18,0.0,Rio Haryanto
1,Lewis,Hamilton,956,2016,1,25.0,Lewis Hamilton
830,Max,Verstappen,956,2016,2,18.0,Max Verstappen
8,Kimi,Räikkönen,956,2016,3,15.0,Kimi Räikkönen
3,Nico,Rosberg,956,2016,4,12.0,Nico Rosberg
817,Daniel,Ricciardo,956,2016,5,10.0,Daniel Ricciardo
18,Jenson,Button,956,2016,6,8.0,Jenson Button
154,Romain,Grosjean,956,2016,7,6.0,Romain Grosjean
832,Carlos,Sainz,956,2016,8,4.0,Carlos Sainz
822,Valtteri,Bottas,956,2016,9,2.0,Valtteri Bottas
836,Pascal,Wehrlein,956,2016,10,1.0,Pascal Wehrlein
821,Esteban,Gutiérrez,956,2016,11,0.0,Esteban Gutiérrez
835,Jolyon,Palmer,956,2016,12,0.0,Jolyon Palmer
831,Felipe,Nasr,956,2016,13,0.0,Felipe Nasr
825,Kevin,Magnussen,956,2016,14,0.0,Kevin Magnussen
828,Marcus,Ericsson,956,2016,15,0.0,Marcus Ericsson
837,Rio,Haryanto,956,2016,16,0.0,Rio Haryanto
815,Sergio,Pérez,956,2016,17,0.0,Sergio Pérez
4,Fernando,Alonso,956,2016,18,0.0,Fernando Alonso
807,Nico,Hülkenberg,956,2016,19,0.0,Nico Hülkenberg
13,Felipe,Massa,956,2016,20,0.0,Felipe Massa
1,Lewis,Hamilton,957,2016,1,25.0,Lewis Hamilton
830,Max,Verstappen,957,2016,2,18.0,Max Verstappen
3,Nico,Rosberg,957,2016,3,15.0,Nico Rosberg
817,Daniel,Ricciardo,957,2016,4,12.0,Daniel Ricciardo
8,Kimi,Räikkönen,957,2016,5,10.0,Kimi Räikkönen
815,Sergio,Pérez,957,2016,6,8.0,Sergio Pérez
807,Nico,Hülkenberg,957,2016,7,6.0,Nico Hülkenberg
832,Carlos,Sainz,957,2016,8,4.0,Carlos Sainz
20,Sebastian,Vettel,957,2016,9,2.0,Sebastian Vettel
826,Daniil,Kvyat,957,2016,10,1.0,Daniil Kvyat
13,Felipe,Massa,957,2016,11,0.0,Felipe Massa
18,Jenson,Button,957,2016,12,0.0,Jenson Button
4,Fernando,Alonso,957,2016,13,0.0,Fernando Alonso
822,Valtteri,Bottas,957,2016,14,0.0,Valtteri Bottas
831,Felipe,Nasr,957,2016,15,0.0,Felipe Nasr
821,Esteban,Gutiérrez,957,2016,16,0.0,Esteban Gutiérrez
825,Kevin,Magnussen,957,2016,17,0.0,Kevin Magnussen
1,Lewis,Hamilton,958,2016,1,25.0,Lewis Hamilton
3,Nico,Rosberg,958,2016,2,18.0,Nico Rosberg
817,Daniel,Ricciardo,958,2016,3,15.0,Daniel Ricciardo
20,Sebastian,Vettel,958,2016,4,12.0,Sebastian Vettel
830,Max,Verstappen,958,2016,5,10.0,Max Verstappen
8,Kimi,Räikkönen,958,2016,6,8.0,Kimi Räikkönen
4,Fernando,Alonso,958,2016,7,6.0,Fernando Alonso
832,Carlos,Sainz,958,2016,8,4.0,Carlos Sainz
822,Valtteri,Bottas,958,2016,9,2.0,Valtteri Bottas
807,Nico,Hülkenberg,958,2016,10,1.0,Nico Hülkenberg
815,Sergio,Pérez,958,2016,11,0.0,Sergio Pérez
835,Jolyon,Palmer,958,2016,12,0.0,Jolyon Palmer
821,Esteban,Gutiérrez,958,2016,13,0.0,Esteban Gutiérrez
154,Romain,Grosjean,958,2016,14,0.0,Romain Grosjean
825,Kevin,Magnussen,958,2016,15,0.0,Kevin Magnussen
826,Daniil,Kvyat,958,2016,16,0.0,Daniil Kvyat
831,Felipe,Nasr,958,2016,17,0.0,Felipe Nasr
13,Felipe,Massa,958,2016,18,0.0,Felipe Massa
836,Pascal,Wehrlein,958,2016,19,0.0,Pascal Wehrlein
828,Marcus,Ericsson,958,2016,20,0.0,Marcus Ericsson
837,Rio,Haryanto,958,2016,21,0.0,Rio Haryanto
1,Lewis,Hamilton,959,2016,1,25.0,Lewis Hamilton
817,Daniel,Ricciardo,959,2016,2,18.0,Daniel Ricciardo
830,Max,Verstappen,959,2016,3,15.0,Max Verstappen
3,Nico,Rosberg,959,2016,4,12.0,Nico Rosberg
20,Sebastian,Vettel,959,2016,5,10.0,Sebastian Vettel
8,Kimi,Räikkönen,959,2016,6,8.0,Kimi Räikkönen
807,Nico,Hülkenberg,959,2016,7,6.0,Nico Hülkenberg
18,Jenson,Button,959,2016,8,4.0,Jenson Button
822,Valtteri,Bottas,959,2016,9,2.0,Valtteri Bottas
815,Sergio,Pérez,959,2016,10,1.0,Sergio Pérez
821,Esteban,Gutiérrez,959,2016,11,0.0,Esteban Gutiérrez
4,Fernando,Alonso,959,2016,12,0.0,Fernando Alonso
154,Romain,Grosjean,959,2016,13,0.0,Romain Grosjean
832,Carlos,Sainz,959,2016,14,0.0,Carlos Sainz
826,Daniil,Kvyat,959,2016,15,0.0,Daniil Kvyat
825,Kevin,Magnussen,959,2016,16,0.0,Kevin Magnussen
836,Pascal,Wehrlein,959,2016,17,0.0,Pascal Wehrlein
828,Marcus,Ericsson,959,2016,18,0.0,Marcus Ericsson
835,Jolyon,Palmer,959,2016,19,0.0,Jolyon Palmer
837,Rio,Haryanto,959,2016,20,0.0,Rio Haryanto
3,Nico,Rosberg,960,2016,1,25.0,Nico Rosberg
817,Daniel,Ricciardo,960,2016,2,18.0,Daniel Ricciardo
1,Lewis,Hamilton,960,2016,3,15.0,Lewis Hamilton
807,Nico,Hülkenberg,960,2016,4,12.0,Nico Hülkenberg
815,Sergio,Pérez,960,2016,5,10.0,Sergio Pérez
20,Sebastian,Vettel,960,2016,6,8.0,Sebastian Vettel
4,Fernando,Alonso,960,2016,7,6.0,Fernando Alonso
822,Valtteri,Bottas,960,2016,8,4.0,Valtteri Bottas
8,Kimi,Räikkönen,960,2016,9,2.0,Kimi Räikkönen
13,Felipe,Massa,960,2016,10,1.0,Felipe Massa
830,Max,Verstappen,960,2016,11,0.0,Max Verstappen
821,Esteban,Gutiérrez,960,2016,12,0.0,Esteban Gutiérrez
154,Romain,Grosjean,960,2016,13,0.0,Romain Grosjean
826,Daniil,Kvyat,960,2016,14,0.0,Daniil Kvyat
835,Jolyon,Palmer,960,2016,15,0.0,Jolyon Palmer
839,Esteban,Ocon,960,2016,16,0.0,Esteban Ocon
831,Felipe,Nasr,960,2016,17,0.0,Felipe Nasr
3,Nico,Rosberg,961,2016,1,25.0,Nico Rosberg
1,Lewis,Hamilton,961,2016,2,18.0,Lewis Hamilton
20,Sebastian,Vettel,961,2016,3,15.0,Sebastian Vettel
8,Kimi,Räikkönen,961,2016,4,12.0,Kimi Räikkönen
817,Daniel,Ricciardo,961,2016,5,10.0,Daniel Ricciardo
822,Valtteri,Bottas,961,2016,6,8.0,Valtteri Bottas
830,Max,Verstappen,961,2016,7,6.0,Max Verstappen
815,Sergio,Pérez,961,2016,8,4.0,Sergio Pérez
13,Felipe,Massa,961,2016,9,2.0,Felipe Massa
807,Nico,Hülkenberg,961,2016,10,1.0,Nico Hülkenberg
154,Romain,Grosjean,961,2016,11,0.0,Romain Grosjean
18,Jenson,Button,961,2016,12,0.0,Jenson Button
821,Esteban,Gutiérrez,961,2016,13,0.0,Esteban Gutiérrez
4,Fernando,Alonso,961,2016,14,0.0,Fernando Alonso
832,Carlos,Sainz,961,2016,15,0.0,Carlos Sainz
828,Marcus,Ericsson,961,2016,16,0.0,Marcus Ericsson
825,Kevin,Magnussen,961,2016,17,0.0,Kevin Magnussen
839,Esteban,Ocon,961,2016,18,0.0,Esteban Ocon
3,Nico,Rosberg,962,2016,1,25.0,Nico Rosberg
817,Daniel,Ricciardo,962,2016,2,18.0,Daniel Ricciardo
1,Lewis,Hamilton,962,2016,3,15.0,Lewis Hamilton
8,Kimi,Räikkönen,962,2016,4,12.0,Kimi Räikkönen
20,Sebastian,Vettel,962,2016,5,10.0,Sebastian Vettel
830,Max,Verstappen,962,2016,6,8.0,Max Verstappen
4,Fernando,Alonso,962,2016,7,6.0,Fernando Alonso
815,Sergio,Pérez,962,2016,8,4.0,Sergio Pérez
826,Daniil,Kvyat,962,2016,9,2.0,Daniil Kvyat
825,Kevin,Magnussen,962,2016,10,1.0,Kevin Magnussen
821,Esteban,Gutiérrez,962,2016,11,0.0,Esteban Gutiérrez
13,Felipe,Massa,962,2016,12,0.0,Felipe Massa
831,Felipe,Nasr,962,2016,13,0.0,Felipe Nasr
832,Carlos,Sainz,962,2016,14,0.0,Carlos Sainz
835,Jolyon,Palmer,962,2016,15,0.0,Jolyon Palmer
836,Pascal,Wehrlein,962,2016,16,0.0,Pascal Wehrlein
828,Marcus,Ericsson,962,2016,17,0.0,Marcus Ericsson
839,Esteban,Ocon,962,2016,18,0.0,Esteban Ocon
817,Daniel,Ricciardo,963,2016,1,25.0,Daniel Ricciardo
830,Max,Verstappen,963,2016,2,18.0,Max Verstappen
3,Nico,Rosberg,963,2016,3,15.0,Nico Rosberg
8,Kimi,Räikkönen,963,2016,4,12.0,Kimi Räikkönen
822,Valtteri,Bottas,963,2016,5,10.0,Valtteri Bottas
815,Sergio,Pérez,963,2016,6,8.0,Sergio Pérez
4,Fernando,Alonso,963,2016,7,6.0,Fernando Alonso
807,Nico,Hülkenberg,963,2016,8,4.0,Nico Hülkenberg
18,Jenson,Button,963,2016,9,2.0,Jenson Button
835,Jolyon,Palmer,963,2016,10,1.0,Jolyon Palmer
832,Carlos,Sainz,963,2016,11,0.0,Carlos Sainz
828,Marcus,Ericsson,963,2016,12,0.0,Marcus Ericsson
13,Felipe,Massa,963,2016,13,0.0,Felipe Massa
826,Daniil,Kvyat,963,2016,14,0.0,Daniil Kvyat
836,Pascal,Wehrlein,963,2016,15,0.0,Pascal Wehrlein
839,Esteban,Ocon,963,2016,16,0.0,Esteban Ocon
3,Nico,Rosberg,964,2016,1,25.0,Nico Rosberg
830,Max,Verstappen,964,2016,2,18.0,Max Verstappen
1,Lewis,Hamilton,964,2016,3,15.0,Lewis Hamilton
20,Sebastian,Vettel,964,2016,4,12.0,Sebastian Vettel
8,Kimi,Räikkönen,964,2016,5,10.0,Kimi Räikkönen
817,Daniel,Ricciardo,964,2016,6,8.0,Daniel Ricciardo
815,Sergio,Pérez,964,2016,7,6.0,Sergio Pérez
807,Nico,Hülkenberg,964,2016,8,4.0,Nico Hülkenberg
13,Felipe,Massa,964,2016,9,2.0,Felipe Massa
822,Valtteri,Bottas,964,2016,10,1.0,Valtteri Bottas
154,Romain,Grosjean,964,2016,11,0.0,Romain Grosjean
835,Jolyon,Palmer,964,2016,12,0.0,Jolyon Palmer
826,Daniil,Kvyat,964,2016,13,0.0,Daniil Kvyat
825,Kevin,Magnussen,964,2016,14,0.0,Kevin Magnussen
828,Marcus,Ericsson,964,2016,15,0.0,Marcus Ericsson
4,Fernando,Alonso,964,2016,16,0.0,Fernando Alonso
832,Carlos,Sainz,964,2016,17,0.0,Carlos Sainz
18,Jenson,Button,964,2016,18,0.0,Jenson Button
831,Felipe,Nasr,964,2016,19,0.0,Felipe Nasr
821,Esteban,Gutiérrez,964,2016,20,0.0,Esteban Gutiérrez
839,Esteban,Ocon,964,2016,21,0.0,Esteban Ocon
836,Pascal,Wehrlein,964,2016,22,0.0,Pascal Wehrlein
1,Lewis,Hamilton,965,2016,1,25.0,Lewis Hamilton
3,Nico,Rosberg,965,2016,2,18.0,Nico Rosberg
817,Daniel,Ricciardo,965,2016,3,15.0,Daniel Ricciardo
20,Sebastian,Vettel,965,2016,4,12.0,Sebastian Vettel
4,Fernando,Alonso,965,2016,5,10.0,Fernando Alonso
832,Carlos,Sainz,965,2016,6,8.0,Carlos Sainz
13,Felipe,Massa,965,2016,7,6.0,Felipe Massa
815,Sergio,Pérez,965,2016,8,4.0,Sergio Pérez
18,Jenson,Button,965,2016,9,2.0,Jenson Button
154,Romain,Grosjean,965,2016,10,1.0,Romain Grosjean
826,Daniil,Kvyat,965,2016,11,0.0,Daniil Kvyat
825,Kevin,Magnussen,965,2016,12,0.0,Kevin Magnussen
835,Jolyon,Palmer,965,2016,13,0.0,Jolyon Palmer
828,Marcus,Ericsson,965,2016,14,0.0,Marcus Ericsson
831,Felipe,Nasr,965,2016,15,0.0,Felipe Nasr
822,Valtteri,Bottas,965,2016,16,0.0,Valtteri Bottas
836,Pascal,Wehrlein,965,2016,17,0.0,Pascal Wehrlein
839,Esteban,Ocon,965,2016,18,0.0,Esteban Ocon
1,Lewis,Hamilton,966,2016,1,25.0,Lewis Hamilton
3,Nico,Rosberg,966,2016,2,18.0,Nico Rosberg
817,Daniel,Ricciardo,966,2016,3,15.0,Daniel Ricciardo
830,Max,Verstappen,966,2016,4,12.0,Max Verstappen
20,Sebastian,Vettel,966,2016,5,10.0,Sebastian Vettel
8,Kimi,Räikkönen,966,2016,6,8.0,Kimi Räikkönen
807,Nico,Hülkenberg,966,2016,7,6.0,Nico Hülkenberg
822,Valtteri,Bottas,966,2016,8,4.0,Valtteri Bottas
13,Felipe,Massa,966,2016,9,2.0,Felipe Massa
815,Sergio,Pérez,966,2016,10,1.0,Sergio Pérez
828,Marcus,Ericsson,966,2016,11,0.0,Marcus Ericsson
18,Jenson,Button,966,2016,12,0.0,Jenson Button
4,Fernando,Alonso,966,2016,13,0.0,Fernando Alonso
835,Jolyon,Palmer,966,2016,14,0.0,Jolyon Palmer
831,Felipe,Nasr,966,2016,15,0.0,Felipe Nasr
832,Carlos,Sainz,966,2016,16,0.0,Carlos Sainz
825,Kevin,Magnussen,966,2016,17,0.0,Kevin Magnussen
826,Daniil,Kvyat,966,2016,18,0.0,Daniil Kvyat
821,Esteban,Gutiérrez,966,2016,19,0.0,Esteban Gutiérrez
154,Romain,Grosjean,966,2016,20,0.0,Romain Grosjean
839,Esteban,Ocon,966,2016,21,0.0,Esteban Ocon
1,Lewis,Hamilton,967,2016,1,25.0,Lewis Hamilton
3,Nico,Rosberg,967,2016,2,18.0,Nico Rosberg
830,Max,Verstappen,967,2016,3,15.0,Max Verstappen
815,Sergio,Pérez,967,2016,4,12.0,Sergio Pérez
20,Sebastian,Vettel,967,2016,5,10.0,Sebastian Vettel
832,Carlos,Sainz,967,2016,6,8.0,Carlos Sainz
807,Nico,Hülkenberg,967,2016,7,6.0,Nico Hülkenberg
817,Daniel,Ricciardo,967,2016,8,4.0,Daniel Ricciardo
831,Felipe,Nasr,967,2016,9,2.0,Felipe Nasr
4,Fernando,Alonso,967,2016,10,1.0,Fernando Alonso
822,Valtteri,Bottas,967,2016,11,0.0,Valtteri Bottas
839,Esteban,Ocon,967,2016,12,0.0,Esteban Ocon
826,Daniil,Kvyat,967,2016,13,0.0,Daniil Kvyat
825,Kevin,Magnussen,967,2016,14,0.0,Kevin Magnussen
836,Pascal,Wehrlein,967,2016,15,0.0,Pascal Wehrlein
18,Jenson,Button,967,2016,16,0.0,Jenson Button
1,Lewis,Hamilton,968,2016,1,25.0,Lewis Hamilton
3,Nico,Rosberg,968,2016,2,18.0,Nico Rosberg
20,Sebastian,Vettel,968,2016,3,15.0,Sebastian Vettel
830,Max,Verstappen,968,2016,4,12.0,Max Verstappen
817,Daniel,Ricciardo,968,2016,5,10.0,Daniel Ricciardo
8,Kimi,Räikkönen,968,2016,6,8.0,Kimi Räikkönen
807,Nico,Hülkenberg,968,2016,7,6.0,Nico Hülkenberg
815,Sergio,Pérez,968,2016,8,4.0,Sergio Pérez
13,Felipe,Massa,968,2016,9,2.0,Felipe Massa
4,Fernando,Alonso,968,2016,10,1.0,Fernando Alonso
154,Romain,Grosjean,968,2016,11,0.0,Romain Grosjean
821,Esteban,Gutiérrez,968,2016,12,0.0,Esteban Gutiérrez
839,Esteban,Ocon,968,2016,13,0.0,Esteban Ocon
836,Pascal,Wehrlein,968,2016,14,0.0,Pascal Wehrlein
828,Marcus,Ericsson,968,2016,15,0.0,Marcus Ericsson
831,Felipe,Nasr,968,2016,16,0.0,Felipe Nasr
835,Jolyon,Palmer,968,2016,17,0.0,Jolyon Palmer
20,Sebastian,Vettel,969,2017,1,25.0,Sebastian Vettel
1,Lewis,Hamilton,969,2017,2,18.0,Lewis Hamilton
822,Valtteri,Bottas,969,2017,3,15.0,Valtteri Bottas
8,Kimi,Räikkönen,969,2017,4,12.0,Kimi Räikkönen
830,Max,Verstappen,969,2017,5,10.0,Max Verstappen
13,Felipe,Massa,969,2017,6,8.0,Felipe Massa
815,Sergio,Pérez,969,2017,7,6.0,Sergio Pérez
832,Carlos,Sainz,969,2017,8,4.0,Carlos Sainz
826,Daniil,Kvyat,969,2017,9,2.0,Daniil Kvyat
839,Esteban,Ocon,969,2017,10,1.0,Esteban Ocon
807,Nico,Hülkenberg,969,2017,11,0.0,Nico Hülkenberg
841,Antonio,Giovinazzi,969,2017,12,0.0,Antonio Giovinazzi
838,Stoffel,Vandoorne,969,2017,13,0.0,Stoffel Vandoorne
1,Lewis,Hamilton,970,2017,1,25.0,Lewis Hamilton
20,Sebastian,Vettel,970,2017,2,18.0,Sebastian Vettel
830,Max,Verstappen,970,2017,3,15.0,Max Verstappen
817,Daniel,Ricciardo,970,2017,4,12.0,Daniel Ricciardo
8,Kimi,Räikkönen,970,2017,5,10.0,Kimi Räikkönen
822,Valtteri,Bottas,970,2017,6,8.0,Valtteri Bottas
832,Carlos,Sainz,970,2017,7,6.0,Carlos Sainz
825,Kevin,Magnussen,970,2017,8,4.0,Kevin Magnussen
815,Sergio,Pérez,970,2017,9,2.0,Sergio Pérez
839,Esteban,Ocon,970,2017,10,1.0,Esteban Ocon
154,Romain,Grosjean,970,2017,11,0.0,Romain Grosjean
807,Nico,Hülkenberg,970,2017,12,0.0,Nico Hülkenberg
835,Jolyon,Palmer,970,2017,13,0.0,Jolyon Palmer
13,Felipe,Massa,970,2017,14,0.0,Felipe Massa
828,Marcus,Ericsson,970,2017,15,0.0,Marcus Ericsson
20,Sebastian,Vettel,971,2017,1,25.0,Sebastian Vettel
1,Lewis,Hamilton,971,2017,2,18.0,Lewis Hamilton
822,Valtteri,Bottas,971,2017,3,15.0,Valtteri Bottas
8,Kimi,Räikkönen,971,2017,4,12.0,Kimi Räikkönen
817,Daniel,Ricciardo,971,2017,5,10.0,Daniel Ricciardo
13,Felipe,Massa,971,2017,6,8.0,Felipe Massa
815,Sergio,Pérez,971,2017,7,6.0,Sergio Pérez
154,Romain,Grosjean,971,2017,8,4.0,Romain Grosjean
807,Nico,Hülkenberg,971,2017,9,2.0,Nico Hülkenberg
839,Esteban,Ocon,971,2017,10,1.0,Esteban Ocon
836,Pascal,Wehrlein,971,2017,11,0.0,Pascal Wehrlein
826,Daniil,Kvyat,971,2017,12,0.0,Daniil Kvyat
835,Jolyon,Palmer,971,2017,13,0.0,Jolyon Palmer
4,Fernando,Alonso,971,2017,14,0.0,Fernando Alonso
822,Valtteri,Bottas,972,2017,1,25.0,Valtteri Bottas
20,Sebastian,Vettel,972,2017,2,18.0,Sebastian Vettel
8,Kimi,Räikkönen,972,2017,3,15.0,Kimi Räikkönen
1,Lewis,Hamilton,972,2017,4,12.0,Lewis Hamilton
830,Max,Verstappen,972,2017,5,10.0,Max Verstappen
815,Sergio,Pérez,972,2017,6,8.0,Sergio Pérez
839,Esteban,Ocon,972,2017,7,6.0,Esteban Ocon
807,Nico,Hülkenberg,972,2017,8,4.0,Nico Hülkenberg
13,Felipe,Massa,972,2017,9,2.0,Felipe Massa
832,Carlos,Sainz,972,2017,10,1.0,Carlos Sainz
840,Lance,Stroll,972,2017,11,0.0,Lance Stroll
826,Daniil,Kvyat,972,2017,12,0.0,Daniil Kvyat
825,Kevin,Magnussen,972,2017,13,0.0,Kevin Magnussen
838,Stoffel,Vandoorne,972,2017,14,0.0,Stoffel Vandoorne
828,Marcus,Ericsson,972,2017,15,0.0,Marcus Ericsson
836,Pascal,Wehrlein,972,2017,16,0.0,Pascal Wehrlein
1,Lewis,Hamilton,973,2017,1,25.0,Lewis Hamilton
20,Sebastian,Vettel,973,2017,2,18.0,Sebastian Vettel
817,Daniel,Ricciardo,973,2017,3,15.0,Daniel Ricciardo
815,Sergio,Pérez,973,2017,4,12.0,Sergio Pérez
839,Esteban,Ocon,973,2017,5,10.0,Esteban Ocon
807,Nico,Hülkenberg,973,2017,6,8.0,Nico Hülkenberg
832,Carlos,Sainz,973,2017,7,6.0,Carlos Sainz
836,Pascal,Wehrlein,973,2017,8,4.0,Pascal Wehrlein
826,Daniil,Kvyat,973,2017,9,2.0,Daniil Kvyat
154,Romain,Grosjean,973,2017,10,1.0,Romain Grosjean
828,Marcus,Ericsson,973,2017,11,0.0,Marcus Ericsson
4,Fernando,Alonso,973,2017,12,0.0,Fernando Alonso
13,Felipe,Massa,973,2017,13,0.0,Felipe Massa
825,Kevin,Magnussen,973,2017,14,0.0,Kevin Magnussen
835,Jolyon,Palmer,973,2017,15,0.0,Jolyon Palmer
840,Lance,Stroll,973,2017,16,0.0,Lance Stroll
20,Sebastian,Vettel,974,2017,1,25.0,Sebastian Vettel
8,Kimi,Räikkönen,974,2017,2,18.0,Kimi Räikkönen
817,Daniel,Ricciardo,974,2017,3,15.0,Daniel Ricciardo
822,Valtteri,Bottas,974,2017,4,12.0,Valtteri Bottas
830,Max,Verstappen,974,2017,5,10.0,Max Verstappen
832,Carlos,Sainz,974,2017,6,8.0,Carlos Sainz
1,Lewis,Hamilton,974,2017,7,6.0,Lewis Hamilton
154,Romain,Grosjean,974,2017,8,4.0,Romain Grosjean
13,Felipe,Massa,974,2017,9,2.0,Felipe Massa
825,Kevin,Magnussen,974,2017,10,1.0,Kevin Magnussen
835,Jolyon,Palmer,974,2017,11,0.0,Jolyon Palmer
839,Esteban,Ocon,974,2017,12,0.0,Esteban Ocon
815,Sergio,Pérez,974,2017,13,0.0,Sergio Pérez
826,Daniil,Kvyat,974,2017,14,0.0,Daniil Kvyat
840,Lance,Stroll,974,2017,15,0.0,Lance Stroll
1,Lewis,Hamilton,975,2017,1,25.0,Lewis Hamilton
822,Valtteri,Bottas,975,2017,2,18.0,Valtteri Bottas
817,Daniel,Ricciardo,975,2017,3,15.0,Daniel Ricciardo
20,Sebastian,Vettel,975,2017,4,12.0,Sebastian Vettel
815,Sergio,Pérez,975,2017,5,10.0,Sergio Pérez
839,Esteban,Ocon,975,2017,6,8.0,Esteban Ocon
8,Kimi,Räikkönen,975,2017,7,6.0,Kimi Räikkönen
807,Nico,Hülkenberg,975,2017,8,4.0,Nico Hülkenberg
840,Lance,Stroll,975,2017,9,2.0,Lance Stroll
154,Romain,Grosjean,975,2017,10,1.0,Romain Grosjean
835,Jolyon,Palmer,975,2017,11,0.0,Jolyon Palmer
825,Kevin,Magnussen,975,2017,12,0.0,Kevin Magnussen
828,Marcus,Ericsson,975,2017,13,0.0,Marcus Ericsson
838,Stoffel,Vandoorne,975,2017,14,0.0,Stoffel Vandoorne
836,Pascal,Wehrlein,975,2017,15,0.0,Pascal Wehrlein
4,Fernando,Alonso,975,2017,16,0.0,Fernando Alonso
817,Daniel,Ricciardo,976,2017,1,25.0,Daniel Ricciardo
822,Valtteri,Bottas,976,2017,2,18.0,Valtteri Bottas
840,Lance,Stroll,976,2017,3,15.0,Lance Stroll
20,Sebastian,Vettel,976,2017,4,12.0,Sebastian Vettel
1,Lewis,Hamilton,976,2017,5,10.0,Lewis Hamilton
839,Esteban,Ocon,976,2017,6,8.0,Esteban Ocon
825,Kevin,Magnussen,976,2017,7,6.0,Kevin Magnussen
832,Carlos,Sainz,976,2017,8,4.0,Carlos Sainz
4,Fernando,Alonso,976,2017,9,2.0,Fernando Alonso
836,Pascal,Wehrlein,976,2017,10,1.0,Pascal Wehrlein
828,Marcus,Ericsson,976,2017,11,0.0,Marcus Ericsson
838,Stoffel,Vandoorne,976,2017,12,0.0,Stoffel Vandoorne
154,Romain,Grosjean,976,2017,13,0.0,Romain Grosjean
8,Kimi,Räikkönen,976,2017,14,0.0,Kimi Räikkönen
822,Valtteri,Bottas,977,2017,1,25.0,Valtteri Bottas
20,Sebastian,Vettel,977,2017,2,18.0,Sebastian Vettel
817,Daniel,Ricciardo,977,2017,3,15.0,Daniel Ricciardo
1,Lewis,Hamilton,977,2017,4,12.0,Lewis Hamilton
8,Kimi,Räikkönen,977,2017,5,10.0,Kimi Räikkönen
154,Romain,Grosjean,977,2017,6,8.0,Romain Grosjean
815,Sergio,Pérez,977,2017,7,6.0,Sergio Pérez
839,Esteban,Ocon,977,2017,8,4.0,Esteban Ocon
13,Felipe,Massa,977,2017,9,2.0,Felipe Massa
840,Lance,Stroll,977,2017,10,1.0,Lance Stroll
835,Jolyon,Palmer,977,2017,11,0.0,Jolyon Palmer
838,Stoffel,Vandoorne,977,2017,12,0.0,Stoffel Vandoorne
807,Nico,Hülkenberg,977,2017,13,0.0,Nico Hülkenberg
836,Pascal,Wehrlein,977,2017,14,0.0,Pascal Wehrlein
828,Marcus,Ericsson,977,2017,15,0.0,Marcus Ericsson
826,Daniil,Kvyat,977,2017,16,0.0,Daniil Kvyat
1,Lewis,Hamilton,978,2017,1,25.0,Lewis Hamilton
822,Valtteri,Bottas,978,2017,2,18.0,Valtteri Bottas
8,Kimi,Räikkönen,978,2017,3,15.0,Kimi Räikkönen
830,Max,Verstappen,978,2017,4,12.0,Max Verstappen
817,Daniel,Ricciardo,978,2017,5,10.0,Daniel Ricciardo
807,Nico,Hülkenberg,978,2017,6,8.0,Nico Hülkenberg
20,Sebastian,Vettel,978,2017,7,6.0,Sebastian Vettel
839,Esteban,Ocon,978,2017,8,4.0,Esteban Ocon
815,Sergio,Pérez,978,2017,9,2.0,Sergio Pérez
13,Felipe,Massa,978,2017,10,1.0,Felipe Massa
838,Stoffel,Vandoorne,978,2017,11,0.0,Stoffel Vandoorne
825,Kevin,Magnussen,978,2017,12,0.0,Kevin Magnussen
154,Romain,Grosjean,978,2017,13,0.0,Romain Grosjean
828,Marcus,Ericsson,978,2017,14,0.0,Marcus Ericsson
826,Daniil,Kvyat,978,2017,15,0.0,Daniil Kvyat
840,Lance,Stroll,978,2017,16,0.0,Lance Stroll
836,Pascal,Wehrlein,978,2017,17,0.0,Pascal Wehrlein
20,Sebastian,Vettel,979,2017,1,25.0,Sebastian Vettel
8,Kimi,Räikkönen,979,2017,2,18.0,Kimi Räikkönen
822,Valtteri,Bottas,979,2017,3,15.0,Valtteri Bottas
1,Lewis,Hamilton,979,2017,4,12.0,Lewis Hamilton
830,Max,Verstappen,979,2017,5,10.0,Max Verstappen
4,Fernando,Alonso,979,2017,6,8.0,Fernando Alonso
832,Carlos,Sainz,979,2017,7,6.0,Carlos Sainz
815,Sergio,Pérez,979,2017,8,4.0,Sergio Pérez
839,Esteban,Ocon,979,2017,9,2.0,Esteban Ocon
838,Stoffel,Vandoorne,979,2017,10,1.0,Stoffel Vandoorne
826,Daniil,Kvyat,979,2017,11,0.0,Daniil Kvyat
835,Jolyon,Palmer,979,2017,12,0.0,Jolyon Palmer
825,Kevin,Magnussen,979,2017,13,0.0,Kevin Magnussen
840,Lance,Stroll,979,2017,14,0.0,Lance Stroll
836,Pascal,Wehrlein,979,2017,15,0.0,Pascal Wehrlein
828,Marcus,Ericsson,979,2017,16,0.0,Marcus Ericsson
807,Nico,Hülkenberg,979,2017,17,0.0,Nico Hülkenberg
1,Lewis,Hamilton,980,2017,1,25.0,Lewis Hamilton
20,Sebastian,Vettel,980,2017,2,18.0,Sebastian Vettel
817,Daniel,Ricciardo,980,2017,3,15.0,Daniel Ricciardo
8,Kimi,Räikkönen,980,2017,4,12.0,Kimi Räikkönen
822,Valtteri,Bottas,980,2017,5,10.0,Valtteri Bottas
807,Nico,Hülkenberg,980,2017,6,8.0,Nico Hülkenberg
154,Romain,Grosjean,980,2017,7,6.0,Romain Grosjean
13,Felipe,Massa,980,2017,8,4.0,Felipe Massa
839,Esteban,Ocon,980,2017,9,2.0,Esteban Ocon
832,Carlos,Sainz,980,2017,10,1.0,Carlos Sainz
840,Lance,Stroll,980,2017,11,0.0,Lance Stroll
826,Daniil,Kvyat,980,2017,12,0.0,Daniil Kvyat
835,Jolyon,Palmer,980,2017,13,0.0,Jolyon Palmer
838,Stoffel,Vandoorne,980,2017,14,0.0,Stoffel Vandoorne
825,Kevin,Magnussen,980,2017,15,0.0,Kevin Magnussen
828,Marcus,Ericsson,980,2017,16,0.0,Marcus Ericsson
815,Sergio,Pérez,980,2017,17,0.0,Sergio Pérez
1,Lewis,Hamilton,981,2017,1,25.0,Lewis Hamilton
822,Valtteri,Bottas,981,2017,2,18.0,Valtteri Bottas
20,Sebastian,Vettel,981,2017,3,15.0,Sebastian Vettel
817,Daniel,Ricciardo,981,2017,4,12.0,Daniel Ricciardo
8,Kimi,Räikkönen,981,2017,5,10.0,Kimi Räikkönen
839,Esteban,Ocon,981,2017,6,8.0,Esteban Ocon
840,Lance,Stroll,981,2017,7,6.0,Lance Stroll
13,Felipe,Massa,981,2017,8,4.0,Felipe Massa
815,Sergio,Pérez,981,2017,9,2.0,Sergio Pérez
830,Max,Verstappen,981,2017,10,1.0,Max Verstappen
825,Kevin,Magnussen,981,2017,11,0.0,Kevin Magnussen
826,Daniil,Kvyat,981,2017,12,0.0,Daniil Kvyat
807,Nico,Hülkenberg,981,2017,13,0.0,Nico Hülkenberg
832,Carlos,Sainz,981,2017,14,0.0,Carlos Sainz
154,Romain,Grosjean,981,2017,15,0.0,Romain Grosjean
836,Pascal,Wehrlein,981,2017,16,0.0,Pascal Wehrlein
4,Fernando,Alonso,981,2017,17,0.0,Fernando Alonso
828,Marcus,Ericsson,981,2017,18,0.0,Marcus Ericsson
1,Lewis,Hamilton,982,2017,1,25.0,Lewis Hamilton
817,Daniel,Ricciardo,982,2017,2,18.0,Daniel Ricciardo
822,Valtteri,Bottas,982,2017,3,15.0,Valtteri Bottas
832,Carlos,Sainz,982,2017,4,12.0,Carlos Sainz
815,Sergio,Pérez,982,2017,5,10.0,Sergio Pérez
835,Jolyon,Palmer,982,2017,6,8.0,Jolyon Palmer
838,Stoffel,Vandoorne,982,2017,7,6.0,Stoffel Vandoorne
840,Lance,Stroll,982,2017,8,4.0,Lance Stroll
154,Romain,Grosjean,982,2017,9,2.0,Romain Grosjean
839,Esteban,Ocon,982,2017,10,1.0,Esteban Ocon
13,Felipe,Massa,982,2017,11,0.0,Felipe Massa
836,Pascal,Wehrlein,982,2017,12,0.0,Pascal Wehrlein
830,Max,Verstappen,983,2017,1,25.0,Max Verstappen
1,Lewis,Hamilton,983,2017,2,18.0,Lewis Hamilton
817,Daniel,Ricciardo,983,2017,3,15.0,Daniel Ricciardo
20,Sebastian,Vettel,983,2017,4,12.0,Sebastian Vettel
822,Valtteri,Bottas,983,2017,5,10.0,Valtteri Bottas
815,Sergio,Pérez,983,2017,6,8.0,Sergio Pérez
838,Stoffel,Vandoorne,983,2017,7,6.0,Stoffel Vandoorne
840,Lance,Stroll,983,2017,8,4.0,Lance Stroll
13,Felipe,Massa,983,2017,9,2.0,Felipe Massa
839,Esteban,Ocon,983,2017,10,1.0,Esteban Ocon
4,Fernando,Alonso,983,2017,11,0.0,Fernando Alonso
825,Kevin,Magnussen,983,2017,12,0.0,Kevin Magnussen
154,Romain,Grosjean,983,2017,13,0.0,Romain Grosjean
842,Pierre,Gasly,983,2017,14,0.0,Pierre Gasly
835,Jolyon,Palmer,983,2017,15,0.0,Jolyon Palmer
807,Nico,Hülkenberg,983,2017,16,0.0,Nico Hülkenberg
836,Pascal,Wehrlein,983,2017,17,0.0,Pascal Wehrlein
828,Marcus,Ericsson,983,2017,18,0.0,Marcus Ericsson
1,Lewis,Hamilton,984,2017,1,25.0,Lewis Hamilton
830,Max,Verstappen,984,2017,2,18.0,Max Verstappen
817,Daniel,Ricciardo,984,2017,3,15.0,Daniel Ricciardo
822,Valtteri,Bottas,984,2017,4,12.0,Valtteri Bottas
8,Kimi,Räikkönen,984,2017,5,10.0,Kimi Räikkönen
839,Esteban,Ocon,984,2017,6,8.0,Esteban Ocon
815,Sergio,Pérez,984,2017,7,6.0,Sergio Pérez
825,Kevin,Magnussen,984,2017,8,4.0,Kevin Magnussen
154,Romain,Grosjean,984,2017,9,2.0,Romain Grosjean
13,Felipe,Massa,984,2017,10,1.0,Felipe Massa
4,Fernando,Alonso,984,2017,11,0.0,Fernando Alonso
835,Jolyon,Palmer,984,2017,12,0.0,Jolyon Palmer
842,Pierre,Gasly,984,2017,13,0.0,Pierre Gasly
838,Stoffel,Vandoorne,984,2017,14,0.0,Stoffel Vandoorne
836,Pascal,Wehrlein,984,2017,15,0.0,Pascal Wehrlein
1,Lewis,Hamilton,985,2017,1,25.0,Lewis Hamilton
20,Sebastian,Vettel,985,2017,2,18.0,Sebastian Vettel
8,Kimi,Räikkönen,985,2017,3,15.0,Kimi Räikkönen
830,Max,Verstappen,985,2017,4,12.0,Max Verstappen
822,Valtteri,Bottas,985,2017,5,10.0,Valtteri Bottas
839,Esteban,Ocon,985,2017,6,8.0,Esteban Ocon
832,Carlos,Sainz,985,2017,7,6.0,Carlos Sainz
815,Sergio,Pérez,985,2017,8,4.0,Sergio Pérez
13,Felipe,Massa,985,2017,9,2.0,Felipe Massa
826,Daniil,Kvyat,985,2017,10,1.0,Daniil Kvyat
840,Lance,Stroll,985,2017,11,0.0,Lance Stroll
838,Stoffel,Vandoorne,985,2017,12,0.0,Stoffel Vandoorne
843,Brendon,Hartley,985,2017,13,0.0,Brendon Hartley
154,Romain,Grosjean,985,2017,14,0.0,Romain Grosjean
828,Marcus,Ericsson,985,2017,15,0.0,Marcus Ericsson
825,Kevin,Magnussen,985,2017,16,0.0,Kevin Magnussen
830,Max,Verstappen,986,2017,1,25.0,Max Verstappen
822,Valtteri,Bottas,986,2017,2,18.0,Valtteri Bottas
8,Kimi,Räikkönen,986,2017,3,15.0,Kimi Räikkönen
20,Sebastian,Vettel,986,2017,4,12.0,Sebastian Vettel
839,Esteban,Ocon,986,2017,5,10.0,Esteban Ocon
840,Lance,Stroll,986,2017,6,8.0,Lance Stroll
815,Sergio,Pérez,986,2017,7,6.0,Sergio Pérez
825,Kevin,Magnussen,986,2017,8,4.0,Kevin Magnussen
1,Lewis,Hamilton,986,2017,9,2.0,Lewis Hamilton
4,Fernando,Alonso,986,2017,10,1.0,Fernando Alonso
13,Felipe,Massa,986,2017,11,0.0,Felipe Massa
838,Stoffel,Vandoorne,986,2017,12,0.0,Stoffel Vandoorne
842,Pierre,Gasly,986,2017,13,0.0,Pierre Gasly
836,Pascal,Wehrlein,986,2017,14,0.0,Pascal Wehrlein
154,Romain,Grosjean,986,2017,15,0.0,Romain Grosjean
20,Sebastian,Vettel,987,2017,1,25.0,Sebastian Vettel
822,Valtteri,Bottas,987,2017,2,18.0,Valtteri Bottas
8,Kimi,Räikkönen,987,2017,3,15.0,Kimi Räikkönen
1,Lewis,Hamilton,987,2017,4,12.0,Lewis Hamilton
830,Max,Verstappen,987,2017,5,10.0,Max Verstappen
817,Daniel,Ricciardo,987,2017,6,8.0,Daniel Ricciardo
13,Felipe,Massa,987,2017,7,6.0,Felipe Massa
4,Fernando,Alonso,987,2017,8,4.0,Fernando Alonso
815,Sergio,Pérez,987,2017,9,2.0,Sergio Pérez
807,Nico,Hülkenberg,987,2017,10,1.0,Nico Hülkenberg
832,Carlos,Sainz,987,2017,11,0.0,Carlos Sainz
842,Pierre,Gasly,987,2017,12,0.0,Pierre Gasly
828,Marcus,Ericsson,987,2017,13,0.0,Marcus Ericsson
836,Pascal,Wehrlein,987,2017,14,0.0,Pascal Wehrlein
154,Romain,Grosjean,987,2017,15,0.0,Romain Grosjean
840,Lance,Stroll,987,2017,16,0.0,Lance Stroll
822,Valtteri,Bottas,988,2017,1,25.0,Valtteri Bottas
1,Lewis,Hamilton,988,2017,2,18.0,Lewis Hamilton
20,Sebastian,Vettel,988,2017,3,15.0,Sebastian Vettel
8,Kimi,Räikkönen,988,2017,4,12.0,Kimi Räikkönen
830,Max,Verstappen,988,2017,5,10.0,Max Verstappen
807,Nico,Hülkenberg,988,2017,6,8.0,Nico Hülkenberg
815,Sergio,Pérez,988,2017,7,6.0,Sergio Pérez
839,Esteban,Ocon,988,2017,8,4.0,Esteban Ocon
4,Fernando,Alonso,988,2017,9,2.0,Fernando Alonso
13,Felipe,Massa,988,2017,10,1.0,Felipe Massa
154,Romain,Grosjean,988,2017,11,0.0,Romain Grosjean
838,Stoffel,Vandoorne,988,2017,12,0.0,Stoffel Vandoorne
825,Kevin,Magnussen,988,2017,13,0.0,Kevin Magnussen
836,Pascal,Wehrlein,988,2017,14,0.0,Pascal Wehrlein
843,Brendon,Hartley,988,2017,15,0.0,Brendon Hartley
842,Pierre,Gasly,988,2017,16,0.0,Pierre Gasly
828,Marcus,Ericsson,988,2017,17,0.0,Marcus Ericsson
840,Lance,Stroll,988,2017,18,0.0,Lance Stroll
20,Sebastian,Vettel,989,2018,1,25.0,Sebastian Vettel
1,Lewis,Hamilton,989,2018,2,18.0,Lewis Hamilton
8,Kimi,Räikkönen,989,2018,3,15.0,Kimi Räikkönen
817,Daniel,Ricciardo,989,2018,4,12.0,Daniel Ricciardo
4,Fernando,Alonso,989,2018,5,10.0,Fernando Alonso
830,Max,Verstappen,989,2018,6,8.0,Max Verstappen
807,Nico,Hülkenberg,989,2018,7,6.0,Nico Hülkenberg
822,Valtteri,Bottas,989,2018,8,4.0,Valtteri Bottas
838,Stoffel,Vandoorne,989,2018,9,2.0,Stoffel Vandoorne
832,Carlos,Sainz,989,2018,10,1.0,Carlos Sainz
815,Sergio,Pérez,989,2018,11,0.0,Sergio Pérez
839,Esteban,Ocon,989,2018,12,0.0,Esteban Ocon
844,Charles,Leclerc,989,2018,13,0.0,Charles Leclerc
840,Lance,Stroll,989,2018,14,0.0,Lance Stroll
843,Brendon,Hartley,989,2018,15,0.0,Brendon Hartley
20,Sebastian,Vettel,990,2018,1,25.0,Sebastian Vettel
822,Valtteri,Bottas,990,2018,2,18.0,Valtteri Bottas
1,Lewis,Hamilton,990,2018,3,15.0,Lewis Hamilton
842,Pierre,Gasly,990,2018,4,12.0,Pierre Gasly
825,Kevin,Magnussen,990,2018,5,10.0,Kevin Magnussen
807,Nico,Hülkenberg,990,2018,6,8.0,Nico Hülkenberg
4,Fernando,Alonso,990,2018,7,6.0,Fernando Alonso
838,Stoffel,Vandoorne,990,2018,8,4.0,Stoffel Vandoorne
828,Marcus,Ericsson,990,2018,9,2.0,Marcus Ericsson
839,Esteban,Ocon,990,2018,10,1.0,Esteban Ocon
832,Carlos,Sainz,990,2018,11,0.0,Carlos Sainz
844,Charles,Leclerc,990,2018,12,0.0,Charles Leclerc
154,Romain,Grosjean,990,2018,13,0.0,Romain Grosjean
840,Lance,Stroll,990,2018,14,0.0,Lance Stroll
845,Sergey,Sirotkin,990,2018,15,0.0,Sergey Sirotkin
815,Sergio,Pérez,990,2018,16,0.0,Sergio Pérez
843,Brendon,Hartley,990,2018,17,0.0,Brendon Hartley
817,Daniel,Ricciardo,991,2018,1,25.0,Daniel Ricciardo
822,Valtteri,Bottas,991,2018,2,18.0,Valtteri Bottas
8,Kimi,Räikkönen,991,2018,3,15.0,Kimi Räikkönen
1,Lewis,Hamilton,991,2018,4,12.0,Lewis Hamilton
830,Max,Verstappen,991,2018,5,10.0,Max Verstappen
807,Nico,Hülkenberg,991,2018,6,8.0,Nico Hülkenberg
4,Fernando,Alonso,991,2018,7,6.0,Fernando Alonso
20,Sebastian,Vettel,991,2018,8,4.0,Sebastian Vettel
832,Carlos,Sainz,991,2018,9,2.0,Carlos Sainz
825,Kevin,Magnussen,991,2018,10,1.0,Kevin Magnussen
839,Esteban,Ocon,991,2018,11,0.0,Esteban Ocon
815,Sergio,Pérez,991,2018,12,0.0,Sergio Pérez
838,Stoffel,Vandoorne,991,2018,13,0.0,Stoffel Vandoorne
840,Lance,Stroll,991,2018,14,0.0,Lance Stroll
845,Sergey,Sirotkin,991,2018,15,0.0,Sergey Sirotkin
828,Marcus,Ericsson,991,2018,16,0.0,Marcus Ericsson
154,Romain,Grosjean,991,2018,17,0.0,Romain Grosjean
842,Pierre,Gasly,991,2018,18,0.0,Pierre Gasly
844,Charles,Leclerc,991,2018,19,0.0,Charles Leclerc
843,Brendon,Hartley,991,2018,20,0.0,Brendon Hartley
1,Lewis,Hamilton,992,2018,1,25.0,Lewis Hamilton
8,Kimi,Räikkönen,992,2018,2,18.0,Kimi Räikkönen
815,Sergio,Pérez,992,2018,3,15.0,Sergio Pérez
20,Sebastian,Vettel,992,2018,4,12.0,Sebastian Vettel
832,Carlos,Sainz,992,2018,5,10.0,Carlos Sainz
844,Charles,Leclerc,992,2018,6,8.0,Charles Leclerc
4,Fernando,Alonso,992,2018,7,6.0,Fernando Alonso
840,Lance,Stroll,992,2018,8,4.0,Lance Stroll
838,Stoffel,Vandoorne,992,2018,9,2.0,Stoffel Vandoorne
843,Brendon,Hartley,992,2018,10,1.0,Brendon Hartley
828,Marcus,Ericsson,992,2018,11,0.0,Marcus Ericsson
842,Pierre,Gasly,992,2018,12,0.0,Pierre Gasly
825,Kevin,Magnussen,992,2018,13,0.0,Kevin Magnussen
1,Lewis,Hamilton,993,2018,1,25.0,Lewis Hamilton
822,Valtteri,Bottas,993,2018,2,18.0,Valtteri Bottas
830,Max,Verstappen,993,2018,3,15.0,Max Verstappen
20,Sebastian,Vettel,993,2018,4,12.0,Sebastian Vettel
817,Daniel,Ricciardo,993,2018,5,10.0,Daniel Ricciardo
825,Kevin,Magnussen,993,2018,6,8.0,Kevin Magnussen
832,Carlos,Sainz,993,2018,7,6.0,Carlos Sainz
4,Fernando,Alonso,993,2018,8,4.0,Fernando Alonso
815,Sergio,Pérez,993,2018,9,2.0,Sergio Pérez
844,Charles,Leclerc,993,2018,10,1.0,Charles Leclerc
840,Lance,Stroll,993,2018,11,0.0,Lance Stroll
843,Brendon,Hartley,993,2018,12,0.0,Brendon Hartley
828,Marcus,Ericsson,993,2018,13,0.0,Marcus Ericsson
845,Sergey,Sirotkin,993,2018,14,0.0,Sergey Sirotkin
817,Daniel,Ricciardo,994,2018,1,25.0,Daniel Ricciardo
20,Sebastian,Vettel,994,2018,2,18.0,Sebastian Vettel
1,Lewis,Hamilton,994,2018,3,15.0,Lewis Hamilton
8,Kimi,Räikkönen,994,2018,4,12.0,Kimi Räikkönen
822,Valtteri,Bottas,994,2018,5,10.0,Valtteri Bottas
839,Esteban,Ocon,994,2018,6,8.0,Esteban Ocon
842,Pierre,Gasly,994,2018,7,6.0,Pierre Gasly
807,Nico,Hülkenberg,994,2018,8,4.0,Nico Hülkenberg
830,Max,Verstappen,994,2018,9,2.0,Max Verstappen
832,Carlos,Sainz,994,2018,10,1.0,Carlos Sainz
828,Marcus,Ericsson,994,2018,11,0.0,Marcus Ericsson
815,Sergio,Pérez,994,2018,12,0.0,Sergio Pérez
825,Kevin,Magnussen,994,2018,13,0.0,Kevin Magnussen
838,Stoffel,Vandoorne,994,2018,14,0.0,Stoffel Vandoorne
154,Romain,Grosjean,994,2018,15,0.0,Romain Grosjean
845,Sergey,Sirotkin,994,2018,16,0.0,Sergey Sirotkin
840,Lance,Stroll,994,2018,17,0.0,Lance Stroll
20,Sebastian,Vettel,995,2018,1,25.0,Sebastian Vettel
822,Valtteri,Bottas,995,2018,2,18.0,Valtteri Bottas
830,Max,Verstappen,995,2018,3,15.0,Max Verstappen
817,Daniel,Ricciardo,995,2018,4,12.0,Daniel Ricciardo
1,Lewis,Hamilton,995,2018,5,10.0,Lewis Hamilton
8,Kimi,Räikkönen,995,2018,6,8.0,Kimi Räikkönen
807,Nico,Hülkenberg,995,2018,7,6.0,Nico Hülkenberg
832,Carlos,Sainz,995,2018,8,4.0,Carlos Sainz
839,Esteban,Ocon,995,2018,9,2.0,Esteban Ocon
844,Charles,Leclerc,995,2018,10,1.0,Charles Leclerc
842,Pierre,Gasly,995,2018,11,0.0,Pierre Gasly
154,Romain,Grosjean,995,2018,12,0.0,Romain Grosjean
825,Kevin,Magnussen,995,2018,13,0.0,Kevin Magnussen
815,Sergio,Pérez,995,2018,14,0.0,Sergio Pérez
828,Marcus,Ericsson,995,2018,15,0.0,Marcus Ericsson
838,Stoffel,Vandoorne,995,2018,16,0.0,Stoffel Vandoorne
845,Sergey,Sirotkin,995,2018,17,0.0,Sergey Sirotkin
1,Lewis,Hamilton,996,2018,1,25.0,Lewis Hamilton
830,Max,Verstappen,996,2018,2,18.0,Max Verstappen
8,Kimi,Räikkönen,996,2018,3,15.0,Kimi Räikkönen
817,Daniel,Ricciardo,996,2018,4,12.0,Daniel Ricciardo
20,Sebastian,Vettel,996,2018,5,10.0,Sebastian Vettel
825,Kevin,Magnussen,996,2018,6,8.0,Kevin Magnussen
822,Valtteri,Bottas,996,2018,7,6.0,Valtteri Bottas
832,Carlos,Sainz,996,2018,8,4.0,Carlos Sainz
807,Nico,Hülkenberg,996,2018,9,2.0,Nico Hülkenberg
844,Charles,Leclerc,996,2018,10,1.0,Charles Leclerc
154,Romain,Grosjean,996,2018,11,0.0,Romain Grosjean
838,Stoffel,Vandoorne,996,2018,12,0.0,Stoffel Vandoorne
828,Marcus,Ericsson,996,2018,13,0.0,Marcus Ericsson
843,Brendon,Hartley,996,2018,14,0.0,Brendon Hartley
845,Sergey,Sirotkin,996,2018,15,0.0,Sergey Sirotkin
4,Fernando,Alonso,996,2018,16,0.0,Fernando Alonso
840,Lance,Stroll,996,2018,17,0.0,Lance Stroll
830,Max,Verstappen,997,2018,1,25.0,Max Verstappen
8,Kimi,Räikkönen,997,2018,2,18.0,Kimi Räikkönen
20,Sebastian,Vettel,997,2018,3,15.0,Sebastian Vettel
154,Romain,Grosjean,997,2018,4,12.0,Romain Grosjean
825,Kevin,Magnussen,997,2018,5,10.0,Kevin Magnussen
839,Esteban,Ocon,997,2018,6,8.0,Esteban Ocon
815,Sergio,Pérez,997,2018,7,6.0,Sergio Pérez
4,Fernando,Alonso,997,2018,8,4.0,Fernando Alonso
844,Charles,Leclerc,997,2018,9,2.0,Charles Leclerc
828,Marcus,Ericsson,997,2018,10,1.0,Marcus Ericsson
842,Pierre,Gasly,997,2018,11,0.0,Pierre Gasly
832,Carlos,Sainz,997,2018,12,0.0,Carlos Sainz
845,Sergey,Sirotkin,997,2018,13,0.0,Sergey Sirotkin
840,Lance,Stroll,997,2018,14,0.0,Lance Stroll
838,Stoffel,Vandoorne,997,2018,15,0.0,Stoffel Vandoorne
20,Sebastian,Vettel,998,2018,1,25.0,Sebastian Vettel
1,Lewis,Hamilton,998,2018,2,18.0,Lewis Hamilton
8,Kimi,Räikkönen,998,2018,3,15.0,Kimi Räikkönen
822,Valtteri,Bottas,998,2018,4,12.0,Valtteri Bottas
817,Daniel,Ricciardo,998,2018,5,10.0,Daniel Ricciardo
807,Nico,Hülkenberg,998,2018,6,8.0,Nico Hülkenberg
839,Esteban,Ocon,998,2018,7,6.0,Esteban Ocon
4,Fernando,Alonso,998,2018,8,4.0,Fernando Alonso
825,Kevin,Magnussen,998,2018,9,2.0,Kevin Magnussen
815,Sergio,Pérez,998,2018,10,1.0,Sergio Pérez
838,Stoffel,Vandoorne,998,2018,11,0.0,Stoffel Vandoorne
840,Lance,Stroll,998,2018,12,0.0,Lance Stroll
842,Pierre,Gasly,998,2018,13,0.0,Pierre Gasly
845,Sergey,Sirotkin,998,2018,14,0.0,Sergey Sirotkin
1,Lewis,Hamilton,999,2018,1,25.0,Lewis Hamilton
822,Valtteri,Bottas,999,2018,2,18.0,Valtteri Bottas
8,Kimi,Räikkönen,999,2018,3,15.0,Kimi Räikkönen
830,Max,Verstappen,999,2018,4,12.0,Max Verstappen
807,Nico,Hülkenberg,999,2018,5,10.0,Nico Hülkenberg
154,Romain,Grosjean,999,2018,6,8.0,Romain Grosjean
815,Sergio,Pérez,999,2018,7,6.0,Sergio Pérez
839,Esteban,Ocon,999,2018,8,4.0,Esteban Ocon
828,Marcus,Ericsson,999,2018,9,2.0,Marcus Ericsson
843,Brendon,Hartley,999,2018,10,1.0,Brendon Hartley
825,Kevin,Magnussen,999,2018,11,0.0,Kevin Magnussen
832,Carlos,Sainz,999,2018,12,0.0,Carlos Sainz
838,Stoffel,Vandoorne,999,2018,13,0.0,Stoffel Vandoorne
842,Pierre,Gasly,999,2018,14,0.0,Pierre Gasly
844,Charles,Leclerc,999,2018,15,0.0,Charles Leclerc
4,Fernando,Alonso,999,2018,16,0.0,Fernando Alonso
1,Lewis,Hamilton,1000,2018,1,25.0,Lewis Hamilton
20,Sebastian,Vettel,1000,2018,2,18.0,Sebastian Vettel
8,Kimi,Räikkönen,1000,2018,3,15.0,Kimi Räikkönen
817,Daniel,Ricciardo,1000,2018,4,12.0,Daniel Ricciardo
822,Valtteri,Bottas,1000,2018,5,10.0,Valtteri Bottas
842,Pierre,Gasly,1000,2018,6,8.0,Pierre Gasly
825,Kevin,Magnussen,1000,2018,7,6.0,Kevin Magnussen
4,Fernando,Alonso,1000,2018,8,4.0,Fernando Alonso
832,Carlos,Sainz,1000,2018,9,2.0,Carlos Sainz
154,Romain,Grosjean,1000,2018,10,1.0,Romain Grosjean
843,Brendon,Hartley,1000,2018,11,0.0,Brendon Hartley
807,Nico,Hülkenberg,1000,2018,12,0.0,Nico Hülkenberg
839,Esteban,Ocon,1000,2018,13,0.0,Esteban Ocon
815,Sergio,Pérez,1000,2018,14,0.0,Sergio Pérez
828,Marcus,Ericsson,1000,2018,15,0.0,Marcus Ericsson
845,Sergey,Sirotkin,1000,2018,16,0.0,Sergey Sirotkin
840,Lance,Stroll,1000,2018,17,0.0,Lance Stroll
20,Sebastian,Vettel,1001,2018,1,25.0,Sebastian Vettel
1,Lewis,Hamilton,1001,2018,2,18.0,Lewis Hamilton
830,Max,Verstappen,1001,2018,3,15.0,Max Verstappen
822,Valtteri,Bottas,1001,2018,4,12.0,Valtteri Bottas
815,Sergio,Pérez,1001,2018,5,10.0,Sergio Pérez
839,Esteban,Ocon,1001,2018,6,8.0,Esteban Ocon
154,Romain,Grosjean,1001,2018,7,6.0,Romain Grosjean
825,Kevin,Magnussen,1001,2018,8,4.0,Kevin Magnussen
842,Pierre,Gasly,1001,2018,9,2.0,Pierre Gasly
828,Marcus,Ericsson,1001,2018,10,1.0,Marcus Ericsson
832,Carlos,Sainz,1001,2018,11,0.0,Carlos Sainz
845,Sergey,Sirotkin,1001,2018,12,0.0,Sergey Sirotkin
840,Lance,Stroll,1001,2018,13,0.0,Lance Stroll
843,Brendon,Hartley,1001,2018,14,0.0,Brendon Hartley
838,Stoffel,Vandoorne,1001,2018,15,0.0,Stoffel Vandoorne
1,Lewis,Hamilton,1002,2018,1,25.0,Lewis Hamilton
8,Kimi,Räikkönen,1002,2018,2,18.0,Kimi Räikkönen
822,Valtteri,Bottas,1002,2018,3,15.0,Valtteri Bottas
20,Sebastian,Vettel,1002,2018,4,12.0,Sebastian Vettel
830,Max,Verstappen,1002,2018,5,10.0,Max Verstappen
839,Esteban,Ocon,1002,2018,6,8.0,Esteban Ocon
815,Sergio,Pérez,1002,2018,7,6.0,Sergio Pérez
832,Carlos,Sainz,1002,2018,8,4.0,Carlos Sainz
840,Lance,Stroll,1002,2018,9,2.0,Lance Stroll
845,Sergey,Sirotkin,1002,2018,10,1.0,Sergey Sirotkin
844,Charles,Leclerc,1002,2018,11,0.0,Charles Leclerc
838,Stoffel,Vandoorne,1002,2018,12,0.0,Stoffel Vandoorne
807,Nico,Hülkenberg,1002,2018,13,0.0,Nico Hülkenberg
842,Pierre,Gasly,1002,2018,14,0.0,Pierre Gasly
828,Marcus,Ericsson,1002,2018,15,0.0,Marcus Ericsson
825,Kevin,Magnussen,1002,2018,16,0.0,Kevin Magnussen
1,Lewis,Hamilton,1003,2018,1,25.0,Lewis Hamilton
830,Max,Verstappen,1003,2018,2,18.0,Max Verstappen
20,Sebastian,Vettel,1003,2018,3,15.0,Sebastian Vettel
822,Valtteri,Bottas,1003,2018,4,12.0,Valtteri Bottas
8,Kimi,Räikkönen,1003,2018,5,10.0,Kimi Räikkönen
817,Daniel,Ricciardo,1003,2018,6,8.0,Daniel Ricciardo
4,Fernando,Alonso,1003,2018,7,6.0,Fernando Alonso
832,Carlos,Sainz,1003,2018,8,4.0,Carlos Sainz
844,Charles,Leclerc,1003,2018,9,2.0,Charles Leclerc
807,Nico,Hülkenberg,1003,2018,10,1.0,Nico Hülkenberg
828,Marcus,Ericsson,1003,2018,11,0.0,Marcus Ericsson
838,Stoffel,Vandoorne,1003,2018,12,0.0,Stoffel Vandoorne
842,Pierre,Gasly,1003,2018,13,0.0,Pierre Gasly
840,Lance,Stroll,1003,2018,14,0.0,Lance Stroll
154,Romain,Grosjean,1003,2018,15,0.0,Romain Grosjean
815,Sergio,Pérez,1003,2018,16,0.0,Sergio Pérez
843,Brendon,Hartley,1003,2018,17,0.0,Brendon Hartley
825,Kevin,Magnussen,1003,2018,18,0.0,Kevin Magnussen
845,Sergey,Sirotkin,1003,2018,19,0.0,Sergey Sirotkin
1,Lewis,Hamilton,1004,2018,1,25.0,Lewis Hamilton
822,Valtteri,Bottas,1004,2018,2,18.0,Valtteri Bottas
20,Sebastian,Vettel,1004,2018,3,15.0,Sebastian Vettel
8,Kimi,Räikkönen,1004,2018,4,12.0,Kimi Räikkönen
830,Max,Verstappen,1004,2018,5,10.0,Max Verstappen
817,Daniel,Ricciardo,1004,2018,6,8.0,Daniel Ricciardo
844,Charles,Leclerc,1004,2018,7,6.0,Charles Leclerc
825,Kevin,Magnussen,1004,2018,8,4.0,Kevin Magnussen
839,Esteban,Ocon,1004,2018,9,2.0,Esteban Ocon
815,Sergio,Pérez,1004,2018,10,1.0,Sergio Pérez
154,Romain,Grosjean,1004,2018,11,0.0,Romain Grosjean
807,Nico,Hülkenberg,1004,2018,12,0.0,Nico Hülkenberg
828,Marcus,Ericsson,1004,2018,13,0.0,Marcus Ericsson
4,Fernando,Alonso,1004,2018,14,0.0,Fernando Alonso
840,Lance,Stroll,1004,2018,15,0.0,Lance Stroll
838,Stoffel,Vandoorne,1004,2018,16,0.0,Stoffel Vandoorne
832,Carlos,Sainz,1004,2018,17,0.0,Carlos Sainz
845,Sergey,Sirotkin,1004,2018,18,0.0,Sergey Sirotkin
1,Lewis,Hamilton,1005,2018,1,25.0,Lewis Hamilton
822,Valtteri,Bottas,1005,2018,2,18.0,Valtteri Bottas
830,Max,Verstappen,1005,2018,3,15.0,Max Verstappen
817,Daniel,Ricciardo,1005,2018,4,12.0,Daniel Ricciardo
8,Kimi,Räikkönen,1005,2018,5,10.0,Kimi Räikkönen
20,Sebastian,Vettel,1005,2018,6,8.0,Sebastian Vettel
815,Sergio,Pérez,1005,2018,7,6.0,Sergio Pérez
154,Romain,Grosjean,1005,2018,8,4.0,Romain Grosjean
839,Esteban,Ocon,1005,2018,9,2.0,Esteban Ocon
832,Carlos,Sainz,1005,2018,10,1.0,Carlos Sainz
842,Pierre,Gasly,1005,2018,11,0.0,Pierre Gasly
828,Marcus,Ericsson,1005,2018,12,0.0,Marcus Ericsson
843,Brendon,Hartley,1005,2018,13,0.0,Brendon Hartley
4,Fernando,Alonso,1005,2018,14,0.0,Fernando Alonso
838,Stoffel,Vandoorne,1005,2018,15,0.0,Stoffel Vandoorne
845,Sergey,Sirotkin,1005,2018,16,0.0,Sergey Sirotkin
840,Lance,Stroll,1005,2018,17,0.0,Lance Stroll
8,Kimi,Räikkönen,1006,2018,1,25.0,Kimi Räikkönen
830,Max,Verstappen,1006,2018,2,18.0,Max Verstappen
1,Lewis,Hamilton,1006,2018,3,15.0,Lewis Hamilton
20,Sebastian,Vettel,1006,2018,4,12.0,Sebastian Vettel
822,Valtteri,Bottas,1006,2018,5,10.0,Valtteri Bottas
807,Nico,Hülkenberg,1006,2018,6,8.0,Nico Hülkenberg
832,Carlos,Sainz,1006,2018,7,6.0,Carlos Sainz
815,Sergio,Pérez,1006,2018,8,4.0,Sergio Pérez
843,Brendon,Hartley,1006,2018,9,2.0,Brendon Hartley
828,Marcus,Ericsson,1006,2018,10,1.0,Marcus Ericsson
838,Stoffel,Vandoorne,1006,2018,11,0.0,Stoffel Vandoorne
842,Pierre,Gasly,1006,2018,12,0.0,Pierre Gasly
845,Sergey,Sirotkin,1006,2018,13,0.0,Sergey Sirotkin
840,Lance,Stroll,1006,2018,14,0.0,Lance Stroll
830,Max,Verstappen,1007,2018,1,25.0,Max Verstappen
20,Sebastian,Vettel,1007,2018,2,18.0,Sebastian Vettel
8,Kimi,Räikkönen,1007,2018,3,15.0,Kimi Räikkönen
1,Lewis,Hamilton,1007,2018,4,12.0,Lewis Hamilton
822,Valtteri,Bottas,1007,2018,5,10.0,Valtteri Bottas
807,Nico,Hülkenberg,1007,2018,6,8.0,Nico Hülkenberg
844,Charles,Leclerc,1007,2018,7,6.0,Charles Leclerc
838,Stoffel,Vandoorne,1007,2018,8,4.0,Stoffel Vandoorne
828,Marcus,Ericsson,1007,2018,9,2.0,Marcus Ericsson
842,Pierre,Gasly,1007,2018,10,1.0,Pierre Gasly
839,Esteban,Ocon,1007,2018,11,0.0,Esteban Ocon
840,Lance,Stroll,1007,2018,12,0.0,Lance Stroll
845,Sergey,Sirotkin,1007,2018,13,0.0,Sergey Sirotkin
843,Brendon,Hartley,1007,2018,14,0.0,Brendon Hartley
825,Kevin,Magnussen,1007,2018,15,0.0,Kevin Magnussen
154,Romain,Grosjean,1007,2018,16,0.0,Romain Grosjean
1,Lewis,Hamilton,1008,2018,1,25.0,Lewis Hamilton
830,Max,Verstappen,1008,2018,2,18.0,Max Verstappen
8,Kimi,Räikkönen,1008,2018,3,15.0,Kimi Räikkönen
817,Daniel,Ricciardo,1008,2018,4,12.0,Daniel Ricciardo
822,Valtteri,Bottas,1008,2018,5,10.0,Valtteri Bottas
20,Sebastian,Vettel,1008,2018,6,8.0,Sebastian Vettel
844,Charles,Leclerc,1008,2018,7,6.0,Charles Leclerc
154,Romain,Grosjean,1008,2018,8,4.0,Romain Grosjean
825,Kevin,Magnussen,1008,2018,9,2.0,Kevin Magnussen
815,Sergio,Pérez,1008,2018,10,1.0,Sergio Pérez
843,Brendon,Hartley,1008,2018,11,0.0,Brendon Hartley
832,Carlos,Sainz,1008,2018,12,0.0,Carlos Sainz
842,Pierre,Gasly,1008,2018,13,0.0,Pierre Gasly
838,Stoffel,Vandoorne,1008,2018,14,0.0,Stoffel Vandoorne
839,Esteban,Ocon,1008,2018,15,0.0,Esteban Ocon
845,Sergey,Sirotkin,1008,2018,16,0.0,Sergey Sirotkin
4,Fernando,Alonso,1008,2018,17,0.0,Fernando Alonso
840,Lance,Stroll,1008,2018,18,0.0,Lance Stroll
1,Lewis,Hamilton,1009,2018,1,25.0,Lewis Hamilton
20,Sebastian,Vettel,1009,2018,2,18.0,Sebastian Vettel
830,Max,Verstappen,1009,2018,3,15.0,Max Verstappen
817,Daniel,Ricciardo,1009,2018,4,12.0,Daniel Ricciardo
822,Valtteri,Bottas,1009,2018,5,10.0,Valtteri Bottas
832,Carlos,Sainz,1009,2018,6,8.0,Carlos Sainz
844,Charles,Leclerc,1009,2018,7,6.0,Charles Leclerc
815,Sergio,Pérez,1009,2018,8,4.0,Sergio Pérez
154,Romain,Grosjean,1009,2018,9,2.0,Romain Grosjean
825,Kevin,Magnussen,1009,2018,10,1.0,Kevin Magnussen
4,Fernando,Alonso,1009,2018,11,0.0,Fernando Alonso
843,Brendon,Hartley,1009,2018,12,0.0,Brendon Hartley
840,Lance,Stroll,1009,2018,13,0.0,Lance Stroll
838,Stoffel,Vandoorne,1009,2018,14,0.0,Stoffel Vandoorne
845,Sergey,Sirotkin,1009,2018,15,0.0,Sergey Sirotkin
822,Valtteri,Bottas,1010,2019,1,26.0,Valtteri Bottas
1,Lewis,Hamilton,1010,2019,2,18.0,Lewis Hamilton
830,Max,Verstappen,1010,2019,3,15.0,Max Verstappen
20,Sebastian,Vettel,1010,2019,4,12.0,Sebastian Vettel
844,Charles,Leclerc,1010,2019,5,10.0,Charles Leclerc
825,Kevin,Magnussen,1010,2019,6,8.0,Kevin Magnussen
807,Nico,Hülkenberg,1010,2019,7,6.0,Nico Hülkenberg
8,Kimi,Räikkönen,1010,2019,8,4.0,Kimi Räikkönen
840,Lance,Stroll,1010,2019,9,2.0,Lance Stroll
826,Daniil,Kvyat,1010,2019,10,1.0,Daniil Kvyat
842,Pierre,Gasly,1010,2019,11,0.0,Pierre Gasly
846,Lando,Norris,1010,2019,12,0.0,Lando Norris
815,Sergio,Pérez,1010,2019,13,0.0,Sergio Pérez
848,Alexander,Albon,1010,2019,14,0.0,Alexander Albon
841,Antonio,Giovinazzi,1010,2019,15,0.0,Antonio Giovinazzi
847,George,Russell,1010,2019,16,0.0,George Russell
9,Robert,Kubica,1010,2019,17,0.0,Robert Kubica
1,Lewis,Hamilton,1011,2019,1,25.0,Lewis Hamilton
822,Valtteri,Bottas,1011,2019,2,18.0,Valtteri Bottas
844,Charles,Leclerc,1011,2019,3,16.0,Charles Leclerc
830,Max,Verstappen,1011,2019,4,12.0,Max Verstappen
20,Sebastian,Vettel,1011,2019,5,10.0,Sebastian Vettel
846,Lando,Norris,1011,2019,6,8.0,Lando Norris
8,Kimi,Räikkönen,1011,2019,7,6.0,Kimi Räikkönen
842,Pierre,Gasly,1011,2019,8,4.0,Pierre Gasly
848,Alexander,Albon,1011,2019,9,2.0,Alexander Albon
815,Sergio,Pérez,1011,2019,10,1.0,Sergio Pérez
841,Antonio,Giovinazzi,1011,2019,11,0.0,Antonio Giovinazzi
826,Daniil,Kvyat,1011,2019,12,0.0,Daniil Kvyat
825,Kevin,Magnussen,1011,2019,13,0.0,Kevin Magnussen
840,Lance,Stroll,1011,2019,14,0.0,Lance Stroll
847,George,Russell,1011,2019,15,0.0,George Russell
9,Robert,Kubica,1011,2019,16,0.0,Robert Kubica
1,Lewis,Hamilton,1012,2019,1,25.0,Lewis Hamilton
822,Valtteri,Bottas,1012,2019,2,18.0,Valtteri Bottas
20,Sebastian,Vettel,1012,2019,3,15.0,Sebastian Vettel
830,Max,Verstappen,1012,2019,4,12.0,Max Verstappen
844,Charles,Leclerc,1012,2019,5,10.0,Charles Leclerc
842,Pierre,Gasly,1012,2019,6,9.0,Pierre Gasly
817,Daniel,Ricciardo,1012,2019,7,6.0,Daniel Ricciardo
815,Sergio,Pérez,1012,2019,8,4.0,Sergio Pérez
8,Kimi,Räikkönen,1012,2019,9,2.0,Kimi Räikkönen
848,Alexander,Albon,1012,2019,10,1.0,Alexander Albon
154,Romain,Grosjean,1012,2019,11,0.0,Romain Grosjean
840,Lance,Stroll,1012,2019,12,0.0,Lance Stroll
825,Kevin,Magnussen,1012,2019,13,0.0,Kevin Magnussen
832,Carlos,Sainz,1012,2019,14,0.0,Carlos Sainz
841,Antonio,Giovinazzi,1012,2019,15,0.0,Antonio Giovinazzi
847,George,Russell,1012,2019,16,0.0,George Russell
9,Robert,Kubica,1012,2019,17,0.0,Robert Kubica
846,Lando,Norris,1012,2019,18,0.0,Lando Norris
822,Valtteri,Bottas,1013,2019,1,25.0,Valtteri Bottas
1,Lewis,Hamilton,1013,2019,2,18.0,Lewis Hamilton
20,Sebastian,Vettel,1013,2019,3,15.0,Sebastian Vettel
830,Max,Verstappen,1013,2019,4,12.0,Max Verstappen
844,Charles,Leclerc,1013,2019,5,11.0,Charles Leclerc
815,Sergio,Pérez,1013,2019,6,8.0,Sergio Pérez
832,Carlos,Sainz,1013,2019,7,6.0,Carlos Sainz
846,Lando,Norris,1013,2019,8,4.0,Lando Norris
840,Lance,Stroll,1013,2019,9,2.0,Lance Stroll
8,Kimi,Räikkönen,1013,2019,10,1.0,Kimi Räikkönen
848,Alexander,Albon,1013,2019,11,0.0,Alexander Albon
841,Antonio,Giovinazzi,1013,2019,12,0.0,Antonio Giovinazzi
825,Kevin,Magnussen,1013,2019,13,0.0,Kevin Magnussen
807,Nico,Hülkenberg,1013,2019,14,0.0,Nico Hülkenberg
847,George,Russell,1013,2019,15,0.0,George Russell
9,Robert,Kubica,1013,2019,16,0.0,Robert Kubica
1,Lewis,Hamilton,1014,2019,1,26.0,Lewis Hamilton
822,Valtteri,Bottas,1014,2019,2,18.0,Valtteri Bottas
830,Max,Verstappen,1014,2019,3,15.0,Max Verstappen
20,Sebastian,Vettel,1014,2019,4,12.0,Sebastian Vettel
844,Charles,Leclerc,1014,2019,5,10.0,Charles Leclerc
842,Pierre,Gasly,1014,2019,6,8.0,Pierre Gasly
825,Kevin,Magnussen,1014,2019,7,6.0,Kevin Magnussen
832,Carlos,Sainz,1014,2019,8,4.0,Carlos Sainz
826,Daniil,Kvyat,1014,2019,9,2.0,Daniil Kvyat
154,Romain,Grosjean,1014,2019,10,1.0,Romain Grosjean
848,Alexander,Albon,1014,2019,11,0.0,Alexander Albon
817,Daniel,Ricciardo,1014,2019,12,0.0,Daniel Ricciardo
807,Nico,Hülkenberg,1014,2019,13,0.0,Nico Hülkenberg
8,Kimi,Räikkönen,1014,2019,14,0.0,Kimi Räikkönen
815,Sergio,Pérez,1014,2019,15,0.0,Sergio Pérez
841,Antonio,Giovinazzi,1014,2019,16,0.0,Antonio Giovinazzi
847,George,Russell,1014,2019,17,0.0,George Russell
9,Robert,Kubica,1014,2019,18,0.0,Robert Kubica
418,Masten,Gregory,745,1961,11,0.0,Masten Gregory
1,Lewis,Hamilton,1015,2019,1,25.0,Lewis Hamilton
20,Sebastian,Vettel,1015,2019,2,18.0,Sebastian Vettel
822,Valtteri,Bottas,1015,2019,3,15.0,Valtteri Bottas
830,Max,Verstappen,1015,2019,4,12.0,Max Verstappen
842,Pierre,Gasly,1015,2019,5,11.0,Pierre Gasly
832,Carlos,Sainz,1015,2019,6,8.0,Carlos Sainz
826,Daniil,Kvyat,1015,2019,7,6.0,Daniil Kvyat
848,Alexander,Albon,1015,2019,8,4.0,Alexander Albon
817,Daniel,Ricciardo,1015,2019,9,2.0,Daniel Ricciardo
154,Romain,Grosjean,1015,2019,10,1.0,Romain Grosjean
846,Lando,Norris,1015,2019,11,0.0,Lando Norris
825,Kevin,Magnussen,1015,2019,14,0.0,Kevin Magnussen
815,Sergio,Pérez,1015,2019,12,0.0,Sergio Pérez
807,Nico,Hülkenberg,1015,2019,13,0.0,Nico Hülkenberg
847,George,Russell,1015,2019,15,0.0,George Russell
840,Lance,Stroll,1015,2019,16,0.0,Lance Stroll
8,Kimi,Räikkönen,1015,2019,17,0.0,Kimi Räikkönen
9,Robert,Kubica,1015,2019,18,0.0,Robert Kubica
841,Antonio,Giovinazzi,1015,2019,19,0.0,Antonio Giovinazzi
1,Lewis,Hamilton,1016,2019,1,25.0,Lewis Hamilton
20,Sebastian,Vettel,1016,2019,2,18.0,Sebastian Vettel
844,Charles,Leclerc,1016,2019,3,15.0,Charles Leclerc
822,Valtteri,Bottas,1016,2019,4,13.0,Valtteri Bottas
830,Max,Verstappen,1016,2019,5,10.0,Max Verstappen
817,Daniel,Ricciardo,1016,2019,6,8.0,Daniel Ricciardo
807,Nico,Hülkenberg,1016,2019,7,6.0,Nico Hülkenberg
842,Pierre,Gasly,1016,2019,8,4.0,Pierre Gasly
840,Lance,Stroll,1016,2019,9,2.0,Lance Stroll
826,Daniil,Kvyat,1016,2019,10,1.0,Daniil Kvyat
832,Carlos,Sainz,1016,2019,11,0.0,Carlos Sainz
815,Sergio,Pérez,1016,2019,12,0.0,Sergio Pérez
841,Antonio,Giovinazzi,1016,2019,13,0.0,Antonio Giovinazzi
154,Romain,Grosjean,1016,2019,14,0.0,Romain Grosjean
8,Kimi,Räikkönen,1016,2019,15,0.0,Kimi Räikkönen
847,George,Russell,1016,2019,16,0.0,George Russell
825,Kevin,Magnussen,1016,2019,17,0.0,Kevin Magnussen
9,Robert,Kubica,1016,2019,18,0.0,Robert Kubica
1,Lewis,Hamilton,1017,2019,1,25.0,Lewis Hamilton
822,Valtteri,Bottas,1017,2019,2,18.0,Valtteri Bottas
844,Charles,Leclerc,1017,2019,3,15.0,Charles Leclerc
830,Max,Verstappen,1017,2019,4,12.0,Max Verstappen
20,Sebastian,Vettel,1017,2019,5,11.0,Sebastian Vettel
832,Carlos,Sainz,1017,2019,6,8.0,Carlos Sainz
8,Kimi,Räikkönen,1017,2019,7,6.0,Kimi Räikkönen
807,Nico,Hülkenberg,1017,2019,8,4.0,Nico Hülkenberg
846,Lando,Norris,1017,2019,9,2.0,Lando Norris
842,Pierre,Gasly,1017,2019,10,1.0,Pierre Gasly
817,Daniel,Ricciardo,1017,2019,11,0.0,Daniel Ricciardo
815,Sergio,Pérez,1017,2019,12,0.0,Sergio Pérez
840,Lance,Stroll,1017,2019,13,0.0,Lance Stroll
826,Daniil,Kvyat,1017,2019,14,0.0,Daniil Kvyat
848,Alexander,Albon,1017,2019,15,0.0,Alexander Albon
841,Antonio,Giovinazzi,1017,2019,16,0.0,Antonio Giovinazzi
825,Kevin,Magnussen,1017,2019,17,0.0,Kevin Magnussen
9,Robert,Kubica,1017,2019,18,0.0,Robert Kubica
847,George,Russell,1017,2019,19,0.0,George Russell
154,Romain,Grosjean,1017,2019,20,0.0,Romain Grosjean
830,Max,Verstappen,1018,2019,1,26.0,Max Verstappen
844,Charles,Leclerc,1018,2019,2,18.0,Charles Leclerc
822,Valtteri,Bottas,1018,2019,3,15.0,Valtteri Bottas
20,Sebastian,Vettel,1018,2019,4,12.0,Sebastian Vettel
1,Lewis,Hamilton,1018,2019,5,10.0,Lewis Hamilton
846,Lando,Norris,1018,2019,6,8.0,Lando Norris
842,Pierre,Gasly,1018,2019,7,6.0,Pierre Gasly
832,Carlos,Sainz,1018,2019,8,4.0,Carlos Sainz
8,Kimi,Räikkönen,1018,2019,9,2.0,Kimi Räikkönen
841,Antonio,Giovinazzi,1018,2019,10,1.0,Antonio Giovinazzi
815,Sergio,Pérez,1018,2019,11,0.0,Sergio Pérez
817,Daniel,Ricciardo,1018,2019,12,0.0,Daniel Ricciardo
807,Nico,Hülkenberg,1018,2019,13,0.0,Nico Hülkenberg
840,Lance,Stroll,1018,2019,14,0.0,Lance Stroll
848,Alexander,Albon,1018,2019,15,0.0,Alexander Albon
154,Romain,Grosjean,1018,2019,16,0.0,Romain Grosjean
826,Daniil,Kvyat,1018,2019,17,0.0,Daniil Kvyat
847,George,Russell,1018,2019,18,0.0,George Russell
825,Kevin,Magnussen,1018,2019,19,0.0,Kevin Magnussen
9,Robert,Kubica,1018,2019,20,0.0,Robert Kubica
1,Lewis,Hamilton,1019,2019,1,26.0,Lewis Hamilton
822,Valtteri,Bottas,1019,2019,2,18.0,Valtteri Bottas
844,Charles,Leclerc,1019,2019,3,15.0,Charles Leclerc
842,Pierre,Gasly,1019,2019,4,12.0,Pierre Gasly
830,Max,Verstappen,1019,2019,5,10.0,Max Verstappen
832,Carlos,Sainz,1019,2019,6,8.0,Carlos Sainz
817,Daniel,Ricciardo,1019,2019,7,6.0,Daniel Ricciardo
8,Kimi,Räikkönen,1019,2019,8,4.0,Kimi Räikkönen
826,Daniil,Kvyat,1019,2019,9,2.0,Daniil Kvyat
807,Nico,Hülkenberg,1019,2019,10,1.0,Nico Hülkenberg
846,Lando,Norris,1019,2019,11,0.0,Lando Norris
848,Alexander,Albon,1019,2019,12,0.0,Alexander Albon
840,Lance,Stroll,1019,2019,13,0.0,Lance Stroll
847,George,Russell,1019,2019,14,0.0,George Russell
9,Robert,Kubica,1019,2019,15,0.0,Robert Kubica
20,Sebastian,Vettel,1019,2019,16,0.0,Sebastian Vettel
815,Sergio,Pérez,1019,2019,17,0.0,Sergio Pérez
830,Max,Verstappen,1020,2019,1,26.0,Max Verstappen
20,Sebastian,Vettel,1020,2019,2,18.0,Sebastian Vettel
826,Daniil,Kvyat,1020,2019,3,15.0,Daniil Kvyat
840,Lance,Stroll,1020,2019,4,12.0,Lance Stroll
832,Carlos,Sainz,1020,2019,5,10.0,Carlos Sainz
848,Alexander,Albon,1020,2019,6,8.0,Alexander Albon
154,Romain,Grosjean,1020,2019,7,6.0,Romain Grosjean
825,Kevin,Magnussen,1020,2019,8,4.0,Kevin Magnussen
1,Lewis,Hamilton,1020,2019,9,2.0,Lewis Hamilton
9,Robert,Kubica,1020,2019,10,1.0,Robert Kubica
847,George,Russell,1020,2019,11,0.0,George Russell
8,Kimi,Räikkönen,1020,2019,12,0.0,Kimi Räikkönen
841,Antonio,Giovinazzi,1020,2019,13,0.0,Antonio Giovinazzi
842,Pierre,Gasly,1020,2019,14,0.0,Pierre Gasly
1,Lewis,Hamilton,1021,2019,1,25.0,Lewis Hamilton
830,Max,Verstappen,1021,2019,2,19.0,Max Verstappen
20,Sebastian,Vettel,1021,2019,3,15.0,Sebastian Vettel
844,Charles,Leclerc,1021,2019,4,12.0,Charles Leclerc
832,Carlos,Sainz,1021,2019,5,10.0,Carlos Sainz
842,Pierre,Gasly,1021,2019,6,8.0,Pierre Gasly
8,Kimi,Räikkönen,1021,2019,7,6.0,Kimi Räikkönen
822,Valtteri,Bottas,1021,2019,8,4.0,Valtteri Bottas
846,Lando,Norris,1021,2019,9,2.0,Lando Norris
848,Alexander,Albon,1021,2019,10,1.0,Alexander Albon
815,Sergio,Pérez,1021,2019,11,0.0,Sergio Pérez
807,Nico,Hülkenberg,1021,2019,12,0.0,Nico Hülkenberg
825,Kevin,Magnussen,1021,2019,13,0.0,Kevin Magnussen
817,Daniel,Ricciardo,1021,2019,14,0.0,Daniel Ricciardo
826,Daniil,Kvyat,1021,2019,15,0.0,Daniil Kvyat
847,George,Russell,1021,2019,16,0.0,George Russell
840,Lance,Stroll,1021,2019,17,0.0,Lance Stroll
841,Antonio,Giovinazzi,1021,2019,18,0.0,Antonio Giovinazzi
9,Robert,Kubica,1021,2019,19,0.0,Robert Kubica
844,Charles,Leclerc,1022,2019,1,25.0,Charles Leclerc
1,Lewis,Hamilton,1022,2019,2,18.0,Lewis Hamilton
822,Valtteri,Bottas,1022,2019,3,15.0,Valtteri Bottas
20,Sebastian,Vettel,1022,2019,4,13.0,Sebastian Vettel
848,Alexander,Albon,1022,2019,5,10.0,Alexander Albon
815,Sergio,Pérez,1022,2019,6,8.0,Sergio Pérez
826,Daniil,Kvyat,1022,2019,7,6.0,Daniil Kvyat
807,Nico,Hülkenberg,1022,2019,8,4.0,Nico Hülkenberg
842,Pierre,Gasly,1022,2019,9,2.0,Pierre Gasly
840,Lance,Stroll,1022,2019,10,1.0,Lance Stroll
846,Lando,Norris,1022,2019,11,0.0,Lando Norris
825,Kevin,Magnussen,1022,2019,12,0.0,Kevin Magnussen
154,Romain,Grosjean,1022,2019,13,0.0,Romain Grosjean
817,Daniel,Ricciardo,1022,2019,14,0.0,Daniel Ricciardo
847,George,Russell,1022,2019,15,0.0,George Russell
8,Kimi,Räikkönen,1022,2019,16,0.0,Kimi Räikkönen
9,Robert,Kubica,1022,2019,17,0.0,Robert Kubica
841,Antonio,Giovinazzi,1022,2019,18,0.0,Antonio Giovinazzi
844,Charles,Leclerc,1023,2019,1,25.0,Charles Leclerc
822,Valtteri,Bottas,1023,2019,2,18.0,Valtteri Bottas
1,Lewis,Hamilton,1023,2019,3,16.0,Lewis Hamilton
817,Daniel,Ricciardo,1023,2019,4,12.0,Daniel Ricciardo
807,Nico,Hülkenberg,1023,2019,5,10.0,Nico Hülkenberg
848,Alexander,Albon,1023,2019,6,8.0,Alexander Albon
815,Sergio,Pérez,1023,2019,7,6.0,Sergio Pérez
830,Max,Verstappen,1023,2019,8,4.0,Max Verstappen
841,Antonio,Giovinazzi,1023,2019,9,2.0,Antonio Giovinazzi
846,Lando,Norris,1023,2019,10,1.0,Lando Norris
842,Pierre,Gasly,1023,2019,11,0.0,Pierre Gasly
840,Lance,Stroll,1023,2019,12,0.0,Lance Stroll
20,Sebastian,Vettel,1023,2019,13,0.0,Sebastian Vettel
847,George,Russell,1023,2019,14,0.0,George Russell
8,Kimi,Räikkönen,1023,2019,15,0.0,Kimi Räikkönen
154,Romain,Grosjean,1023,2019,16,0.0,Romain Grosjean
9,Robert,Kubica,1023,2019,17,0.0,Robert Kubica
20,Sebastian,Vettel,1024,2019,1,25.0,Sebastian Vettel
844,Charles,Leclerc,1024,2019,2,18.0,Charles Leclerc
830,Max,Verstappen,1024,2019,3,15.0,Max Verstappen
1,Lewis,Hamilton,1024,2019,4,12.0,Lewis Hamilton
822,Valtteri,Bottas,1024,2019,5,10.0,Valtteri Bottas
848,Alexander,Albon,1024,2019,6,8.0,Alexander Albon
846,Lando,Norris,1024,2019,7,6.0,Lando Norris
842,Pierre,Gasly,1024,2019,8,4.0,Pierre Gasly
807,Nico,Hülkenberg,1024,2019,9,2.0,Nico Hülkenberg
841,Antonio,Giovinazzi,1024,2019,10,1.0,Antonio Giovinazzi
154,Romain,Grosjean,1024,2019,11,0.0,Romain Grosjean
832,Carlos,Sainz,1024,2019,12,0.0,Carlos Sainz
840,Lance,Stroll,1024,2019,13,0.0,Lance Stroll
817,Daniel,Ricciardo,1024,2019,14,0.0,Daniel Ricciardo
826,Daniil,Kvyat,1024,2019,15,0.0,Daniil Kvyat
9,Robert,Kubica,1024,2019,16,0.0,Robert Kubica
825,Kevin,Magnussen,1024,2019,17,0.0,Kevin Magnussen
1,Lewis,Hamilton,1025,2019,1,26.0,Lewis Hamilton
822,Valtteri,Bottas,1025,2019,2,18.0,Valtteri Bottas
844,Charles,Leclerc,1025,2019,3,15.0,Charles Leclerc
830,Max,Verstappen,1025,2019,4,12.0,Max Verstappen
848,Alexander,Albon,1025,2019,5,10.0,Alexander Albon
832,Carlos,Sainz,1025,2019,6,8.0,Carlos Sainz
815,Sergio,Pérez,1025,2019,7,6.0,Sergio Pérez
846,Lando,Norris,1025,2019,8,4.0,Lando Norris
825,Kevin,Magnussen,1025,2019,9,2.0,Kevin Magnussen
807,Nico,Hülkenberg,1025,2019,10,1.0,Nico Hülkenberg
840,Lance,Stroll,1025,2019,11,0.0,Lance Stroll
826,Daniil,Kvyat,1025,2019,12,0.0,Daniil Kvyat
8,Kimi,Räikkönen,1025,2019,13,0.0,Kimi Räikkönen
842,Pierre,Gasly,1025,2019,14,0.0,Pierre Gasly
841,Antonio,Giovinazzi,1025,2019,15,0.0,Antonio Giovinazzi
822,Valtteri,Bottas,1026,2019,1,25.0,Valtteri Bottas
20,Sebastian,Vettel,1026,2019,2,18.0,Sebastian Vettel
1,Lewis,Hamilton,1026,2019,3,16.0,Lewis Hamilton
848,Alexander,Albon,1026,2019,4,12.0,Alexander Albon
832,Carlos,Sainz,1026,2019,5,10.0,Carlos Sainz
844,Charles,Leclerc,1026,2019,6,8.0,Charles Leclerc
842,Pierre,Gasly,1026,2019,7,6.0,Pierre Gasly
815,Sergio,Pérez,1026,2019,8,4.0,Sergio Pérez
840,Lance,Stroll,1026,2019,9,2.0,Lance Stroll
826,Daniil,Kvyat,1026,2019,10,1.0,Daniil Kvyat
846,Lando,Norris,1026,2019,11,0.0,Lando Norris
8,Kimi,Räikkönen,1026,2019,12,0.0,Kimi Räikkönen
154,Romain,Grosjean,1026,2019,13,0.0,Romain Grosjean
841,Antonio,Giovinazzi,1026,2019,14,0.0,Antonio Giovinazzi
825,Kevin,Magnussen,1026,2019,15,0.0,Kevin Magnussen
847,George,Russell,1026,2019,16,0.0,George Russell
9,Robert,Kubica,1026,2019,17,0.0,Robert Kubica
1,Lewis,Hamilton,1027,2019,1,25.0,Lewis Hamilton
20,Sebastian,Vettel,1027,2019,2,18.0,Sebastian Vettel
822,Valtteri,Bottas,1027,2019,3,15.0,Valtteri Bottas
844,Charles,Leclerc,1027,2019,4,13.0,Charles Leclerc
848,Alexander,Albon,1027,2019,5,10.0,Alexander Albon
830,Max,Verstappen,1027,2019,6,8.0,Max Verstappen
815,Sergio,Pérez,1027,2019,7,6.0,Sergio Pérez
817,Daniel,Ricciardo,1027,2019,8,4.0,Daniel Ricciardo
842,Pierre,Gasly,1027,2019,9,2.0,Pierre Gasly
807,Nico,Hülkenberg,1027,2019,10,1.0,Nico Hülkenberg
826,Daniil,Kvyat,1027,2019,11,0.0,Daniil Kvyat
840,Lance,Stroll,1027,2019,12,0.0,Lance Stroll
832,Carlos,Sainz,1027,2019,13,0.0,Carlos Sainz
841,Antonio,Giovinazzi,1027,2019,14,0.0,Antonio Giovinazzi
825,Kevin,Magnussen,1027,2019,15,0.0,Kevin Magnussen
847,George,Russell,1027,2019,16,0.0,George Russell
154,Romain,Grosjean,1027,2019,17,0.0,Romain Grosjean
9,Robert,Kubica,1027,2019,18,0.0,Robert Kubica
822,Valtteri,Bottas,1031,2020,1,25.0,Valtteri Bottas
822,Valtteri,Bottas,1028,2019,1,25.0,Valtteri Bottas
1,Lewis,Hamilton,1028,2019,2,18.0,Lewis Hamilton
830,Max,Verstappen,1028,2019,3,15.0,Max Verstappen
844,Charles,Leclerc,1028,2019,4,13.0,Charles Leclerc
848,Alexander,Albon,1028,2019,5,10.0,Alexander Albon
817,Daniel,Ricciardo,1028,2019,6,8.0,Daniel Ricciardo
846,Lando,Norris,1028,2019,7,6.0,Lando Norris
832,Carlos,Sainz,1028,2019,8,4.0,Carlos Sainz
807,Nico,Hülkenberg,1028,2019,9,2.0,Nico Hülkenberg
815,Sergio,Pérez,1028,2019,10,1.0,Sergio Pérez
8,Kimi,Räikkönen,1028,2019,11,0.0,Kimi Räikkönen
826,Daniil,Kvyat,1028,2019,12,0.0,Daniil Kvyat
840,Lance,Stroll,1028,2019,13,0.0,Lance Stroll
841,Antonio,Giovinazzi,1028,2019,14,0.0,Antonio Giovinazzi
154,Romain,Grosjean,1028,2019,15,0.0,Romain Grosjean
842,Pierre,Gasly,1028,2019,16,0.0,Pierre Gasly
847,George,Russell,1028,2019,17,0.0,George Russell
825,Kevin,Magnussen,1028,2019,18,0.0,Kevin Magnussen
830,Max,Verstappen,1029,2019,1,25.0,Max Verstappen
842,Pierre,Gasly,1029,2019,2,18.0,Pierre Gasly
832,Carlos,Sainz,1029,2019,3,15.0,Carlos Sainz
8,Kimi,Räikkönen,1029,2019,4,12.0,Kimi Räikkönen
841,Antonio,Giovinazzi,1029,2019,5,10.0,Antonio Giovinazzi
817,Daniel,Ricciardo,1029,2019,6,8.0,Daniel Ricciardo
1,Lewis,Hamilton,1029,2019,7,6.0,Lewis Hamilton
846,Lando,Norris,1029,2019,8,4.0,Lando Norris
815,Sergio,Pérez,1029,2019,9,2.0,Sergio Pérez
826,Daniil,Kvyat,1029,2019,10,1.0,Daniil Kvyat
825,Kevin,Magnussen,1029,2019,11,0.0,Kevin Magnussen
847,George,Russell,1029,2019,12,0.0,George Russell
154,Romain,Grosjean,1029,2019,13,0.0,Romain Grosjean
848,Alexander,Albon,1029,2019,14,0.0,Alexander Albon
807,Nico,Hülkenberg,1029,2019,15,0.0,Nico Hülkenberg
9,Robert,Kubica,1029,2019,16,0.0,Robert Kubica
20,Sebastian,Vettel,1029,2019,17,0.0,Sebastian Vettel
844,Charles,Leclerc,1029,2019,18,0.0,Charles Leclerc
840,Lance,Stroll,1029,2019,19,0.0,Lance Stroll
1,Lewis,Hamilton,1030,2019,1,26.0,Lewis Hamilton
830,Max,Verstappen,1030,2019,2,18.0,Max Verstappen
844,Charles,Leclerc,1030,2019,3,15.0,Charles Leclerc
822,Valtteri,Bottas,1030,2019,4,12.0,Valtteri Bottas
20,Sebastian,Vettel,1030,2019,5,10.0,Sebastian Vettel
848,Alexander,Albon,1030,2019,6,8.0,Alexander Albon
815,Sergio,Pérez,1030,2019,7,6.0,Sergio Pérez
846,Lando,Norris,1030,2019,8,4.0,Lando Norris
826,Daniil,Kvyat,1030,2019,9,2.0,Daniil Kvyat
832,Carlos,Sainz,1030,2019,10,1.0,Carlos Sainz
817,Daniel,Ricciardo,1030,2019,11,0.0,Daniel Ricciardo
807,Nico,Hülkenberg,1030,2019,12,0.0,Nico Hülkenberg
8,Kimi,Räikkönen,1030,2019,13,0.0,Kimi Räikkönen
825,Kevin,Magnussen,1030,2019,14,0.0,Kevin Magnussen
154,Romain,Grosjean,1030,2019,15,0.0,Romain Grosjean
841,Antonio,Giovinazzi,1030,2019,16,0.0,Antonio Giovinazzi
847,George,Russell,1030,2019,17,0.0,George Russell
842,Pierre,Gasly,1030,2019,18,0.0,Pierre Gasly
9,Robert,Kubica,1030,2019,19,0.0,Robert Kubica
844,Charles,Leclerc,1031,2020,2,18.0,Charles Leclerc
846,Lando,Norris,1031,2020,3,16.0,Lando Norris
1,Lewis,Hamilton,1031,2020,4,12.0,Lewis Hamilton
832,Carlos,Sainz,1031,2020,5,10.0,Carlos Sainz
815,Sergio,Pérez,1031,2020,6,8.0,Sergio Pérez
842,Pierre,Gasly,1031,2020,7,6.0,Pierre Gasly
839,Esteban,Ocon,1031,2020,8,4.0,Esteban Ocon
841,Antonio,Giovinazzi,1031,2020,9,2.0,Antonio Giovinazzi
20,Sebastian,Vettel,1031,2020,10,1.0,Sebastian Vettel
849,Nicholas,Latifi,1031,2020,11,0.0,Nicholas Latifi
826,Daniil,Kvyat,1031,2020,12,0.0,Daniil Kvyat
848,Alexander,Albon,1031,2020,13,0.0,Alexander Albon
1,Lewis,Hamilton,1032,2020,1,25.0,Lewis Hamilton
822,Valtteri,Bottas,1032,2020,2,18.0,Valtteri Bottas
830,Max,Verstappen,1032,2020,3,15.0,Max Verstappen
848,Alexander,Albon,1032,2020,4,12.0,Alexander Albon
846,Lando,Norris,1032,2020,5,10.0,Lando Norris
815,Sergio,Pérez,1032,2020,6,8.0,Sergio Pérez
840,Lance,Stroll,1032,2020,7,6.0,Lance Stroll
817,Daniel,Ricciardo,1032,2020,8,4.0,Daniel Ricciardo
832,Carlos,Sainz,1032,2020,9,3.0,Carlos Sainz
826,Daniil,Kvyat,1032,2020,10,1.0,Daniil Kvyat
8,Kimi,Räikkönen,1032,2020,11,0.0,Kimi Räikkönen
825,Kevin,Magnussen,1032,2020,12,0.0,Kevin Magnussen
154,Romain,Grosjean,1032,2020,13,0.0,Romain Grosjean
841,Antonio,Giovinazzi,1032,2020,14,0.0,Antonio Giovinazzi
842,Pierre,Gasly,1032,2020,15,0.0,Pierre Gasly
847,George,Russell,1032,2020,16,0.0,George Russell
849,Nicholas,Latifi,1032,2020,17,0.0,Nicholas Latifi
1,Lewis,Hamilton,1033,2020,1,26.0,Lewis Hamilton
830,Max,Verstappen,1033,2020,2,18.0,Max Verstappen
822,Valtteri,Bottas,1033,2020,3,15.0,Valtteri Bottas
840,Lance,Stroll,1033,2020,4,12.0,Lance Stroll
848,Alexander,Albon,1033,2020,5,10.0,Alexander Albon
20,Sebastian,Vettel,1033,2020,6,8.0,Sebastian Vettel
815,Sergio,Pérez,1033,2020,7,6.0,Sergio Pérez
817,Daniel,Ricciardo,1033,2020,8,4.0,Daniel Ricciardo
832,Carlos,Sainz,1033,2020,9,2.0,Carlos Sainz
825,Kevin,Magnussen,1033,2020,10,1.0,Kevin Magnussen
844,Charles,Leclerc,1033,2020,11,0.0,Charles Leclerc
826,Daniil,Kvyat,1033,2020,12,0.0,Daniil Kvyat
846,Lando,Norris,1033,2020,13,0.0,Lando Norris
839,Esteban,Ocon,1033,2020,14,0.0,Esteban Ocon
8,Kimi,Räikkönen,1033,2020,15,0.0,Kimi Räikkönen
154,Romain,Grosjean,1033,2020,16,0.0,Romain Grosjean
841,Antonio,Giovinazzi,1033,2020,17,0.0,Antonio Giovinazzi
847,George,Russell,1033,2020,18,0.0,George Russell
849,Nicholas,Latifi,1033,2020,19,0.0,Nicholas Latifi
1,Lewis,Hamilton,1034,2020,1,25.0,Lewis Hamilton
830,Max,Verstappen,1034,2020,2,19.0,Max Verstappen
844,Charles,Leclerc,1034,2020,3,15.0,Charles Leclerc
817,Daniel,Ricciardo,1034,2020,4,12.0,Daniel Ricciardo
846,Lando,Norris,1034,2020,5,10.0,Lando Norris
839,Esteban,Ocon,1034,2020,6,8.0,Esteban Ocon
842,Pierre,Gasly,1034,2020,7,6.0,Pierre Gasly
848,Alexander,Albon,1034,2020,8,4.0,Alexander Albon
840,Lance,Stroll,1034,2020,9,2.0,Lance Stroll
20,Sebastian,Vettel,1034,2020,10,1.0,Sebastian Vettel
822,Valtteri,Bottas,1034,2020,11,0.0,Valtteri Bottas
847,George,Russell,1034,2020,12,0.0,George Russell
832,Carlos,Sainz,1034,2020,13,0.0,Carlos Sainz
841,Antonio,Giovinazzi,1034,2020,14,0.0,Antonio Giovinazzi
849,Nicholas,Latifi,1034,2020,15,0.0,Nicholas Latifi
154,Romain,Grosjean,1034,2020,16,0.0,Romain Grosjean
8,Kimi,Räikkönen,1034,2020,17,0.0,Kimi Räikkönen
830,Max,Verstappen,1035,2020,1,25.0,Max Verstappen
1,Lewis,Hamilton,1035,2020,2,19.0,Lewis Hamilton
822,Valtteri,Bottas,1035,2020,3,15.0,Valtteri Bottas
844,Charles,Leclerc,1035,2020,4,12.0,Charles Leclerc
848,Alexander,Albon,1035,2020,5,10.0,Alexander Albon
840,Lance,Stroll,1035,2020,6,8.0,Lance Stroll
807,Nico,Hülkenberg,1035,2020,7,6.0,Nico Hülkenberg
839,Esteban,Ocon,1035,2020,8,4.0,Esteban Ocon
846,Lando,Norris,1035,2020,9,2.0,Lando Norris
826,Daniil,Kvyat,1035,2020,10,1.0,Daniil Kvyat
842,Pierre,Gasly,1035,2020,11,0.0,Pierre Gasly
20,Sebastian,Vettel,1035,2020,12,0.0,Sebastian Vettel
832,Carlos,Sainz,1035,2020,13,0.0,Carlos Sainz
817,Daniel,Ricciardo,1035,2020,14,0.0,Daniel Ricciardo
8,Kimi,Räikkönen,1035,2020,15,0.0,Kimi Räikkönen
154,Romain,Grosjean,1035,2020,16,0.0,Romain Grosjean
841,Antonio,Giovinazzi,1035,2020,17,0.0,Antonio Giovinazzi
847,George,Russell,1035,2020,18,0.0,George Russell
849,Nicholas,Latifi,1035,2020,19,0.0,Nicholas Latifi
1,Lewis,Hamilton,1036,2020,1,25.0,Lewis Hamilton
830,Max,Verstappen,1036,2020,2,18.0,Max Verstappen
822,Valtteri,Bottas,1036,2020,3,16.0,Valtteri Bottas
840,Lance,Stroll,1036,2020,4,12.0,Lance Stroll
815,Sergio,Pérez,1036,2020,5,10.0,Sergio Pérez
832,Carlos,Sainz,1036,2020,6,8.0,Carlos Sainz
20,Sebastian,Vettel,1036,2020,7,6.0,Sebastian Vettel
848,Alexander,Albon,1036,2020,8,4.0,Alexander Albon
842,Pierre,Gasly,1036,2020,9,2.0,Pierre Gasly
846,Lando,Norris,1036,2020,10,1.0,Lando Norris
817,Daniel,Ricciardo,1036,2020,11,0.0,Daniel Ricciardo
826,Daniil,Kvyat,1036,2020,12,0.0,Daniil Kvyat
839,Esteban,Ocon,1036,2020,13,0.0,Esteban Ocon
8,Kimi,Räikkönen,1036,2020,14,0.0,Kimi Räikkönen
825,Kevin,Magnussen,1036,2020,15,0.0,Kevin Magnussen
841,Antonio,Giovinazzi,1036,2020,16,0.0,Antonio Giovinazzi
847,George,Russell,1036,2020,17,0.0,George Russell
849,Nicholas,Latifi,1036,2020,18,0.0,Nicholas Latifi
154,Romain,Grosjean,1036,2020,19,0.0,Romain Grosjean
1,Lewis,Hamilton,1037,2020,1,25.0,Lewis Hamilton
822,Valtteri,Bottas,1037,2020,2,18.0,Valtteri Bottas
830,Max,Verstappen,1037,2020,3,15.0,Max Verstappen
817,Daniel,Ricciardo,1037,2020,4,13.0,Daniel Ricciardo
839,Esteban,Ocon,1037,2020,5,10.0,Esteban Ocon
848,Alexander,Albon,1037,2020,6,8.0,Alexander Albon
846,Lando,Norris,1037,2020,7,6.0,Lando Norris
842,Pierre,Gasly,1037,2020,8,4.0,Pierre Gasly
840,Lance,Stroll,1037,2020,9,2.0,Lance Stroll
815,Sergio,Pérez,1037,2020,10,1.0,Sergio Pérez
826,Daniil,Kvyat,1037,2020,11,0.0,Daniil Kvyat
8,Kimi,Räikkönen,1037,2020,12,0.0,Kimi Räikkönen
20,Sebastian,Vettel,1037,2020,13,0.0,Sebastian Vettel
844,Charles,Leclerc,1037,2020,14,0.0,Charles Leclerc
154,Romain,Grosjean,1037,2020,15,0.0,Romain Grosjean
849,Nicholas,Latifi,1037,2020,16,0.0,Nicholas Latifi
825,Kevin,Magnussen,1037,2020,17,0.0,Kevin Magnussen
842,Pierre,Gasly,1038,2020,1,25.0,Pierre Gasly
832,Carlos,Sainz,1038,2020,2,18.0,Carlos Sainz
840,Lance,Stroll,1038,2020,3,15.0,Lance Stroll
846,Lando,Norris,1038,2020,4,12.0,Lando Norris
822,Valtteri,Bottas,1038,2020,5,10.0,Valtteri Bottas
817,Daniel,Ricciardo,1038,2020,6,8.0,Daniel Ricciardo
1,Lewis,Hamilton,1038,2020,7,7.0,Lewis Hamilton
839,Esteban,Ocon,1038,2020,8,4.0,Esteban Ocon
826,Daniil,Kvyat,1038,2020,9,2.0,Daniil Kvyat
815,Sergio,Pérez,1038,2020,10,1.0,Sergio Pérez
849,Nicholas,Latifi,1038,2020,11,0.0,Nicholas Latifi
154,Romain,Grosjean,1038,2020,12,0.0,Romain Grosjean
8,Kimi,Räikkönen,1038,2020,13,0.0,Kimi Räikkönen
847,George,Russell,1038,2020,14,0.0,George Russell
848,Alexander,Albon,1038,2020,15,0.0,Alexander Albon
841,Antonio,Giovinazzi,1038,2020,16,0.0,Antonio Giovinazzi
1,Lewis,Hamilton,1039,2020,1,26.0,Lewis Hamilton
822,Valtteri,Bottas,1039,2020,2,18.0,Valtteri Bottas
848,Alexander,Albon,1039,2020,3,15.0,Alexander Albon
817,Daniel,Ricciardo,1039,2020,4,12.0,Daniel Ricciardo
815,Sergio,Pérez,1039,2020,5,10.0,Sergio Pérez
846,Lando,Norris,1039,2020,6,8.0,Lando Norris
826,Daniil,Kvyat,1039,2020,7,6.0,Daniil Kvyat
844,Charles,Leclerc,1039,2020,8,4.0,Charles Leclerc
8,Kimi,Räikkönen,1039,2020,9,2.0,Kimi Räikkönen
20,Sebastian,Vettel,1039,2020,10,1.0,Sebastian Vettel
847,George,Russell,1039,2020,11,0.0,George Russell
154,Romain,Grosjean,1039,2020,12,0.0,Romain Grosjean
822,Valtteri,Bottas,1040,2020,1,26.0,Valtteri Bottas
830,Max,Verstappen,1040,2020,2,18.0,Max Verstappen
1,Lewis,Hamilton,1040,2020,3,15.0,Lewis Hamilton
815,Sergio,Pérez,1040,2020,4,12.0,Sergio Pérez
817,Daniel,Ricciardo,1040,2020,5,10.0,Daniel Ricciardo
844,Charles,Leclerc,1040,2020,6,8.0,Charles Leclerc
839,Esteban,Ocon,1040,2020,7,6.0,Esteban Ocon
826,Daniil,Kvyat,1040,2020,8,4.0,Daniil Kvyat
842,Pierre,Gasly,1040,2020,9,2.0,Pierre Gasly
848,Alexander,Albon,1040,2020,10,1.0,Alexander Albon
841,Antonio,Giovinazzi,1040,2020,11,0.0,Antonio Giovinazzi
825,Kevin,Magnussen,1040,2020,12,0.0,Kevin Magnussen
20,Sebastian,Vettel,1040,2020,13,0.0,Sebastian Vettel
8,Kimi,Räikkönen,1040,2020,14,0.0,Kimi Räikkönen
846,Lando,Norris,1040,2020,15,0.0,Lando Norris
849,Nicholas,Latifi,1040,2020,16,0.0,Nicholas Latifi
154,Romain,Grosjean,1040,2020,17,0.0,Romain Grosjean
847,George,Russell,1040,2020,18,0.0,George Russell
1,Lewis,Hamilton,1041,2020,1,25.0,Lewis Hamilton
830,Max,Verstappen,1041,2020,2,19.0,Max Verstappen
817,Daniel,Ricciardo,1041,2020,3,15.0,Daniel Ricciardo
815,Sergio,Pérez,1041,2020,4,12.0,Sergio Pérez
832,Carlos,Sainz,1041,2020,5,10.0,Carlos Sainz
842,Pierre,Gasly,1041,2020,6,8.0,Pierre Gasly
844,Charles,Leclerc,1041,2020,7,6.0,Charles Leclerc
807,Nico,Hülkenberg,1041,2020,8,4.0,Nico Hülkenberg
154,Romain,Grosjean,1041,2020,9,2.0,Romain Grosjean
841,Antonio,Giovinazzi,1041,2020,10,1.0,Antonio Giovinazzi
20,Sebastian,Vettel,1041,2020,11,0.0,Sebastian Vettel
8,Kimi,Räikkönen,1041,2020,12,0.0,Kimi Räikkönen
825,Kevin,Magnussen,1041,2020,13,0.0,Kevin Magnussen
849,Nicholas,Latifi,1041,2020,14,0.0,Nicholas Latifi
826,Daniil,Kvyat,1041,2020,15,0.0,Daniil Kvyat
1,Lewis,Hamilton,1042,2020,1,26.0,Lewis Hamilton
822,Valtteri,Bottas,1042,2020,2,18.0,Valtteri Bottas
830,Max,Verstappen,1042,2020,3,15.0,Max Verstappen
844,Charles,Leclerc,1042,2020,4,12.0,Charles Leclerc
842,Pierre,Gasly,1042,2020,5,10.0,Pierre Gasly
832,Carlos,Sainz,1042,2020,6,8.0,Carlos Sainz
815,Sergio,Pérez,1042,2020,7,6.0,Sergio Pérez
839,Esteban,Ocon,1042,2020,8,4.0,Esteban Ocon
817,Daniel,Ricciardo,1042,2020,9,2.0,Daniel Ricciardo
20,Sebastian,Vettel,1042,2020,10,1.0,Sebastian Vettel
8,Kimi,Räikkönen,1042,2020,11,0.0,Kimi Räikkönen
848,Alexander,Albon,1042,2020,12,0.0,Alexander Albon
846,Lando,Norris,1042,2020,13,0.0,Lando Norris
847,George,Russell,1042,2020,14,0.0,George Russell
841,Antonio,Giovinazzi,1042,2020,15,0.0,Antonio Giovinazzi
825,Kevin,Magnussen,1042,2020,16,0.0,Kevin Magnussen
154,Romain,Grosjean,1042,2020,17,0.0,Romain Grosjean
849,Nicholas,Latifi,1042,2020,18,0.0,Nicholas Latifi
826,Daniil,Kvyat,1042,2020,19,0.0,Daniil Kvyat
1,Lewis,Hamilton,1043,2020,1,26.0,Lewis Hamilton
822,Valtteri,Bottas,1043,2020,2,18.0,Valtteri Bottas
817,Daniel,Ricciardo,1043,2020,3,15.0,Daniel Ricciardo
826,Daniil,Kvyat,1043,2020,4,12.0,Daniil Kvyat
844,Charles,Leclerc,1043,2020,5,10.0,Charles Leclerc
815,Sergio,Pérez,1043,2020,6,8.0,Sergio Pérez
832,Carlos,Sainz,1043,2020,7,6.0,Carlos Sainz
846,Lando,Norris,1043,2020,8,4.0,Lando Norris
8,Kimi,Räikkönen,1043,2020,9,2.0,Kimi Räikkönen
841,Antonio,Giovinazzi,1043,2020,10,1.0,Antonio Giovinazzi
849,Nicholas,Latifi,1043,2020,11,0.0,Nicholas Latifi
20,Sebastian,Vettel,1043,2020,12,0.0,Sebastian Vettel
840,Lance,Stroll,1043,2020,13,0.0,Lance Stroll
154,Romain,Grosjean,1043,2020,14,0.0,Romain Grosjean
848,Alexander,Albon,1043,2020,15,0.0,Alexander Albon
1,Lewis,Hamilton,1044,2020,1,25.0,Lewis Hamilton
815,Sergio,Pérez,1044,2020,2,18.0,Sergio Pérez
20,Sebastian,Vettel,1044,2020,3,15.0,Sebastian Vettel
844,Charles,Leclerc,1044,2020,4,12.0,Charles Leclerc
832,Carlos,Sainz,1044,2020,5,10.0,Carlos Sainz
830,Max,Verstappen,1044,2020,6,8.0,Max Verstappen
848,Alexander,Albon,1044,2020,7,6.0,Alexander Albon
846,Lando,Norris,1044,2020,8,5.0,Lando Norris
840,Lance,Stroll,1044,2020,9,2.0,Lance Stroll
817,Daniel,Ricciardo,1044,2020,10,1.0,Daniel Ricciardo
839,Esteban,Ocon,1044,2020,11,0.0,Esteban Ocon
826,Daniil,Kvyat,1044,2020,12,0.0,Daniil Kvyat
842,Pierre,Gasly,1044,2020,13,0.0,Pierre Gasly
822,Valtteri,Bottas,1044,2020,14,0.0,Valtteri Bottas
8,Kimi,Räikkönen,1044,2020,15,0.0,Kimi Räikkönen
847,George,Russell,1044,2020,16,0.0,George Russell
825,Kevin,Magnussen,1044,2020,17,0.0,Kevin Magnussen
1,Lewis,Hamilton,1045,2020,1,25.0,Lewis Hamilton
830,Max,Verstappen,1045,2020,2,19.0,Max Verstappen
848,Alexander,Albon,1045,2020,3,15.0,Alexander Albon
846,Lando,Norris,1045,2020,4,12.0,Lando Norris
832,Carlos,Sainz,1045,2020,5,10.0,Carlos Sainz
842,Pierre,Gasly,1045,2020,6,8.0,Pierre Gasly
817,Daniel,Ricciardo,1045,2020,7,6.0,Daniel Ricciardo
822,Valtteri,Bottas,1045,2020,8,4.0,Valtteri Bottas
839,Esteban,Ocon,1045,2020,9,2.0,Esteban Ocon
844,Charles,Leclerc,1045,2020,10,1.0,Charles Leclerc
826,Daniil,Kvyat,1045,2020,11,0.0,Daniil Kvyat
847,George,Russell,1045,2020,12,0.0,George Russell
20,Sebastian,Vettel,1045,2020,13,0.0,Sebastian Vettel
849,Nicholas,Latifi,1045,2020,14,0.0,Nicholas Latifi
8,Kimi,Räikkönen,1045,2020,15,0.0,Kimi Räikkönen
841,Antonio,Giovinazzi,1045,2020,16,0.0,Antonio Giovinazzi
825,Kevin,Magnussen,1045,2020,17,0.0,Kevin Magnussen
815,Sergio,Pérez,1045,2020,18,0.0,Sergio Pérez
815,Sergio,Pérez,1046,2020,1,25.0,Sergio Pérez
839,Esteban,Ocon,1046,2020,2,18.0,Esteban Ocon
840,Lance,Stroll,1046,2020,3,15.0,Lance Stroll
832,Carlos,Sainz,1046,2020,4,12.0,Carlos Sainz
817,Daniel,Ricciardo,1046,2020,5,10.0,Daniel Ricciardo
848,Alexander,Albon,1046,2020,6,8.0,Alexander Albon
826,Daniil,Kvyat,1046,2020,7,6.0,Daniil Kvyat
822,Valtteri,Bottas,1046,2020,8,4.0,Valtteri Bottas
847,George,Russell,1046,2020,9,3.0,George Russell
846,Lando,Norris,1046,2020,10,1.0,Lando Norris
842,Pierre,Gasly,1046,2020,11,0.0,Pierre Gasly
20,Sebastian,Vettel,1046,2020,12,0.0,Sebastian Vettel
841,Antonio,Giovinazzi,1046,2020,13,0.0,Antonio Giovinazzi
8,Kimi,Räikkönen,1046,2020,14,0.0,Kimi Räikkönen
825,Kevin,Magnussen,1046,2020,15,0.0,Kevin Magnussen
851,Jack,Aitken,1046,2020,16,0.0,Jack Aitken
850,Pietro,Fittipaldi,1046,2020,17,0.0,Pietro Fittipaldi
830,Max,Verstappen,1047,2020,1,25.0,Max Verstappen
822,Valtteri,Bottas,1047,2020,2,18.0,Valtteri Bottas
1,Lewis,Hamilton,1047,2020,3,15.0,Lewis Hamilton
848,Alexander,Albon,1047,2020,4,12.0,Alexander Albon
846,Lando,Norris,1047,2020,5,10.0,Lando Norris
832,Carlos,Sainz,1047,2020,6,8.0,Carlos Sainz
817,Daniel,Ricciardo,1047,2020,7,7.0,Daniel Ricciardo
842,Pierre,Gasly,1047,2020,8,4.0,Pierre Gasly
839,Esteban,Ocon,1047,2020,9,2.0,Esteban Ocon
840,Lance,Stroll,1047,2020,10,1.0,Lance Stroll
826,Daniil,Kvyat,1047,2020,11,0.0,Daniil Kvyat
8,Kimi,Räikkönen,1047,2020,12,0.0,Kimi Räikkönen
844,Charles,Leclerc,1047,2020,13,0.0,Charles Leclerc
20,Sebastian,Vettel,1047,2020,14,0.0,Sebastian Vettel
847,George,Russell,1047,2020,15,0.0,George Russell
841,Antonio,Giovinazzi,1047,2020,16,0.0,Antonio Giovinazzi
849,Nicholas,Latifi,1047,2020,17,0.0,Nicholas Latifi
825,Kevin,Magnussen,1047,2020,18,0.0,Kevin Magnussen
850,Pietro,Fittipaldi,1047,2020,19,0.0,Pietro Fittipaldi
1,Lewis,Hamilton,1052,2021,1,25.0,Lewis Hamilton
830,Max,Verstappen,1052,2021,2,18.0,Max Verstappen
822,Valtteri,Bottas,1052,2021,3,16.0,Valtteri Bottas
846,Lando,Norris,1052,2021,4,12.0,Lando Norris
815,Sergio,Pérez,1052,2021,5,10.0,Sergio Pérez
844,Charles,Leclerc,1052,2021,6,8.0,Charles Leclerc
817,Daniel,Ricciardo,1052,2021,7,6.0,Daniel Ricciardo
832,Carlos,Sainz,1052,2021,8,4.0,Carlos Sainz
852,Yuki,Tsunoda,1052,2021,9,2.0,Yuki Tsunoda
840,Lance,Stroll,1052,2021,10,1.0,Lance Stroll
8,Kimi,Räikkönen,1052,2021,11,0.0,Kimi Räikkönen
841,Antonio,Giovinazzi,1052,2021,12,0.0,Antonio Giovinazzi
839,Esteban,Ocon,1052,2021,13,0.0,Esteban Ocon
847,George,Russell,1052,2021,14,0.0,George Russell
20,Sebastian,Vettel,1052,2021,15,0.0,Sebastian Vettel
854,Mick,Schumacher,1052,2021,16,0.0,Mick Schumacher
842,Pierre,Gasly,1052,2021,17,0.0,Pierre Gasly
849,Nicholas,Latifi,1052,2021,18,0.0,Nicholas Latifi
830,Max,Verstappen,1053,2021,1,25.0,Max Verstappen
1,Lewis,Hamilton,1053,2021,2,19.0,Lewis Hamilton
846,Lando,Norris,1053,2021,3,15.0,Lando Norris
844,Charles,Leclerc,1053,2021,4,12.0,Charles Leclerc
832,Carlos,Sainz,1053,2021,5,10.0,Carlos Sainz
817,Daniel,Ricciardo,1053,2021,6,8.0,Daniel Ricciardo
842,Pierre,Gasly,1053,2021,7,6.0,Pierre Gasly
840,Lance,Stroll,1053,2021,8,4.0,Lance Stroll
839,Esteban,Ocon,1053,2021,9,2.0,Esteban Ocon
4,Fernando,Alonso,1053,2021,10,1.0,Fernando Alonso
815,Sergio,Pérez,1053,2021,11,0.0,Sergio Pérez
852,Yuki,Tsunoda,1053,2021,12,0.0,Yuki Tsunoda
8,Kimi,Räikkönen,1053,2021,13,0.0,Kimi Räikkönen
841,Antonio,Giovinazzi,1053,2021,14,0.0,Antonio Giovinazzi
20,Sebastian,Vettel,1053,2021,15,0.0,Sebastian Vettel
854,Mick,Schumacher,1053,2021,16,0.0,Mick Schumacher
853,Nikita,Mazepin,1053,2021,17,0.0,Nikita Mazepin
1,Lewis,Hamilton,1054,2021,1,25.0,Lewis Hamilton
830,Max,Verstappen,1054,2021,2,18.0,Max Verstappen
822,Valtteri,Bottas,1054,2021,3,16.0,Valtteri Bottas
815,Sergio,Pérez,1054,2021,4,12.0,Sergio Pérez
846,Lando,Norris,1054,2021,5,10.0,Lando Norris
844,Charles,Leclerc,1054,2021,6,8.0,Charles Leclerc
839,Esteban,Ocon,1054,2021,7,6.0,Esteban Ocon
4,Fernando,Alonso,1054,2021,8,4.0,Fernando Alonso
817,Daniel,Ricciardo,1054,2021,9,2.0,Daniel Ricciardo
842,Pierre,Gasly,1054,2021,10,1.0,Pierre Gasly
832,Carlos,Sainz,1054,2021,11,0.0,Carlos Sainz
841,Antonio,Giovinazzi,1054,2021,12,0.0,Antonio Giovinazzi
20,Sebastian,Vettel,1054,2021,13,0.0,Sebastian Vettel
840,Lance,Stroll,1054,2021,14,0.0,Lance Stroll
852,Yuki,Tsunoda,1054,2021,15,0.0,Yuki Tsunoda
847,George,Russell,1054,2021,16,0.0,George Russell
854,Mick,Schumacher,1054,2021,17,0.0,Mick Schumacher
849,Nicholas,Latifi,1054,2021,18,0.0,Nicholas Latifi
853,Nikita,Mazepin,1054,2021,19,0.0,Nikita Mazepin
1,Lewis,Hamilton,1055,2021,1,25.0,Lewis Hamilton
830,Max,Verstappen,1055,2021,2,19.0,Max Verstappen
822,Valtteri,Bottas,1055,2021,3,15.0,Valtteri Bottas
844,Charles,Leclerc,1055,2021,4,12.0,Charles Leclerc
815,Sergio,Pérez,1055,2021,5,10.0,Sergio Pérez
817,Daniel,Ricciardo,1055,2021,6,8.0,Daniel Ricciardo
832,Carlos,Sainz,1055,2021,7,6.0,Carlos Sainz
846,Lando,Norris,1055,2021,8,4.0,Lando Norris
839,Esteban,Ocon,1055,2021,9,2.0,Esteban Ocon
842,Pierre,Gasly,1055,2021,10,1.0,Pierre Gasly
840,Lance,Stroll,1055,2021,11,0.0,Lance Stroll
8,Kimi,Räikkönen,1055,2021,12,0.0,Kimi Räikkönen
20,Sebastian,Vettel,1055,2021,13,0.0,Sebastian Vettel
847,George,Russell,1055,2021,14,0.0,George Russell
841,Antonio,Giovinazzi,1055,2021,15,0.0,Antonio Giovinazzi
849,Nicholas,Latifi,1055,2021,16,0.0,Nicholas Latifi
4,Fernando,Alonso,1055,2021,17,0.0,Fernando Alonso
854,Mick,Schumacher,1055,2021,18,0.0,Mick Schumacher
853,Nikita,Mazepin,1055,2021,19,0.0,Nikita Mazepin
832,Carlos,Sainz,1056,2021,2,18.0,Carlos Sainz
830,Max,Verstappen,1056,2021,1,25.0,Max Verstappen
846,Lando,Norris,1056,2021,3,15.0,Lando Norris
815,Sergio,Pérez,1056,2021,4,12.0,Sergio Pérez
20,Sebastian,Vettel,1056,2021,5,10.0,Sebastian Vettel
842,Pierre,Gasly,1056,2021,6,8.0,Pierre Gasly
1,Lewis,Hamilton,1056,2021,7,7.0,Lewis Hamilton
840,Lance,Stroll,1056,2021,8,4.0,Lance Stroll
839,Esteban,Ocon,1056,2021,9,2.0,Esteban Ocon
841,Antonio,Giovinazzi,1056,2021,10,1.0,Antonio Giovinazzi
8,Kimi,Räikkönen,1056,2021,11,0.0,Kimi Räikkönen
817,Daniel,Ricciardo,1056,2021,12,0.0,Daniel Ricciardo
4,Fernando,Alonso,1056,2021,13,0.0,Fernando Alonso
847,George,Russell,1056,2021,14,0.0,George Russell
849,Nicholas,Latifi,1056,2021,15,0.0,Nicholas Latifi
852,Yuki,Tsunoda,1056,2021,16,0.0,Yuki Tsunoda
853,Nikita,Mazepin,1056,2021,17,0.0,Nikita Mazepin
854,Mick,Schumacher,1056,2021,18,0.0,Mick Schumacher
815,Sergio,Pérez,1057,2021,1,25.0,Sergio Pérez
20,Sebastian,Vettel,1057,2021,2,18.0,Sebastian Vettel
842,Pierre,Gasly,1057,2021,3,15.0,Pierre Gasly
844,Charles,Leclerc,1057,2021,4,12.0,Charles Leclerc
846,Lando,Norris,1057,2021,5,10.0,Lando Norris
4,Fernando,Alonso,1057,2021,6,8.0,Fernando Alonso
852,Yuki,Tsunoda,1057,2021,7,6.0,Yuki Tsunoda
832,Carlos,Sainz,1057,2021,8,4.0,Carlos Sainz
817,Daniel,Ricciardo,1057,2021,9,2.0,Daniel Ricciardo
8,Kimi,Räikkönen,1057,2021,10,1.0,Kimi Räikkönen
841,Antonio,Giovinazzi,1057,2021,11,0.0,Antonio Giovinazzi
822,Valtteri,Bottas,1057,2021,12,0.0,Valtteri Bottas
854,Mick,Schumacher,1057,2021,13,0.0,Mick Schumacher
853,Nikita,Mazepin,1057,2021,14,0.0,Nikita Mazepin
1,Lewis,Hamilton,1057,2021,15,0.0,Lewis Hamilton
849,Nicholas,Latifi,1057,2021,16,0.0,Nicholas Latifi
830,Max,Verstappen,1059,2021,1,26.0,Max Verstappen
1,Lewis,Hamilton,1059,2021,2,18.0,Lewis Hamilton
815,Sergio,Pérez,1059,2021,3,15.0,Sergio Pérez
822,Valtteri,Bottas,1059,2021,4,12.0,Valtteri Bottas
846,Lando,Norris,1059,2021,5,10.0,Lando Norris
817,Daniel,Ricciardo,1059,2021,6,8.0,Daniel Ricciardo
842,Pierre,Gasly,1059,2021,7,6.0,Pierre Gasly
4,Fernando,Alonso,1059,2021,8,4.0,Fernando Alonso
20,Sebastian,Vettel,1059,2021,9,2.0,Sebastian Vettel
840,Lance,Stroll,1059,2021,10,1.0,Lance Stroll
832,Carlos,Sainz,1059,2021,11,0.0,Carlos Sainz
847,George,Russell,1059,2021,12,0.0,George Russell
852,Yuki,Tsunoda,1059,2021,13,0.0,Yuki Tsunoda
839,Esteban,Ocon,1059,2021,14,0.0,Esteban Ocon
841,Antonio,Giovinazzi,1059,2021,15,0.0,Antonio Giovinazzi
844,Charles,Leclerc,1059,2021,16,0.0,Charles Leclerc
8,Kimi,Räikkönen,1059,2021,17,0.0,Kimi Räikkönen
849,Nicholas,Latifi,1059,2021,18,0.0,Nicholas Latifi
854,Mick,Schumacher,1059,2021,19,0.0,Mick Schumacher
853,Nikita,Mazepin,1059,2021,20,0.0,Nikita Mazepin
830,Max,Verstappen,1058,2021,1,25.0,Max Verstappen
1,Lewis,Hamilton,1058,2021,2,19.0,Lewis Hamilton
822,Valtteri,Bottas,1058,2021,3,15.0,Valtteri Bottas
815,Sergio,Pérez,1058,2021,4,12.0,Sergio Pérez
846,Lando,Norris,1058,2021,5,10.0,Lando Norris
832,Carlos,Sainz,1058,2021,6,8.0,Carlos Sainz
844,Charles,Leclerc,1058,2021,7,6.0,Charles Leclerc
840,Lance,Stroll,1058,2021,8,4.0,Lance Stroll
4,Fernando,Alonso,1058,2021,9,2.0,Fernando Alonso
852,Yuki,Tsunoda,1058,2021,10,1.0,Yuki Tsunoda
8,Kimi,Räikkönen,1058,2021,11,0.0,Kimi Räikkönen
20,Sebastian,Vettel,1058,2021,12,0.0,Sebastian Vettel
817,Daniel,Ricciardo,1058,2021,13,0.0,Daniel Ricciardo
839,Esteban,Ocon,1058,2021,14,0.0,Esteban Ocon
841,Antonio,Giovinazzi,1058,2021,15,0.0,Antonio Giovinazzi
854,Mick,Schumacher,1058,2021,16,0.0,Mick Schumacher
849,Nicholas,Latifi,1058,2021,17,0.0,Nicholas Latifi
853,Nikita,Mazepin,1058,2021,18,0.0,Nikita Mazepin
830,Max,Verstappen,1060,2021,1,26.0,Max Verstappen
822,Valtteri,Bottas,1060,2021,2,18.0,Valtteri Bottas
846,Lando,Norris,1060,2021,3,15.0,Lando Norris
1,Lewis,Hamilton,1060,2021,4,12.0,Lewis Hamilton
832,Carlos,Sainz,1060,2021,5,10.0,Carlos Sainz
815,Sergio,Pérez,1060,2021,6,8.0,Sergio Pérez
817,Daniel,Ricciardo,1060,2021,7,6.0,Daniel Ricciardo
844,Charles,Leclerc,1060,2021,8,4.0,Charles Leclerc
842,Pierre,Gasly,1060,2021,9,2.0,Pierre Gasly
4,Fernando,Alonso,1060,2021,10,1.0,Fernando Alonso
847,George,Russell,1060,2021,11,0.0,George Russell
852,Yuki,Tsunoda,1060,2021,12,0.0,Yuki Tsunoda
840,Lance,Stroll,1060,2021,13,0.0,Lance Stroll
841,Antonio,Giovinazzi,1060,2021,14,0.0,Antonio Giovinazzi
8,Kimi,Räikkönen,1060,2021,15,0.0,Kimi Räikkönen
849,Nicholas,Latifi,1060,2021,16,0.0,Nicholas Latifi
20,Sebastian,Vettel,1060,2021,17,0.0,Sebastian Vettel
854,Mick,Schumacher,1060,2021,18,0.0,Mick Schumacher
853,Nikita,Mazepin,1060,2021,19,0.0,Nikita Mazepin
1,Lewis,Hamilton,1061,2021,1,25.0,Lewis Hamilton
844,Charles,Leclerc,1061,2021,2,18.0,Charles Leclerc
822,Valtteri,Bottas,1061,2021,3,15.0,Valtteri Bottas
846,Lando,Norris,1061,2021,4,12.0,Lando Norris
817,Daniel,Ricciardo,1061,2021,5,10.0,Daniel Ricciardo
832,Carlos,Sainz,1061,2021,6,8.0,Carlos Sainz
4,Fernando,Alonso,1061,2021,7,6.0,Fernando Alonso
840,Lance,Stroll,1061,2021,8,4.0,Lance Stroll
839,Esteban,Ocon,1061,2021,9,2.0,Esteban Ocon
852,Yuki,Tsunoda,1061,2021,10,1.0,Yuki Tsunoda
842,Pierre,Gasly,1061,2021,11,0.0,Pierre Gasly
847,George,Russell,1061,2021,12,0.0,George Russell
841,Antonio,Giovinazzi,1061,2021,13,0.0,Antonio Giovinazzi
849,Nicholas,Latifi,1061,2021,14,0.0,Nicholas Latifi
8,Kimi,Räikkönen,1061,2021,15,0.0,Kimi Räikkönen
815,Sergio,Pérez,1061,2021,16,0.0,Sergio Pérez
853,Nikita,Mazepin,1061,2021,17,0.0,Nikita Mazepin
854,Mick,Schumacher,1061,2021,18,0.0,Mick Schumacher
839,Esteban,Ocon,1062,2021,1,25.0,Esteban Ocon
1,Lewis,Hamilton,1062,2021,2,18.0,Lewis Hamilton
832,Carlos,Sainz,1062,2021,3,15.0,Carlos Sainz
4,Fernando,Alonso,1062,2021,4,12.0,Fernando Alonso
842,Pierre,Gasly,1062,2021,5,11.0,Pierre Gasly
852,Yuki,Tsunoda,1062,2021,6,8.0,Yuki Tsunoda
849,Nicholas,Latifi,1062,2021,7,6.0,Nicholas Latifi
847,George,Russell,1062,2021,8,4.0,George Russell
830,Max,Verstappen,1062,2021,9,2.0,Max Verstappen
8,Kimi,Räikkönen,1062,2021,10,1.0,Kimi Räikkönen
817,Daniel,Ricciardo,1062,2021,11,0.0,Daniel Ricciardo
854,Mick,Schumacher,1062,2021,12,0.0,Mick Schumacher
841,Antonio,Giovinazzi,1062,2021,13,0.0,Antonio Giovinazzi
830,Max,Verstappen,1063,2021,1,12.5,Max Verstappen
847,George,Russell,1063,2021,2,9.0,George Russell
1,Lewis,Hamilton,1063,2021,3,7.5,Lewis Hamilton
817,Daniel,Ricciardo,1063,2021,4,6.0,Daniel Ricciardo
20,Sebastian,Vettel,1063,2021,5,5.0,Sebastian Vettel
842,Pierre,Gasly,1063,2021,6,4.0,Pierre Gasly
839,Esteban,Ocon,1063,2021,7,3.0,Esteban Ocon
844,Charles,Leclerc,1063,2021,8,2.0,Charles Leclerc
849,Nicholas,Latifi,1063,2021,9,1.0,Nicholas Latifi
832,Carlos,Sainz,1063,2021,10,0.5,Carlos Sainz
4,Fernando,Alonso,1063,2021,11,0.0,Fernando Alonso
822,Valtteri,Bottas,1063,2021,12,0.0,Valtteri Bottas
841,Antonio,Giovinazzi,1063,2021,13,0.0,Antonio Giovinazzi
846,Lando,Norris,1063,2021,14,0.0,Lando Norris
852,Yuki,Tsunoda,1063,2021,15,0.0,Yuki Tsunoda
854,Mick,Schumacher,1063,2021,16,0.0,Mick Schumacher
853,Nikita,Mazepin,1063,2021,17,0.0,Nikita Mazepin
8,Kimi,Räikkönen,1063,2021,18,0.0,Kimi Räikkönen
815,Sergio,Pérez,1063,2021,19,0.0,Sergio Pérez
840,Lance,Stroll,1063,2021,20,0.0,Lance Stroll
830,Max,Verstappen,1064,2021,1,25.0,Max Verstappen
1,Lewis,Hamilton,1064,2021,2,19.0,Lewis Hamilton
822,Valtteri,Bottas,1064,2021,3,15.0,Valtteri Bottas
842,Pierre,Gasly,1064,2021,4,12.0,Pierre Gasly
844,Charles,Leclerc,1064,2021,5,10.0,Charles Leclerc
4,Fernando,Alonso,1064,2021,6,8.0,Fernando Alonso
832,Carlos,Sainz,1064,2021,7,6.0,Carlos Sainz
815,Sergio,Pérez,1064,2021,8,4.0,Sergio Pérez
839,Esteban,Ocon,1064,2021,9,2.0,Esteban Ocon
846,Lando,Norris,1064,2021,10,1.0,Lando Norris
817,Daniel,Ricciardo,1064,2021,11,0.0,Daniel Ricciardo
840,Lance,Stroll,1064,2021,12,0.0,Lance Stroll
20,Sebastian,Vettel,1064,2021,13,0.0,Sebastian Vettel
841,Antonio,Giovinazzi,1064,2021,14,0.0,Antonio Giovinazzi
9,Robert,Kubica,1064,2021,15,0.0,Robert Kubica
849,Nicholas,Latifi,1064,2021,16,0.0,Nicholas Latifi
847,George,Russell,1064,2021,17,0.0,George Russell
854,Mick,Schumacher,1064,2021,18,0.0,Mick Schumacher
817,Daniel,Ricciardo,1065,2021,1,26.0,Daniel Ricciardo
846,Lando,Norris,1065,2021,2,18.0,Lando Norris
822,Valtteri,Bottas,1065,2021,3,15.0,Valtteri Bottas
844,Charles,Leclerc,1065,2021,4,12.0,Charles Leclerc
815,Sergio,Pérez,1065,2021,5,10.0,Sergio Pérez
832,Carlos,Sainz,1065,2021,6,8.0,Carlos Sainz
840,Lance,Stroll,1065,2021,7,6.0,Lance Stroll
4,Fernando,Alonso,1065,2021,8,4.0,Fernando Alonso
847,George,Russell,1065,2021,9,2.0,George Russell
839,Esteban,Ocon,1065,2021,10,1.0,Esteban Ocon
849,Nicholas,Latifi,1065,2021,11,0.0,Nicholas Latifi
20,Sebastian,Vettel,1065,2021,12,0.0,Sebastian Vettel
841,Antonio,Giovinazzi,1065,2021,13,0.0,Antonio Giovinazzi
9,Robert,Kubica,1065,2021,14,0.0,Robert Kubica
854,Mick,Schumacher,1065,2021,15,0.0,Mick Schumacher
1,Lewis,Hamilton,1066,2021,1,25.0,Lewis Hamilton
830,Max,Verstappen,1066,2021,2,18.0,Max Verstappen
832,Carlos,Sainz,1066,2021,3,15.0,Carlos Sainz
817,Daniel,Ricciardo,1066,2021,4,12.0,Daniel Ricciardo
822,Valtteri,Bottas,1066,2021,5,10.0,Valtteri Bottas
4,Fernando,Alonso,1066,2021,6,8.0,Fernando Alonso
846,Lando,Norris,1066,2021,7,7.0,Lando Norris
8,Kimi,Räikkönen,1066,2021,8,4.0,Kimi Räikkönen
815,Sergio,Pérez,1066,2021,9,2.0,Sergio Pérez
847,George,Russell,1066,2021,10,1.0,George Russell
840,Lance,Stroll,1066,2021,11,0.0,Lance Stroll
20,Sebastian,Vettel,1066,2021,12,0.0,Sebastian Vettel
842,Pierre,Gasly,1066,2021,13,0.0,Pierre Gasly
839,Esteban,Ocon,1066,2021,14,0.0,Esteban Ocon
844,Charles,Leclerc,1066,2021,15,0.0,Charles Leclerc
841,Antonio,Giovinazzi,1066,2021,16,0.0,Antonio Giovinazzi
852,Yuki,Tsunoda,1066,2021,17,0.0,Yuki Tsunoda
853,Nikita,Mazepin,1066,2021,18,0.0,Nikita Mazepin
849,Nicholas,Latifi,1066,2021,19,0.0,Nicholas Latifi
822,Valtteri,Bottas,1067,2021,1,26.0,Valtteri Bottas
830,Max,Verstappen,1067,2021,2,18.0,Max Verstappen
815,Sergio,Pérez,1067,2021,3,15.0,Sergio Pérez
844,Charles,Leclerc,1067,2021,4,12.0,Charles Leclerc
1,Lewis,Hamilton,1067,2021,5,10.0,Lewis Hamilton
842,Pierre,Gasly,1067,2021,6,8.0,Pierre Gasly
846,Lando,Norris,1067,2021,7,6.0,Lando Norris
832,Carlos,Sainz,1067,2021,8,4.0,Carlos Sainz
840,Lance,Stroll,1067,2021,9,2.0,Lance Stroll
839,Esteban,Ocon,1067,2021,10,1.0,Esteban Ocon
841,Antonio,Giovinazzi,1067,2021,11,0.0,Antonio Giovinazzi
8,Kimi,Räikkönen,1067,2021,12,0.0,Kimi Räikkönen
817,Daniel,Ricciardo,1067,2021,13,0.0,Daniel Ricciardo
852,Yuki,Tsunoda,1067,2021,14,0.0,Yuki Tsunoda
847,George,Russell,1067,2021,15,0.0,George Russell
4,Fernando,Alonso,1067,2021,16,0.0,Fernando Alonso
849,Nicholas,Latifi,1067,2021,17,0.0,Nicholas Latifi
20,Sebastian,Vettel,1067,2021,18,0.0,Sebastian Vettel
854,Mick,Schumacher,1067,2021,19,0.0,Mick Schumacher
853,Nikita,Mazepin,1067,2021,20,0.0,Nikita Mazepin
830,Max,Verstappen,1069,2021,1,25.0,Max Verstappen
1,Lewis,Hamilton,1069,2021,2,19.0,Lewis Hamilton
815,Sergio,Pérez,1069,2021,3,15.0,Sergio Pérez
844,Charles,Leclerc,1069,2021,4,12.0,Charles Leclerc
817,Daniel,Ricciardo,1069,2021,5,10.0,Daniel Ricciardo
822,Valtteri,Bottas,1069,2021,6,8.0,Valtteri Bottas
832,Carlos,Sainz,1069,2021,7,6.0,Carlos Sainz
846,Lando,Norris,1069,2021,8,4.0,Lando Norris
852,Yuki,Tsunoda,1069,2021,9,2.0,Yuki Tsunoda
20,Sebastian,Vettel,1069,2021,10,1.0,Sebastian Vettel
841,Antonio,Giovinazzi,1069,2021,11,0.0,Antonio Giovinazzi
840,Lance,Stroll,1069,2021,12,0.0,Lance Stroll
8,Kimi,Räikkönen,1069,2021,13,0.0,Kimi Räikkönen
847,George,Russell,1069,2021,14,0.0,George Russell
849,Nicholas,Latifi,1069,2021,15,0.0,Nicholas Latifi
854,Mick,Schumacher,1069,2021,16,0.0,Mick Schumacher
853,Nikita,Mazepin,1069,2021,17,0.0,Nikita Mazepin
830,Max,Verstappen,1070,2021,1,25.0,Max Verstappen
1,Lewis,Hamilton,1070,2021,2,18.0,Lewis Hamilton
815,Sergio,Pérez,1070,2021,3,15.0,Sergio Pérez
842,Pierre,Gasly,1070,2021,4,12.0,Pierre Gasly
844,Charles,Leclerc,1070,2021,5,10.0,Charles Leclerc
832,Carlos,Sainz,1070,2021,6,8.0,Carlos Sainz
20,Sebastian,Vettel,1070,2021,7,6.0,Sebastian Vettel
8,Kimi,Räikkönen,1070,2021,8,4.0,Kimi Räikkönen
4,Fernando,Alonso,1070,2021,9,2.0,Fernando Alonso
846,Lando,Norris,1070,2021,10,1.0,Lando Norris
841,Antonio,Giovinazzi,1070,2021,11,0.0,Antonio Giovinazzi
817,Daniel,Ricciardo,1070,2021,12,0.0,Daniel Ricciardo
839,Esteban,Ocon,1070,2021,13,0.0,Esteban Ocon
840,Lance,Stroll,1070,2021,14,0.0,Lance Stroll
822,Valtteri,Bottas,1070,2021,15,0.0,Valtteri Bottas
847,George,Russell,1070,2021,16,0.0,George Russell
849,Nicholas,Latifi,1070,2021,17,0.0,Nicholas Latifi
853,Nikita,Mazepin,1070,2021,18,0.0,Nikita Mazepin
1,Lewis,Hamilton,1071,2021,1,25.0,Lewis Hamilton
830,Max,Verstappen,1071,2021,2,18.0,Max Verstappen
822,Valtteri,Bottas,1071,2021,3,15.0,Valtteri Bottas
815,Sergio,Pérez,1071,2021,4,13.0,Sergio Pérez
844,Charles,Leclerc,1071,2021,5,10.0,Charles Leclerc
832,Carlos,Sainz,1071,2021,6,8.0,Carlos Sainz
842,Pierre,Gasly,1071,2021,7,6.0,Pierre Gasly
839,Esteban,Ocon,1071,2021,8,4.0,Esteban Ocon
4,Fernando,Alonso,1071,2021,9,2.0,Fernando Alonso
846,Lando,Norris,1071,2021,10,1.0,Lando Norris
20,Sebastian,Vettel,1071,2021,11,0.0,Sebastian Vettel
8,Kimi,Räikkönen,1071,2021,12,0.0,Kimi Räikkönen
847,George,Russell,1071,2021,13,0.0,George Russell
841,Antonio,Giovinazzi,1071,2021,14,0.0,Antonio Giovinazzi
852,Yuki,Tsunoda,1071,2021,15,0.0,Yuki Tsunoda
849,Nicholas,Latifi,1071,2021,16,0.0,Nicholas Latifi
853,Nikita,Mazepin,1071,2021,17,0.0,Nikita Mazepin
854,Mick,Schumacher,1071,2021,18,0.0,Mick Schumacher
1,Lewis,Hamilton,1051,2021,1,25.0,Lewis Hamilton
830,Max,Verstappen,1051,2021,2,19.0,Max Verstappen
4,Fernando,Alonso,1051,2021,3,15.0,Fernando Alonso
815,Sergio,Pérez,1051,2021,4,12.0,Sergio Pérez
839,Esteban,Ocon,1051,2021,5,10.0,Esteban Ocon
840,Lance,Stroll,1051,2021,6,8.0,Lance Stroll
832,Carlos,Sainz,1051,2021,7,6.0,Carlos Sainz
844,Charles,Leclerc,1051,2021,8,4.0,Charles Leclerc
846,Lando,Norris,1051,2021,9,2.0,Lando Norris
20,Sebastian,Vettel,1051,2021,10,1.0,Sebastian Vettel
842,Pierre,Gasly,1051,2021,11,0.0,Pierre Gasly
817,Daniel,Ricciardo,1051,2021,12,0.0,Daniel Ricciardo
852,Yuki,Tsunoda,1051,2021,13,0.0,Yuki Tsunoda
8,Kimi,Räikkönen,1051,2021,14,0.0,Kimi Räikkönen
841,Antonio,Giovinazzi,1051,2021,15,0.0,Antonio Giovinazzi
854,Mick,Schumacher,1051,2021,16,0.0,Mick Schumacher
847,George,Russell,1051,2021,17,0.0,George Russell
853,Nikita,Mazepin,1051,2021,18,0.0,Nikita Mazepin
1,Lewis,Hamilton,1072,2021,1,26.0,Lewis Hamilton
830,Max,Verstappen,1072,2021,2,18.0,Max Verstappen
822,Valtteri,Bottas,1072,2021,3,15.0,Valtteri Bottas
839,Esteban,Ocon,1072,2021,4,12.0,Esteban Ocon
817,Daniel,Ricciardo,1072,2021,5,10.0,Daniel Ricciardo
842,Pierre,Gasly,1072,2021,6,8.0,Pierre Gasly
844,Charles,Leclerc,1072,2021,7,6.0,Charles Leclerc
832,Carlos,Sainz,1072,2021,8,4.0,Carlos Sainz
841,Antonio,Giovinazzi,1072,2021,9,2.0,Antonio Giovinazzi
846,Lando,Norris,1072,2021,10,1.0,Lando Norris
840,Lance,Stroll,1072,2021,11,0.0,Lance Stroll
849,Nicholas,Latifi,1072,2021,12,0.0,Nicholas Latifi
4,Fernando,Alonso,1072,2021,13,0.0,Fernando Alonso
852,Yuki,Tsunoda,1072,2021,14,0.0,Yuki Tsunoda
8,Kimi,Räikkönen,1072,2021,15,0.0,Kimi Räikkönen
830,Max,Verstappen,1073,2021,1,26.0,Max Verstappen
1,Lewis,Hamilton,1073,2021,2,18.0,Lewis Hamilton
832,Carlos,Sainz,1073,2021,3,15.0,Carlos Sainz
852,Yuki,Tsunoda,1073,2021,4,12.0,Yuki Tsunoda
842,Pierre,Gasly,1073,2021,5,10.0,Pierre Gasly
822,Valtteri,Bottas,1073,2021,6,8.0,Valtteri Bottas
846,Lando,Norris,1073,2021,7,6.0,Lando Norris
4,Fernando,Alonso,1073,2021,8,4.0,Fernando Alonso
839,Esteban,Ocon,1073,2021,9,2.0,Esteban Ocon
844,Charles,Leclerc,1073,2021,10,1.0,Charles Leclerc
20,Sebastian,Vettel,1073,2021,11,0.0,Sebastian Vettel
817,Daniel,Ricciardo,1073,2021,12,0.0,Daniel Ricciardo
840,Lance,Stroll,1073,2021,13,0.0,Lance Stroll
854,Mick,Schumacher,1073,2021,14,0.0,Mick Schumacher
815,Sergio,Pérez,1073,2021,15,0.0,Sergio Pérez
844,Charles,Leclerc,1074,2022,1,26.0,Charles Leclerc
832,Carlos,Sainz,1074,2022,2,18.0,Carlos Sainz
1,Lewis,Hamilton,1074,2022,3,15.0,Lewis Hamilton
847,George,Russell,1074,2022,4,12.0,George Russell
825,Kevin,Magnussen,1074,2022,5,10.0,Kevin Magnussen
822,Valtteri,Bottas,1074,2022,6,8.0,Valtteri Bottas
839,Esteban,Ocon,1074,2022,7,6.0,Esteban Ocon
852,Yuki,Tsunoda,1074,2022,8,4.0,Yuki Tsunoda
4,Fernando,Alonso,1074,2022,9,2.0,Fernando Alonso
855,Guanyu,Zhou,1074,2022,10,1.0,Guanyu Zhou
854,Mick,Schumacher,1074,2022,11,0.0,Mick Schumacher
840,Lance,Stroll,1074,2022,12,0.0,Lance Stroll
848,Alexander,Albon,1074,2022,13,0.0,Alexander Albon
817,Daniel,Ricciardo,1074,2022,14,0.0,Daniel Ricciardo
846,Lando,Norris,1074,2022,15,0.0,Lando Norris
849,Nicholas,Latifi,1074,2022,16,0.0,Nicholas Latifi
807,Nico,Hülkenberg,1074,2022,17,0.0,Nico Hülkenberg
815,Sergio,Pérez,1074,2022,18,0.0,Sergio Pérez
830,Max,Verstappen,1074,2022,19,0.0,Max Verstappen
830,Max,Verstappen,1075,2022,1,25.0,Max Verstappen
844,Charles,Leclerc,1075,2022,2,19.0,Charles Leclerc
832,Carlos,Sainz,1075,2022,3,15.0,Carlos Sainz
815,Sergio,Pérez,1075,2022,4,12.0,Sergio Pérez
847,George,Russell,1075,2022,5,10.0,George Russell
839,Esteban,Ocon,1075,2022,6,8.0,Esteban Ocon
846,Lando,Norris,1075,2022,7,6.0,Lando Norris
842,Pierre,Gasly,1075,2022,8,4.0,Pierre Gasly
825,Kevin,Magnussen,1075,2022,9,2.0,Kevin Magnussen
1,Lewis,Hamilton,1075,2022,10,1.0,Lewis Hamilton
855,Guanyu,Zhou,1075,2022,11,0.0,Guanyu Zhou
807,Nico,Hülkenberg,1075,2022,12,0.0,Nico Hülkenberg
840,Lance,Stroll,1075,2022,13,0.0,Lance Stroll
848,Alexander,Albon,1075,2022,14,0.0,Alexander Albon
844,Charles,Leclerc,1076,2022,1,26.0,Charles Leclerc
815,Sergio,Pérez,1076,2022,2,18.0,Sergio Pérez
847,George,Russell,1076,2022,3,15.0,George Russell
1,Lewis,Hamilton,1076,2022,4,12.0,Lewis Hamilton
846,Lando,Norris,1076,2022,5,10.0,Lando Norris
817,Daniel,Ricciardo,1076,2022,6,8.0,Daniel Ricciardo
839,Esteban,Ocon,1076,2022,7,6.0,Esteban Ocon
822,Valtteri,Bottas,1076,2022,8,4.0,Valtteri Bottas
842,Pierre,Gasly,1076,2022,9,2.0,Pierre Gasly
848,Alexander,Albon,1076,2022,10,1.0,Alexander Albon
855,Guanyu,Zhou,1076,2022,11,0.0,Guanyu Zhou
840,Lance,Stroll,1076,2022,12,0.0,Lance Stroll
854,Mick,Schumacher,1076,2022,13,0.0,Mick Schumacher
825,Kevin,Magnussen,1076,2022,14,0.0,Kevin Magnussen
852,Yuki,Tsunoda,1076,2022,15,0.0,Yuki Tsunoda
849,Nicholas,Latifi,1076,2022,16,0.0,Nicholas Latifi
4,Fernando,Alonso,1076,2022,17,0.0,Fernando Alonso
830,Max,Verstappen,1077,2022,1,26.0,Max Verstappen
815,Sergio,Pérez,1077,2022,2,18.0,Sergio Pérez
846,Lando,Norris,1077,2022,3,15.0,Lando Norris
847,George,Russell,1077,2022,4,12.0,George Russell
822,Valtteri,Bottas,1077,2022,5,10.0,Valtteri Bottas
844,Charles,Leclerc,1077,2022,6,8.0,Charles Leclerc
852,Yuki,Tsunoda,1077,2022,7,6.0,Yuki Tsunoda
20,Sebastian,Vettel,1077,2022,8,4.0,Sebastian Vettel
825,Kevin,Magnussen,1077,2022,9,2.0,Kevin Magnussen
840,Lance,Stroll,1077,2022,10,1.0,Lance Stroll
848,Alexander,Albon,1077,2022,11,0.0,Alexander Albon
842,Pierre,Gasly,1077,2022,12,0.0,Pierre Gasly
1,Lewis,Hamilton,1077,2022,13,0.0,Lewis Hamilton
839,Esteban,Ocon,1077,2022,14,0.0,Esteban Ocon
855,Guanyu,Zhou,1077,2022,15,0.0,Guanyu Zhou
849,Nicholas,Latifi,1077,2022,16,0.0,Nicholas Latifi
854,Mick,Schumacher,1077,2022,17,0.0,Mick Schumacher
817,Daniel,Ricciardo,1077,2022,18,0.0,Daniel Ricciardo
830,Max,Verstappen,1078,2022,1,26.0,Max Verstappen
844,Charles,Leclerc,1078,2022,2,18.0,Charles Leclerc
832,Carlos,Sainz,1078,2022,3,15.0,Carlos Sainz
815,Sergio,Pérez,1078,2022,4,12.0,Sergio Pérez
847,George,Russell,1078,2022,5,10.0,George Russell
1,Lewis,Hamilton,1078,2022,6,8.0,Lewis Hamilton
822,Valtteri,Bottas,1078,2022,7,6.0,Valtteri Bottas
839,Esteban,Ocon,1078,2022,8,4.0,Esteban Ocon
848,Alexander,Albon,1078,2022,9,2.0,Alexander Albon
840,Lance,Stroll,1078,2022,10,1.0,Lance Stroll
4,Fernando,Alonso,1078,2022,11,0.0,Fernando Alonso
852,Yuki,Tsunoda,1078,2022,12,0.0,Yuki Tsunoda
817,Daniel,Ricciardo,1078,2022,13,0.0,Daniel Ricciardo
849,Nicholas,Latifi,1078,2022,14,0.0,Nicholas Latifi
854,Mick,Schumacher,1078,2022,15,0.0,Mick Schumacher
825,Kevin,Magnussen,1078,2022,16,0.0,Kevin Magnussen
20,Sebastian,Vettel,1078,2022,17,0.0,Sebastian Vettel
830,Max,Verstappen,1079,2022,1,25.0,Max Verstappen
815,Sergio,Pérez,1079,2022,2,19.0,Sergio Pérez
847,George,Russell,1079,2022,3,15.0,George Russell
832,Carlos,Sainz,1079,2022,4,12.0,Carlos Sainz
1,Lewis,Hamilton,1079,2022,5,10.0,Lewis Hamilton
822,Valtteri,Bottas,1079,2022,6,8.0,Valtteri Bottas
839,Esteban,Ocon,1079,2022,7,6.0,Esteban Ocon
846,Lando,Norris,1079,2022,8,4.0,Lando Norris
4,Fernando,Alonso,1079,2022,9,2.0,Fernando Alonso
852,Yuki,Tsunoda,1079,2022,10,1.0,Yuki Tsunoda
20,Sebastian,Vettel,1079,2022,11,0.0,Sebastian Vettel
817,Daniel,Ricciardo,1079,2022,12,0.0,Daniel Ricciardo
842,Pierre,Gasly,1079,2022,13,0.0,Pierre Gasly
854,Mick,Schumacher,1079,2022,14,0.0,Mick Schumacher
840,Lance,Stroll,1079,2022,15,0.0,Lance Stroll
849,Nicholas,Latifi,1079,2022,16,0.0,Nicholas Latifi
825,Kevin,Magnussen,1079,2022,17,0.0,Kevin Magnussen
848,Alexander,Albon,1079,2022,18,0.0,Alexander Albon
815,Sergio,Pérez,1080,2022,1,25.0,Sergio Pérez
832,Carlos,Sainz,1080,2022,2,18.0,Carlos Sainz
830,Max,Verstappen,1080,2022,3,15.0,Max Verstappen
844,Charles,Leclerc,1080,2022,4,12.0,Charles Leclerc
847,George,Russell,1080,2022,5,10.0,George Russell
846,Lando,Norris,1080,2022,6,9.0,Lando Norris
4,Fernando,Alonso,1080,2022,7,6.0,Fernando Alonso
1,Lewis,Hamilton,1080,2022,8,4.0,Lewis Hamilton
822,Valtteri,Bottas,1080,2022,9,2.0,Valtteri Bottas
20,Sebastian,Vettel,1080,2022,10,1.0,Sebastian Vettel
842,Pierre,Gasly,1080,2022,11,0.0,Pierre Gasly
839,Esteban,Ocon,1080,2022,12,0.0,Esteban Ocon
817,Daniel,Ricciardo,1080,2022,13,0.0,Daniel Ricciardo
840,Lance,Stroll,1080,2022,14,0.0,Lance Stroll
849,Nicholas,Latifi,1080,2022,15,0.0,Nicholas Latifi
855,Guanyu,Zhou,1080,2022,16,0.0,Guanyu Zhou
852,Yuki,Tsunoda,1080,2022,17,0.0,Yuki Tsunoda
830,Max,Verstappen,1081,2022,1,25.0,Max Verstappen
815,Sergio,Pérez,1081,2022,2,19.0,Sergio Pérez
847,George,Russell,1081,2022,3,15.0,George Russell
1,Lewis,Hamilton,1081,2022,4,12.0,Lewis Hamilton
842,Pierre,Gasly,1081,2022,5,10.0,Pierre Gasly
20,Sebastian,Vettel,1081,2022,6,8.0,Sebastian Vettel
4,Fernando,Alonso,1081,2022,7,6.0,Fernando Alonso
817,Daniel,Ricciardo,1081,2022,8,4.0,Daniel Ricciardo
846,Lando,Norris,1081,2022,9,2.0,Lando Norris
839,Esteban,Ocon,1081,2022,10,1.0,Esteban Ocon
822,Valtteri,Bottas,1081,2022,11,0.0,Valtteri Bottas
848,Alexander,Albon,1081,2022,12,0.0,Alexander Albon
852,Yuki,Tsunoda,1081,2022,13,0.0,Yuki Tsunoda
854,Mick,Schumacher,1081,2022,14,0.0,Mick Schumacher
849,Nicholas,Latifi,1081,2022,15,0.0,Nicholas Latifi
840,Lance,Stroll,1081,2022,16,0.0,Lance Stroll
830,Max,Verstappen,1082,2022,1,25.0,Max Verstappen
832,Carlos,Sainz,1082,2022,2,19.0,Carlos Sainz
1,Lewis,Hamilton,1082,2022,3,15.0,Lewis Hamilton
847,George,Russell,1082,2022,4,12.0,George Russell
844,Charles,Leclerc,1082,2022,5,10.0,Charles Leclerc
839,Esteban,Ocon,1082,2022,6,8.0,Esteban Ocon
822,Valtteri,Bottas,1082,2022,7,6.0,Valtteri Bottas
855,Guanyu,Zhou,1082,2022,8,4.0,Guanyu Zhou
4,Fernando,Alonso,1082,2022,9,2.0,Fernando Alonso
840,Lance,Stroll,1082,2022,10,1.0,Lance Stroll
817,Daniel,Ricciardo,1082,2022,11,0.0,Daniel Ricciardo
20,Sebastian,Vettel,1082,2022,12,0.0,Sebastian Vettel
848,Alexander,Albon,1082,2022,13,0.0,Alexander Albon
842,Pierre,Gasly,1082,2022,14,0.0,Pierre Gasly
846,Lando,Norris,1082,2022,15,0.0,Lando Norris
849,Nicholas,Latifi,1082,2022,16,0.0,Nicholas Latifi
825,Kevin,Magnussen,1082,2022,17,0.0,Kevin Magnussen
832,Carlos,Sainz,1083,2022,1,25.0,Carlos Sainz
815,Sergio,Pérez,1083,2022,2,18.0,Sergio Pérez
1,Lewis,Hamilton,1083,2022,3,16.0,Lewis Hamilton
844,Charles,Leclerc,1083,2022,4,12.0,Charles Leclerc
4,Fernando,Alonso,1083,2022,5,10.0,Fernando Alonso
846,Lando,Norris,1083,2022,6,8.0,Lando Norris
830,Max,Verstappen,1083,2022,7,6.0,Max Verstappen
854,Mick,Schumacher,1083,2022,8,4.0,Mick Schumacher
20,Sebastian,Vettel,1083,2022,9,2.0,Sebastian Vettel
825,Kevin,Magnussen,1083,2022,10,1.0,Kevin Magnussen
840,Lance,Stroll,1083,2022,11,0.0,Lance Stroll
849,Nicholas,Latifi,1083,2022,12,0.0,Nicholas Latifi
817,Daniel,Ricciardo,1083,2022,13,0.0,Daniel Ricciardo
852,Yuki,Tsunoda,1083,2022,14,0.0,Yuki Tsunoda
844,Charles,Leclerc,1084,2022,1,25.0,Charles Leclerc
830,Max,Verstappen,1084,2022,2,19.0,Max Verstappen
1,Lewis,Hamilton,1084,2022,3,15.0,Lewis Hamilton
847,George,Russell,1084,2022,4,12.0,George Russell
839,Esteban,Ocon,1084,2022,5,10.0,Esteban Ocon
854,Mick,Schumacher,1084,2022,6,8.0,Mick Schumacher
846,Lando,Norris,1084,2022,7,6.0,Lando Norris
825,Kevin,Magnussen,1084,2022,8,4.0,Kevin Magnussen
817,Daniel,Ricciardo,1084,2022,9,2.0,Daniel Ricciardo
4,Fernando,Alonso,1084,2022,10,1.0,Fernando Alonso
822,Valtteri,Bottas,1084,2022,11,0.0,Valtteri Bottas
848,Alexander,Albon,1084,2022,12,0.0,Alexander Albon
840,Lance,Stroll,1084,2022,13,0.0,Lance Stroll
855,Guanyu,Zhou,1084,2022,14,0.0,Guanyu Zhou
842,Pierre,Gasly,1084,2022,15,0.0,Pierre Gasly
852,Yuki,Tsunoda,1084,2022,16,0.0,Yuki Tsunoda
20,Sebastian,Vettel,1084,2022,17,0.0,Sebastian Vettel
830,Max,Verstappen,1085,2022,1,25.0,Max Verstappen
1,Lewis,Hamilton,1085,2022,2,18.0,Lewis Hamilton
847,George,Russell,1085,2022,3,15.0,George Russell
815,Sergio,Pérez,1085,2022,4,12.0,Sergio Pérez
832,Carlos,Sainz,1085,2022,5,11.0,Carlos Sainz
4,Fernando,Alonso,1085,2022,6,8.0,Fernando Alonso
846,Lando,Norris,1085,2022,7,6.0,Lando Norris
839,Esteban,Ocon,1085,2022,8,4.0,Esteban Ocon
817,Daniel,Ricciardo,1085,2022,9,2.0,Daniel Ricciardo
840,Lance,Stroll,1085,2022,10,1.0,Lance Stroll
20,Sebastian,Vettel,1085,2022,11,0.0,Sebastian Vettel
842,Pierre,Gasly,1085,2022,12,0.0,Pierre Gasly
848,Alexander,Albon,1085,2022,13,0.0,Alexander Albon
822,Valtteri,Bottas,1085,2022,14,0.0,Valtteri Bottas
854,Mick,Schumacher,1085,2022,15,0.0,Mick Schumacher
855,Guanyu,Zhou,1085,2022,16,0.0,Guanyu Zhou
830,Max,Verstappen,1086,2022,1,25.0,Max Verstappen
1,Lewis,Hamilton,1086,2022,2,19.0,Lewis Hamilton
847,George,Russell,1086,2022,3,15.0,George Russell
832,Carlos,Sainz,1086,2022,4,12.0,Carlos Sainz
815,Sergio,Pérez,1086,2022,5,10.0,Sergio Pérez
844,Charles,Leclerc,1086,2022,6,8.0,Charles Leclerc
846,Lando,Norris,1086,2022,7,6.0,Lando Norris
4,Fernando,Alonso,1086,2022,8,4.0,Fernando Alonso
839,Esteban,Ocon,1086,2022,9,2.0,Esteban Ocon
20,Sebastian,Vettel,1086,2022,10,1.0,Sebastian Vettel
840,Lance,Stroll,1086,2022,11,0.0,Lance Stroll
842,Pierre,Gasly,1086,2022,12,0.0,Pierre Gasly
855,Guanyu,Zhou,1086,2022,13,0.0,Guanyu Zhou
854,Mick,Schumacher,1086,2022,14,0.0,Mick Schumacher
817,Daniel,Ricciardo,1086,2022,15,0.0,Daniel Ricciardo
825,Kevin,Magnussen,1086,2022,16,0.0,Kevin Magnussen
848,Alexander,Albon,1086,2022,17,0.0,Alexander Albon
849,Nicholas,Latifi,1086,2022,18,0.0,Nicholas Latifi
852,Yuki,Tsunoda,1086,2022,19,0.0,Yuki Tsunoda
822,Valtteri,Bottas,1086,2022,20,0.0,Valtteri Bottas
830,Max,Verstappen,1087,2022,1,26.0,Max Verstappen
815,Sergio,Pérez,1087,2022,2,18.0,Sergio Pérez
832,Carlos,Sainz,1087,2022,3,15.0,Carlos Sainz
847,George,Russell,1087,2022,4,12.0,George Russell
4,Fernando,Alonso,1087,2022,5,10.0,Fernando Alonso
844,Charles,Leclerc,1087,2022,6,8.0,Charles Leclerc
839,Esteban,Ocon,1087,2022,7,6.0,Esteban Ocon
20,Sebastian,Vettel,1087,2022,8,4.0,Sebastian Vettel
842,Pierre,Gasly,1087,2022,9,2.0,Pierre Gasly
848,Alexander,Albon,1087,2022,10,1.0,Alexander Albon
840,Lance,Stroll,1087,2022,11,0.0,Lance Stroll
846,Lando,Norris,1087,2022,12,0.0,Lando Norris
852,Yuki,Tsunoda,1087,2022,13,0.0,Yuki Tsunoda
855,Guanyu,Zhou,1087,2022,14,0.0,Guanyu Zhou
817,Daniel,Ricciardo,1087,2022,15,0.0,Daniel Ricciardo
825,Kevin,Magnussen,1087,2022,16,0.0,Kevin Magnussen
854,Mick,Schumacher,1087,2022,17,0.0,Mick Schumacher
849,Nicholas,Latifi,1087,2022,18,0.0,Nicholas Latifi
830,Max,Verstappen,1088,2022,1,26.0,Max Verstappen
847,George,Russell,1088,2022,2,18.0,George Russell
844,Charles,Leclerc,1088,2022,3,15.0,Charles Leclerc
1,Lewis,Hamilton,1088,2022,4,12.0,Lewis Hamilton
815,Sergio,Pérez,1088,2022,5,10.0,Sergio Pérez
4,Fernando,Alonso,1088,2022,6,8.0,Fernando Alonso
846,Lando,Norris,1088,2022,7,6.0,Lando Norris
832,Carlos,Sainz,1088,2022,8,4.0,Carlos Sainz
839,Esteban,Ocon,1088,2022,9,2.0,Esteban Ocon
840,Lance,Stroll,1088,2022,10,1.0,Lance Stroll
842,Pierre,Gasly,1088,2022,11,0.0,Pierre Gasly
848,Alexander,Albon,1088,2022,12,0.0,Alexander Albon
854,Mick,Schumacher,1088,2022,13,0.0,Mick Schumacher
20,Sebastian,Vettel,1088,2022,14,0.0,Sebastian Vettel
825,Kevin,Magnussen,1088,2022,15,0.0,Kevin Magnussen
855,Guanyu,Zhou,1088,2022,16,0.0,Guanyu Zhou
817,Daniel,Ricciardo,1088,2022,17,0.0,Daniel Ricciardo
849,Nicholas,Latifi,1088,2022,18,0.0,Nicholas Latifi
830,Max,Verstappen,1089,2022,1,25.0,Max Verstappen
844,Charles,Leclerc,1089,2022,2,18.0,Charles Leclerc
847,George,Russell,1089,2022,3,15.0,George Russell
832,Carlos,Sainz,1089,2022,4,12.0,Carlos Sainz
1,Lewis,Hamilton,1089,2022,5,10.0,Lewis Hamilton
815,Sergio,Pérez,1089,2022,6,9.0,Sergio Pérez
846,Lando,Norris,1089,2022,7,6.0,Lando Norris
842,Pierre,Gasly,1089,2022,8,4.0,Pierre Gasly
856,Nyck,de Vries,1089,2022,9,2.0,Nyck de Vries
855,Guanyu,Zhou,1089,2022,10,1.0,Guanyu Zhou
839,Esteban,Ocon,1089,2022,11,0.0,Esteban Ocon
854,Mick,Schumacher,1089,2022,12,0.0,Mick Schumacher
822,Valtteri,Bottas,1089,2022,13,0.0,Valtteri Bottas
852,Yuki,Tsunoda,1089,2022,14,0.0,Yuki Tsunoda
849,Nicholas,Latifi,1089,2022,15,0.0,Nicholas Latifi
825,Kevin,Magnussen,1089,2022,16,0.0,Kevin Magnussen
815,Sergio,Pérez,1091,2022,1,25.0,Sergio Pérez
844,Charles,Leclerc,1091,2022,2,18.0,Charles Leclerc
832,Carlos,Sainz,1091,2022,3,15.0,Carlos Sainz
846,Lando,Norris,1091,2022,4,12.0,Lando Norris
817,Daniel,Ricciardo,1091,2022,5,10.0,Daniel Ricciardo
840,Lance,Stroll,1091,2022,6,8.0,Lance Stroll
830,Max,Verstappen,1091,2022,7,6.0,Max Verstappen
20,Sebastian,Vettel,1091,2022,8,4.0,Sebastian Vettel
1,Lewis,Hamilton,1091,2022,9,2.0,Lewis Hamilton
842,Pierre,Gasly,1091,2022,10,1.0,Pierre Gasly
822,Valtteri,Bottas,1091,2022,11,0.0,Valtteri Bottas
825,Kevin,Magnussen,1091,2022,12,0.0,Kevin Magnussen
854,Mick,Schumacher,1091,2022,13,0.0,Mick Schumacher
847,George,Russell,1091,2022,14,0.0,George Russell
830,Max,Verstappen,1092,2022,1,25.0,Max Verstappen
815,Sergio,Pérez,1092,2022,2,18.0,Sergio Pérez
844,Charles,Leclerc,1092,2022,3,15.0,Charles Leclerc
839,Esteban,Ocon,1092,2022,4,12.0,Esteban Ocon
1,Lewis,Hamilton,1092,2022,5,10.0,Lewis Hamilton
20,Sebastian,Vettel,1092,2022,6,8.0,Sebastian Vettel
4,Fernando,Alonso,1092,2022,7,6.0,Fernando Alonso
847,George,Russell,1092,2022,8,4.0,George Russell
849,Nicholas,Latifi,1092,2022,9,2.0,Nicholas Latifi
846,Lando,Norris,1092,2022,10,1.0,Lando Norris
817,Daniel,Ricciardo,1092,2022,11,0.0,Daniel Ricciardo
840,Lance,Stroll,1092,2022,12,0.0,Lance Stroll
852,Yuki,Tsunoda,1092,2022,13,0.0,Yuki Tsunoda
825,Kevin,Magnussen,1092,2022,14,0.0,Kevin Magnussen
822,Valtteri,Bottas,1092,2022,15,0.0,Valtteri Bottas
855,Guanyu,Zhou,1092,2022,16,0.0,Guanyu Zhou
854,Mick,Schumacher,1092,2022,17,0.0,Mick Schumacher
842,Pierre,Gasly,1092,2022,18,0.0,Pierre Gasly
830,Max,Verstappen,1093,2022,1,25.0,Max Verstappen
1,Lewis,Hamilton,1093,2022,2,18.0,Lewis Hamilton
844,Charles,Leclerc,1093,2022,3,15.0,Charles Leclerc
815,Sergio,Pérez,1093,2022,4,12.0,Sergio Pérez
847,George,Russell,1093,2022,5,11.0,George Russell
846,Lando,Norris,1093,2022,6,8.0,Lando Norris
4,Fernando,Alonso,1093,2022,7,6.0,Fernando Alonso
20,Sebastian,Vettel,1093,2022,8,4.0,Sebastian Vettel
825,Kevin,Magnussen,1093,2022,9,2.0,Kevin Magnussen
852,Yuki,Tsunoda,1093,2022,10,1.0,Yuki Tsunoda
839,Esteban,Ocon,1093,2022,11,0.0,Esteban Ocon
855,Guanyu,Zhou,1093,2022,12,0.0,Guanyu Zhou
848,Alexander,Albon,1093,2022,13,0.0,Alexander Albon
842,Pierre,Gasly,1093,2022,14,0.0,Pierre Gasly
854,Mick,Schumacher,1093,2022,15,0.0,Mick Schumacher
817,Daniel,Ricciardo,1093,2022,16,0.0,Daniel Ricciardo
849,Nicholas,Latifi,1093,2022,17,0.0,Nicholas Latifi
830,Max,Verstappen,1094,2022,1,25.0,Max Verstappen
1,Lewis,Hamilton,1094,2022,2,18.0,Lewis Hamilton
815,Sergio,Pérez,1094,2022,3,15.0,Sergio Pérez
847,George,Russell,1094,2022,4,13.0,George Russell
832,Carlos,Sainz,1094,2022,5,10.0,Carlos Sainz
844,Charles,Leclerc,1094,2022,6,8.0,Charles Leclerc
817,Daniel,Ricciardo,1094,2022,7,6.0,Daniel Ricciardo
839,Esteban,Ocon,1094,2022,8,4.0,Esteban Ocon
846,Lando,Norris,1094,2022,9,2.0,Lando Norris
822,Valtteri,Bottas,1094,2022,10,1.0,Valtteri Bottas
842,Pierre,Gasly,1094,2022,11,0.0,Pierre Gasly
848,Alexander,Albon,1094,2022,12,0.0,Alexander Albon
855,Guanyu,Zhou,1094,2022,13,0.0,Guanyu Zhou
20,Sebastian,Vettel,1094,2022,14,0.0,Sebastian Vettel
840,Lance,Stroll,1094,2022,15,0.0,Lance Stroll
854,Mick,Schumacher,1094,2022,16,0.0,Mick Schumacher
825,Kevin,Magnussen,1094,2022,17,0.0,Kevin Magnussen
849,Nicholas,Latifi,1094,2022,18,0.0,Nicholas Latifi
4,Fernando,Alonso,1094,2022,19,0.0,Fernando Alonso
847,George,Russell,1095,2022,1,26.0,George Russell
1,Lewis,Hamilton,1095,2022,2,18.0,Lewis Hamilton
832,Carlos,Sainz,1095,2022,3,15.0,Carlos Sainz
844,Charles,Leclerc,1095,2022,4,12.0,Charles Leclerc
4,Fernando,Alonso,1095,2022,5,10.0,Fernando Alonso
830,Max,Verstappen,1095,2022,6,8.0,Max Verstappen
815,Sergio,Pérez,1095,2022,7,6.0,Sergio Pérez
839,Esteban,Ocon,1095,2022,8,4.0,Esteban Ocon
822,Valtteri,Bottas,1095,2022,9,2.0,Valtteri Bottas
840,Lance,Stroll,1095,2022,10,1.0,Lance Stroll
20,Sebastian,Vettel,1095,2022,11,0.0,Sebastian Vettel
855,Guanyu,Zhou,1095,2022,12,0.0,Guanyu Zhou
854,Mick,Schumacher,1095,2022,13,0.0,Mick Schumacher
842,Pierre,Gasly,1095,2022,14,0.0,Pierre Gasly
848,Alexander,Albon,1095,2022,15,0.0,Alexander Albon
849,Nicholas,Latifi,1095,2022,16,0.0,Nicholas Latifi
852,Yuki,Tsunoda,1095,2022,17,0.0,Yuki Tsunoda
830,Max,Verstappen,1096,2022,1,25.0,Max Verstappen
844,Charles,Leclerc,1096,2022,2,18.0,Charles Leclerc
815,Sergio,Pérez,1096,2022,3,15.0,Sergio Pérez
832,Carlos,Sainz,1096,2022,4,12.0,Carlos Sainz
847,George,Russell,1096,2022,5,10.0,George Russell
846,Lando,Norris,1096,2022,6,9.0,Lando Norris
839,Esteban,Ocon,1096,2022,7,6.0,Esteban Ocon
840,Lance,Stroll,1096,2022,8,4.0,Lance Stroll
817,Daniel,Ricciardo,1096,2022,9,2.0,Daniel Ricciardo
20,Sebastian,Vettel,1096,2022,10,1.0,Sebastian Vettel
852,Yuki,Tsunoda,1096,2022,11,0.0,Yuki Tsunoda
855,Guanyu,Zhou,1096,2022,12,0.0,Guanyu Zhou
848,Alexander,Albon,1096,2022,13,0.0,Alexander Albon
842,Pierre,Gasly,1096,2022,14,0.0,Pierre Gasly
822,Valtteri,Bottas,1096,2022,15,0.0,Valtteri Bottas
854,Mick,Schumacher,1096,2022,16,0.0,Mick Schumacher
825,Kevin,Magnussen,1096,2022,17,0.0,Kevin Magnussen
1,Lewis,Hamilton,1096,2022,18,0.0,Lewis Hamilton
849,Nicholas,Latifi,1096,2022,19,0.0,Nicholas Latifi
830,Max,Verstappen,1098,2023,1,25.0,Max Verstappen
815,Sergio,Pérez,1098,2023,2,18.0,Sergio Pérez
4,Fernando,Alonso,1098,2023,3,15.0,Fernando Alonso
832,Carlos,Sainz,1098,2023,4,12.0,Carlos Sainz
1,Lewis,Hamilton,1098,2023,5,10.0,Lewis Hamilton
840,Lance,Stroll,1098,2023,6,8.0,Lance Stroll
847,George,Russell,1098,2023,7,6.0,George Russell
822,Valtteri,Bottas,1098,2023,8,4.0,Valtteri Bottas
842,Pierre,Gasly,1098,2023,9,2.0,Pierre Gasly
848,Alexander,Albon,1098,2023,10,1.0,Alexander Albon
852,Yuki,Tsunoda,1098,2023,11,0.0,Yuki Tsunoda
858,Logan,Sargeant,1098,2023,12,0.0,Logan Sargeant
825,Kevin,Magnussen,1098,2023,13,0.0,Kevin Magnussen
856,Nyck,de Vries,1098,2023,14,0.0,Nyck de Vries
807,Nico,Hülkenberg,1098,2023,15,0.0,Nico Hülkenberg
855,Guanyu,Zhou,1098,2023,16,0.0,Guanyu Zhou
846,Lando,Norris,1098,2023,17,0.0,Lando Norris
815,Sergio,Pérez,1099,2023,1,25.0,Sergio Pérez
830,Max,Verstappen,1099,2023,2,19.0,Max Verstappen
4,Fernando,Alonso,1099,2023,3,15.0,Fernando Alonso
847,George,Russell,1099,2023,4,12.0,George Russell
1,Lewis,Hamilton,1099,2023,5,10.0,Lewis Hamilton
832,Carlos,Sainz,1099,2023,6,8.0,Carlos Sainz
844,Charles,Leclerc,1099,2023,7,6.0,Charles Leclerc
839,Esteban,Ocon,1099,2023,8,4.0,Esteban Ocon
842,Pierre,Gasly,1099,2023,9,2.0,Pierre Gasly
825,Kevin,Magnussen,1099,2023,10,1.0,Kevin Magnussen
852,Yuki,Tsunoda,1099,2023,11,0.0,Yuki Tsunoda
807,Nico,Hülkenberg,1099,2023,12,0.0,Nico Hülkenberg
855,Guanyu,Zhou,1099,2023,13,0.0,Guanyu Zhou
856,Nyck,de Vries,1099,2023,14,0.0,Nyck de Vries
857,Oscar,Piastri,1099,2023,15,0.0,Oscar Piastri
858,Logan,Sargeant,1099,2023,16,0.0,Logan Sargeant
846,Lando,Norris,1099,2023,17,0.0,Lando Norris
822,Valtteri,Bottas,1099,2023,18,0.0,Valtteri Bottas
830,Max,Verstappen,1100,2023,1,25.0,Max Verstappen
1,Lewis,Hamilton,1100,2023,2,18.0,Lewis Hamilton
4,Fernando,Alonso,1100,2023,3,15.0,Fernando Alonso
840,Lance,Stroll,1100,2023,4,12.0,Lance Stroll
815,Sergio,Pérez,1100,2023,5,11.0,Sergio Pérez
846,Lando,Norris,1100,2023,6,8.0,Lando Norris
807,Nico,Hülkenberg,1100,2023,7,6.0,Nico Hülkenberg
857,Oscar,Piastri,1100,2023,8,4.0,Oscar Piastri
855,Guanyu,Zhou,1100,2023,9,2.0,Guanyu Zhou
852,Yuki,Tsunoda,1100,2023,10,1.0,Yuki Tsunoda
822,Valtteri,Bottas,1100,2023,11,0.0,Valtteri Bottas
832,Carlos,Sainz,1100,2023,12,0.0,Carlos Sainz
842,Pierre,Gasly,1100,2023,13,0.0,Pierre Gasly
839,Esteban,Ocon,1100,2023,14,0.0,Esteban Ocon
856,Nyck,de Vries,1100,2023,15,0.0,Nyck de Vries
858,Logan,Sargeant,1100,2023,16,0.0,Logan Sargeant
825,Kevin,Magnussen,1100,2023,17,0.0,Kevin Magnussen
815,Sergio,Pérez,1101,2023,1,25.0,Sergio Pérez
830,Max,Verstappen,1101,2023,2,18.0,Max Verstappen
844,Charles,Leclerc,1101,2023,3,15.0,Charles Leclerc
4,Fernando,Alonso,1101,2023,4,12.0,Fernando Alonso
832,Carlos,Sainz,1101,2023,5,10.0,Carlos Sainz
1,Lewis,Hamilton,1101,2023,6,8.0,Lewis Hamilton
840,Lance,Stroll,1101,2023,7,6.0,Lance Stroll
847,George,Russell,1101,2023,8,5.0,George Russell
846,Lando,Norris,1101,2023,9,2.0,Lando Norris
852,Yuki,Tsunoda,1101,2023,10,1.0,Yuki Tsunoda
857,Oscar,Piastri,1101,2023,11,0.0,Oscar Piastri
848,Alexander,Albon,1101,2023,12,0.0,Alexander Albon
825,Kevin,Magnussen,1101,2023,13,0.0,Kevin Magnussen
842,Pierre,Gasly,1101,2023,14,0.0,Pierre Gasly
839,Esteban,Ocon,1101,2023,15,0.0,Esteban Ocon
858,Logan,Sargeant,1101,2023,16,0.0,Logan Sargeant
807,Nico,Hülkenberg,1101,2023,17,0.0,Nico Hülkenberg
822,Valtteri,Bottas,1101,2023,18,0.0,Valtteri Bottas
830,Max,Verstappen,1102,2023,1,26.0,Max Verstappen
815,Sergio,Pérez,1102,2023,2,18.0,Sergio Pérez
4,Fernando,Alonso,1102,2023,3,15.0,Fernando Alonso
847,George,Russell,1102,2023,4,12.0,George Russell
832,Carlos,Sainz,1102,2023,5,10.0,Carlos Sainz
1,Lewis,Hamilton,1102,2023,6,8.0,Lewis Hamilton
844,Charles,Leclerc,1102,2023,7,6.0,Charles Leclerc
842,Pierre,Gasly,1102,2023,8,4.0,Pierre Gasly
839,Esteban,Ocon,1102,2023,9,2.0,Esteban Ocon
825,Kevin,Magnussen,1102,2023,10,1.0,Kevin Magnussen
852,Yuki,Tsunoda,1102,2023,11,0.0,Yuki Tsunoda
840,Lance,Stroll,1102,2023,12,0.0,Lance Stroll
822,Valtteri,Bottas,1102,2023,13,0.0,Valtteri Bottas
848,Alexander,Albon,1102,2023,14,0.0,Alexander Albon
807,Nico,Hülkenberg,1102,2023,15,0.0,Nico Hülkenberg
855,Guanyu,Zhou,1102,2023,16,0.0,Guanyu Zhou
846,Lando,Norris,1102,2023,17,0.0,Lando Norris
856,Nyck,de Vries,1102,2023,18,0.0,Nyck de Vries
857,Oscar,Piastri,1102,2023,19,0.0,Oscar Piastri
858,Logan,Sargeant,1102,2023,20,0.0,Logan Sargeant
830,Max,Verstappen,1104,2023,1,25.0,Max Verstappen
4,Fernando,Alonso,1104,2023,2,18.0,Fernando Alonso
839,Esteban,Ocon,1104,2023,3,15.0,Esteban Ocon
1,Lewis,Hamilton,1104,2023,4,13.0,Lewis Hamilton
847,George,Russell,1104,2023,5,10.0,George Russell
844,Charles,Leclerc,1104,2023,6,8.0,Charles Leclerc
842,Pierre,Gasly,1104,2023,7,6.0,Pierre Gasly
832,Carlos,Sainz,1104,2023,8,4.0,Carlos Sainz
846,Lando,Norris,1104,2023,9,2.0,Lando Norris
857,Oscar,Piastri,1104,2023,10,1.0,Oscar Piastri
822,Valtteri,Bottas,1104,2023,11,0.0,Valtteri Bottas
856,Nyck,de Vries,1104,2023,12,0.0,Nyck de Vries
855,Guanyu,Zhou,1104,2023,13,0.0,Guanyu Zhou
848,Alexander,Albon,1104,2023,14,0.0,Alexander Albon
852,Yuki,Tsunoda,1104,2023,15,0.0,Yuki Tsunoda
815,Sergio,Pérez,1104,2023,16,0.0,Sergio Pérez
807,Nico,Hülkenberg,1104,2023,17,0.0,Nico Hülkenberg
858,Logan,Sargeant,1104,2023,18,0.0,Logan Sargeant
830,Max,Verstappen,1105,2023,1,26.0,Max Verstappen
1,Lewis,Hamilton,1105,2023,2,18.0,Lewis Hamilton
847,George,Russell,1105,2023,3,15.0,George Russell
815,Sergio,Pérez,1105,2023,4,12.0,Sergio Pérez
832,Carlos,Sainz,1105,2023,5,10.0,Carlos Sainz
840,Lance,Stroll,1105,2023,6,8.0,Lance Stroll
4,Fernando,Alonso,1105,2023,7,6.0,Fernando Alonso
839,Esteban,Ocon,1105,2023,8,4.0,Esteban Ocon
855,Guanyu,Zhou,1105,2023,9,2.0,Guanyu Zhou
842,Pierre,Gasly,1105,2023,10,1.0,Pierre Gasly
844,Charles,Leclerc,1105,2023,11,0.0,Charles Leclerc
852,Yuki,Tsunoda,1105,2023,12,0.0,Yuki Tsunoda
857,Oscar,Piastri,1105,2023,13,0.0,Oscar Piastri
856,Nyck,de Vries,1105,2023,14,0.0,Nyck de Vries
807,Nico,Hülkenberg,1105,2023,15,0.0,Nico Hülkenberg
848,Alexander,Albon,1105,2023,16,0.0,Alexander Albon
846,Lando,Norris,1105,2023,17,0.0,Lando Norris
825,Kevin,Magnussen,1105,2023,18,0.0,Kevin Magnussen
822,Valtteri,Bottas,1105,2023,19,0.0,Valtteri Bottas
858,Logan,Sargeant,1105,2023,20,0.0,Logan Sargeant
830,Max,Verstappen,1106,2023,1,25.0,Max Verstappen
4,Fernando,Alonso,1106,2023,2,18.0,Fernando Alonso
1,Lewis,Hamilton,1106,2023,3,15.0,Lewis Hamilton
844,Charles,Leclerc,1106,2023,4,12.0,Charles Leclerc
832,Carlos,Sainz,1106,2023,5,10.0,Carlos Sainz
815,Sergio,Pérez,1106,2023,6,9.0,Sergio Pérez
848,Alexander,Albon,1106,2023,7,6.0,Alexander Albon
839,Esteban,Ocon,1106,2023,8,4.0,Esteban Ocon
840,Lance,Stroll,1106,2023,9,2.0,Lance Stroll
822,Valtteri,Bottas,1106,2023,10,1.0,Valtteri Bottas
857,Oscar,Piastri,1106,2023,11,0.0,Oscar Piastri
842,Pierre,Gasly,1106,2023,12,0.0,Pierre Gasly
846,Lando,Norris,1106,2023,13,0.0,Lando Norris
852,Yuki,Tsunoda,1106,2023,14,0.0,Yuki Tsunoda
807,Nico,Hülkenberg,1106,2023,15,0.0,Nico Hülkenberg
855,Guanyu,Zhou,1106,2023,16,0.0,Guanyu Zhou
825,Kevin,Magnussen,1106,2023,17,0.0,Kevin Magnussen
856,Nyck,de Vries,1106,2023,18,0.0,Nyck de Vries
830,Max,Verstappen,1107,2023,1,26.0,Max Verstappen
844,Charles,Leclerc,1107,2023,2,18.0,Charles Leclerc
815,Sergio,Pérez,1107,2023,3,15.0,Sergio Pérez
846,Lando,Norris,1107,2023,4,12.0,Lando Norris
4,Fernando,Alonso,1107,2023,5,10.0,Fernando Alonso
832,Carlos,Sainz,1107,2023,6,8.0,Carlos Sainz
847,George,Russell,1107,2023,7,6.0,George Russell
1,Lewis,Hamilton,1107,2023,8,4.0,Lewis Hamilton
840,Lance,Stroll,1107,2023,9,2.0,Lance Stroll
842,Pierre,Gasly,1107,2023,10,1.0,Pierre Gasly
848,Alexander,Albon,1107,2023,11,0.0,Alexander Albon
855,Guanyu,Zhou,1107,2023,12,0.0,Guanyu Zhou
858,Logan,Sargeant,1107,2023,13,0.0,Logan Sargeant
839,Esteban,Ocon,1107,2023,14,0.0,Esteban Ocon
822,Valtteri,Bottas,1107,2023,15,0.0,Valtteri Bottas
857,Oscar,Piastri,1107,2023,16,0.0,Oscar Piastri
856,Nyck,de Vries,1107,2023,17,0.0,Nyck de Vries
825,Kevin,Magnussen,1107,2023,18,0.0,Kevin Magnussen
852,Yuki,Tsunoda,1107,2023,19,0.0,Yuki Tsunoda
830,Max,Verstappen,1108,2023,1,26.0,Max Verstappen
846,Lando,Norris,1108,2023,2,18.0,Lando Norris
1,Lewis,Hamilton,1108,2023,3,15.0,Lewis Hamilton
857,Oscar,Piastri,1108,2023,4,12.0,Oscar Piastri
847,George,Russell,1108,2023,5,10.0,George Russell
815,Sergio,Pérez,1108,2023,6,8.0,Sergio Pérez
4,Fernando,Alonso,1108,2023,7,6.0,Fernando Alonso
848,Alexander,Albon,1108,2023,8,4.0,Alexander Albon
844,Charles,Leclerc,1108,2023,9,2.0,Charles Leclerc
832,Carlos,Sainz,1108,2023,10,1.0,Carlos Sainz
858,Logan,Sargeant,1108,2023,11,0.0,Logan Sargeant
822,Valtteri,Bottas,1108,2023,12,0.0,Valtteri Bottas
807,Nico,Hülkenberg,1108,2023,13,0.0,Nico Hülkenberg
840,Lance,Stroll,1108,2023,14,0.0,Lance Stroll
855,Guanyu,Zhou,1108,2023,15,0.0,Guanyu Zhou
852,Yuki,Tsunoda,1108,2023,16,0.0,Yuki Tsunoda
856,Nyck,de Vries,1108,2023,17,0.0,Nyck de Vries
842,Pierre,Gasly,1108,2023,18,0.0,Pierre Gasly
830,Max,Verstappen,1109,2023,1,26.0,Max Verstappen
846,Lando,Norris,1109,2023,2,18.0,Lando Norris
815,Sergio,Pérez,1109,2023,3,15.0,Sergio Pérez
1,Lewis,Hamilton,1109,2023,4,12.0,Lewis Hamilton
857,Oscar,Piastri,1109,2023,5,10.0,Oscar Piastri
847,George,Russell,1109,2023,6,8.0,George Russell
844,Charles,Leclerc,1109,2023,7,6.0,Charles Leclerc
832,Carlos,Sainz,1109,2023,8,4.0,Carlos Sainz
4,Fernando,Alonso,1109,2023,9,2.0,Fernando Alonso
840,Lance,Stroll,1109,2023,10,1.0,Lance Stroll
848,Alexander,Albon,1109,2023,11,0.0,Alexander Albon
822,Valtteri,Bottas,1109,2023,12,0.0,Valtteri Bottas
817,Daniel,Ricciardo,1109,2023,13,0.0,Daniel Ricciardo
807,Nico,Hülkenberg,1109,2023,14,0.0,Nico Hülkenberg
852,Yuki,Tsunoda,1109,2023,15,0.0,Yuki Tsunoda
855,Guanyu,Zhou,1109,2023,16,0.0,Guanyu Zhou
825,Kevin,Magnussen,1109,2023,17,0.0,Kevin Magnussen
830,Max,Verstappen,1110,2023,1,25.0,Max Verstappen
815,Sergio,Pérez,1110,2023,2,18.0,Sergio Pérez
844,Charles,Leclerc,1110,2023,3,15.0,Charles Leclerc
1,Lewis,Hamilton,1110,2023,4,13.0,Lewis Hamilton
4,Fernando,Alonso,1110,2023,5,10.0,Fernando Alonso
847,George,Russell,1110,2023,6,8.0,George Russell
846,Lando,Norris,1110,2023,7,6.0,Lando Norris
839,Esteban,Ocon,1110,2023,8,4.0,Esteban Ocon
840,Lance,Stroll,1110,2023,9,2.0,Lance Stroll
852,Yuki,Tsunoda,1110,2023,10,1.0,Yuki Tsunoda
842,Pierre,Gasly,1110,2023,11,0.0,Pierre Gasly
822,Valtteri,Bottas,1110,2023,12,0.0,Valtteri Bottas
855,Guanyu,Zhou,1110,2023,13,0.0,Guanyu Zhou
848,Alexander,Albon,1110,2023,14,0.0,Alexander Albon
825,Kevin,Magnussen,1110,2023,15,0.0,Kevin Magnussen
817,Daniel,Ricciardo,1110,2023,16,0.0,Daniel Ricciardo
858,Logan,Sargeant,1110,2023,17,0.0,Logan Sargeant
807,Nico,Hülkenberg,1110,2023,18,0.0,Nico Hülkenberg
830,Max,Verstappen,1111,2023,1,25.0,Max Verstappen
4,Fernando,Alonso,1111,2023,2,19.0,Fernando Alonso
842,Pierre,Gasly,1111,2023,3,15.0,Pierre Gasly
815,Sergio,Pérez,1111,2023,4,12.0,Sergio Pérez
832,Carlos,Sainz,1111,2023,5,10.0,Carlos Sainz
1,Lewis,Hamilton,1111,2023,6,8.0,Lewis Hamilton
846,Lando,Norris,1111,2023,7,6.0,Lando Norris
848,Alexander,Albon,1111,2023,8,4.0,Alexander Albon
857,Oscar,Piastri,1111,2023,9,2.0,Oscar Piastri
839,Esteban,Ocon,1111,2023,10,1.0,Esteban Ocon
840,Lance,Stroll,1111,2023,11,0.0,Lance Stroll
807,Nico,Hülkenberg,1111,2023,12,0.0,Nico Hülkenberg
859,Liam,Lawson,1111,2023,13,0.0,Liam Lawson
822,Valtteri,Bottas,1111,2023,14,0.0,Valtteri Bottas
852,Yuki,Tsunoda,1111,2023,15,0.0,Yuki Tsunoda
825,Kevin,Magnussen,1111,2023,16,0.0,Kevin Magnussen
847,George,Russell,1111,2023,17,0.0,George Russell
830,Max,Verstappen,1112,2023,1,25.0,Max Verstappen
815,Sergio,Pérez,1112,2023,2,18.0,Sergio Pérez
832,Carlos,Sainz,1112,2023,3,15.0,Carlos Sainz
844,Charles,Leclerc,1112,2023,4,12.0,Charles Leclerc
847,George,Russell,1112,2023,5,10.0,George Russell
1,Lewis,Hamilton,1112,2023,6,8.0,Lewis Hamilton
848,Alexander,Albon,1112,2023,7,6.0,Alexander Albon
846,Lando,Norris,1112,2023,8,4.0,Lando Norris
4,Fernando,Alonso,1112,2023,9,2.0,Fernando Alonso
822,Valtteri,Bottas,1112,2023,10,1.0,Valtteri Bottas
859,Liam,Lawson,1112,2023,11,0.0,Liam Lawson
857,Oscar,Piastri,1112,2023,12,0.0,Oscar Piastri
858,Logan,Sargeant,1112,2023,13,0.0,Logan Sargeant
855,Guanyu,Zhou,1112,2023,14,0.0,Guanyu Zhou
842,Pierre,Gasly,1112,2023,15,0.0,Pierre Gasly
840,Lance,Stroll,1112,2023,16,0.0,Lance Stroll
807,Nico,Hülkenberg,1112,2023,17,0.0,Nico Hülkenberg
825,Kevin,Magnussen,1112,2023,18,0.0,Kevin Magnussen
832,Carlos,Sainz,1113,2023,1,25.0,Carlos Sainz
846,Lando,Norris,1113,2023,2,18.0,Lando Norris
1,Lewis,Hamilton,1113,2023,3,16.0,Lewis Hamilton
844,Charles,Leclerc,1113,2023,4,12.0,Charles Leclerc
830,Max,Verstappen,1113,2023,5,10.0,Max Verstappen
842,Pierre,Gasly,1113,2023,6,8.0,Pierre Gasly
857,Oscar,Piastri,1113,2023,7,6.0,Oscar Piastri
815,Sergio,Pérez,1113,2023,8,4.0,Sergio Pérez
859,Liam,Lawson,1113,2023,9,2.0,Liam Lawson
825,Kevin,Magnussen,1113,2023,10,1.0,Kevin Magnussen
848,Alexander,Albon,1113,2023,11,0.0,Alexander Albon
855,Guanyu,Zhou,1113,2023,12,0.0,Guanyu Zhou
807,Nico,Hülkenberg,1113,2023,13,0.0,Nico Hülkenberg
858,Logan,Sargeant,1113,2023,14,0.0,Logan Sargeant
4,Fernando,Alonso,1113,2023,15,0.0,Fernando Alonso
847,George,Russell,1113,2023,16,0.0,George Russell
830,Max,Verstappen,1114,2023,1,26.0,Max Verstappen
846,Lando,Norris,1114,2023,2,18.0,Lando Norris
857,Oscar,Piastri,1114,2023,3,15.0,Oscar Piastri
844,Charles,Leclerc,1114,2023,4,12.0,Charles Leclerc
1,Lewis,Hamilton,1114,2023,5,10.0,Lewis Hamilton
832,Carlos,Sainz,1114,2023,6,8.0,Carlos Sainz
847,George,Russell,1114,2023,7,6.0,George Russell
4,Fernando,Alonso,1114,2023,8,4.0,Fernando Alonso
839,Esteban,Ocon,1114,2023,9,2.0,Esteban Ocon
842,Pierre,Gasly,1114,2023,10,1.0,Pierre Gasly
859,Liam,Lawson,1114,2023,11,0.0,Liam Lawson
852,Yuki,Tsunoda,1114,2023,12,0.0,Yuki Tsunoda
855,Guanyu,Zhou,1114,2023,13,0.0,Guanyu Zhou
807,Nico,Hülkenberg,1114,2023,14,0.0,Nico Hülkenberg
825,Kevin,Magnussen,1114,2023,15,0.0,Kevin Magnussen
830,Max,Verstappen,1115,2023,1,26.0,Max Verstappen
857,Oscar,Piastri,1115,2023,2,18.0,Oscar Piastri
846,Lando,Norris,1115,2023,3,15.0,Lando Norris
847,George,Russell,1115,2023,4,12.0,George Russell
844,Charles,Leclerc,1115,2023,5,10.0,Charles Leclerc
4,Fernando,Alonso,1115,2023,6,8.0,Fernando Alonso
839,Esteban,Ocon,1115,2023,7,6.0,Esteban Ocon
822,Valtteri,Bottas,1115,2023,8,4.0,Valtteri Bottas
855,Guanyu,Zhou,1115,2023,9,2.0,Guanyu Zhou
815,Sergio,Pérez,1115,2023,10,1.0,Sergio Pérez
840,Lance,Stroll,1115,2023,11,0.0,Lance Stroll
842,Pierre,Gasly,1115,2023,12,0.0,Pierre Gasly
848,Alexander,Albon,1115,2023,13,0.0,Alexander Albon
825,Kevin,Magnussen,1115,2023,14,0.0,Kevin Magnussen
852,Yuki,Tsunoda,1115,2023,15,0.0,Yuki Tsunoda
807,Nico,Hülkenberg,1115,2023,16,0.0,Nico Hülkenberg
859,Liam,Lawson,1115,2023,17,0.0,Liam Lawson
830,Max,Verstappen,1116,2023,1,25.0,Max Verstappen
846,Lando,Norris,1116,2023,2,18.0,Lando Norris
832,Carlos,Sainz,1116,2023,3,15.0,Carlos Sainz
815,Sergio,Pérez,1116,2023,4,12.0,Sergio Pérez
847,George,Russell,1116,2023,5,10.0,George Russell
842,Pierre,Gasly,1116,2023,6,8.0,Pierre Gasly
840,Lance,Stroll,1116,2023,7,6.0,Lance Stroll
852,Yuki,Tsunoda,1116,2023,8,5.0,Yuki Tsunoda
848,Alexander,Albon,1116,2023,9,2.0,Alexander Albon
858,Logan,Sargeant,1116,2023,10,1.0,Logan Sargeant
807,Nico,Hülkenberg,1116,2023,11,0.0,Nico Hülkenberg
822,Valtteri,Bottas,1116,2023,12,0.0,Valtteri Bottas
855,Guanyu,Zhou,1116,2023,13,0.0,Guanyu Zhou
825,Kevin,Magnussen,1116,2023,14,0.0,Kevin Magnussen
817,Daniel,Ricciardo,1116,2023,15,0.0,Daniel Ricciardo
830,Max,Verstappen,1117,2023,1,25.0,Max Verstappen
1,Lewis,Hamilton,1117,2023,2,19.0,Lewis Hamilton
844,Charles,Leclerc,1117,2023,3,15.0,Charles Leclerc
832,Carlos,Sainz,1117,2023,4,12.0,Carlos Sainz
846,Lando,Norris,1117,2023,5,10.0,Lando Norris
847,George,Russell,1117,2023,6,8.0,George Russell
817,Daniel,Ricciardo,1117,2023,7,6.0,Daniel Ricciardo
857,Oscar,Piastri,1117,2023,8,4.0,Oscar Piastri
848,Alexander,Albon,1117,2023,9,2.0,Alexander Albon
839,Esteban,Ocon,1117,2023,10,1.0,Esteban Ocon
842,Pierre,Gasly,1117,2023,11,0.0,Pierre Gasly
852,Yuki,Tsunoda,1117,2023,12,0.0,Yuki Tsunoda
807,Nico,Hülkenberg,1117,2023,13,0.0,Nico Hülkenberg
855,Guanyu,Zhou,1117,2023,14,0.0,Guanyu Zhou
822,Valtteri,Bottas,1117,2023,15,0.0,Valtteri Bottas
858,Logan,Sargeant,1117,2023,16,0.0,Logan Sargeant
840,Lance,Stroll,1117,2023,17,0.0,Lance Stroll
830,Max,Verstappen,1118,2023,1,25.0,Max Verstappen
846,Lando,Norris,1118,2023,2,19.0,Lando Norris
4,Fernando,Alonso,1118,2023,3,15.0,Fernando Alonso
815,Sergio,Pérez,1118,2023,4,12.0,Sergio Pérez
840,Lance,Stroll,1118,2023,5,10.0,Lance Stroll
832,Carlos,Sainz,1118,2023,6,8.0,Carlos Sainz
842,Pierre,Gasly,1118,2023,7,6.0,Pierre Gasly
1,Lewis,Hamilton,1118,2023,8,4.0,Lewis Hamilton
852,Yuki,Tsunoda,1118,2023,9,2.0,Yuki Tsunoda
839,Esteban,Ocon,1118,2023,10,1.0,Esteban Ocon
858,Logan,Sargeant,1118,2023,11,0.0,Logan Sargeant
807,Nico,Hülkenberg,1118,2023,12,0.0,Nico Hülkenberg
817,Daniel,Ricciardo,1118,2023,13,0.0,Daniel Ricciardo
857,Oscar,Piastri,1118,2023,14,0.0,Oscar Piastri
830,Max,Verstappen,1119,2023,1,25.0,Max Verstappen
844,Charles,Leclerc,1119,2023,2,18.0,Charles Leclerc
815,Sergio,Pérez,1119,2023,3,15.0,Sergio Pérez
839,Esteban,Ocon,1119,2023,4,12.0,Esteban Ocon
840,Lance,Stroll,1119,2023,5,10.0,Lance Stroll
832,Carlos,Sainz,1119,2023,6,8.0,Carlos Sainz
1,Lewis,Hamilton,1119,2023,7,6.0,Lewis Hamilton
847,George,Russell,1119,2023,8,4.0,George Russell
4,Fernando,Alonso,1119,2023,9,2.0,Fernando Alonso
857,Oscar,Piastri,1119,2023,10,2.0,Oscar Piastri
842,Pierre,Gasly,1119,2023,11,0.0,Pierre Gasly
848,Alexander,Albon,1119,2023,12,0.0,Alexander Albon
825,Kevin,Magnussen,1119,2023,13,0.0,Kevin Magnussen
817,Daniel,Ricciardo,1119,2023,14,0.0,Daniel Ricciardo
855,Guanyu,Zhou,1119,2023,15,0.0,Guanyu Zhou
858,Logan,Sargeant,1119,2023,16,0.0,Logan Sargeant
822,Valtteri,Bottas,1119,2023,17,0.0,Valtteri Bottas
852,Yuki,Tsunoda,1119,2023,18,0.0,Yuki Tsunoda
807,Nico,Hülkenberg,1119,2023,19,0.0,Nico Hülkenberg
830,Max,Verstappen,1120,2023,1,26.0,Max Verstappen
844,Charles,Leclerc,1120,2023,2,18.0,Charles Leclerc
847,George,Russell,1120,2023,3,15.0,George Russell
815,Sergio,Pérez,1120,2023,4,12.0,Sergio Pérez
846,Lando,Norris,1120,2023,5,10.0,Lando Norris
857,Oscar,Piastri,1120,2023,6,8.0,Oscar Piastri
4,Fernando,Alonso,1120,2023,7,6.0,Fernando Alonso
852,Yuki,Tsunoda,1120,2023,8,4.0,Yuki Tsunoda
1,Lewis,Hamilton,1120,2023,9,2.0,Lewis Hamilton
840,Lance,Stroll,1120,2023,10,1.0,Lance Stroll
817,Daniel,Ricciardo,1120,2023,11,0.0,Daniel Ricciardo
839,Esteban,Ocon,1120,2023,12,0.0,Esteban Ocon
842,Pierre,Gasly,1120,2023,13,0.0,Pierre Gasly
848,Alexander,Albon,1120,2023,14,0.0,Alexander Albon
807,Nico,Hülkenberg,1120,2023,15,0.0,Nico Hülkenberg
858,Logan,Sargeant,1120,2023,16,0.0,Logan Sargeant
855,Guanyu,Zhou,1120,2023,17,0.0,Guanyu Zhou
832,Carlos,Sainz,1120,2023,18,0.0,Carlos Sainz
822,Valtteri,Bottas,1120,2023,19,0.0,Valtteri Bottas
825,Kevin,Magnussen,1120,2023,20,0.0,Kevin Magnussen
830,Max,Verstappen,1121,2024,1,26.0,Max Verstappen
815,Sergio,Pérez,1121,2024,2,18.0,Sergio Pérez
832,Carlos,Sainz,1121,2024,3,15.0,Carlos Sainz
844,Charles,Leclerc,1121,2024,4,12.0,Charles Leclerc
847,George,Russell,1121,2024,5,10.0,George Russell
846,Lando,Norris,1121,2024,6,8.0,Lando Norris
1,Lewis,Hamilton,1121,2024,7,6.0,Lewis Hamilton
857,Oscar,Piastri,1121,2024,8,4.0,Oscar Piastri
4,Fernando,Alonso,1121,2024,9,2.0,Fernando Alonso
840,Lance,Stroll,1121,2024,10,1.0,Lance Stroll
855,Guanyu,Zhou,1121,2024,11,0.0,Guanyu Zhou
825,Kevin,Magnussen,1121,2024,12,0.0,Kevin Magnussen
817,Daniel,Ricciardo,1121,2024,13,0.0,Daniel Ricciardo
852,Yuki,Tsunoda,1121,2024,14,0.0,Yuki Tsunoda
848,Alexander,Albon,1121,2024,15,0.0,Alexander Albon
807,Nico,Hülkenberg,1121,2024,16,0.0,Nico Hülkenberg
839,Esteban,Ocon,1121,2024,17,0.0,Esteban Ocon
842,Pierre,Gasly,1121,2024,18,0.0,Pierre Gasly
822,Valtteri,Bottas,1121,2024,19,0.0,Valtteri Bottas
858,Logan,Sargeant,1121,2024,20,0.0,Logan Sargeant
830,Max,Verstappen,1122,2024,1,25.0,Max Verstappen
815,Sergio,Pérez,1122,2024,2,18.0,Sergio Pérez
844,Charles,Leclerc,1122,2024,3,16.0,Charles Leclerc
857,Oscar,Piastri,1122,2024,4,12.0,Oscar Piastri
4,Fernando,Alonso,1122,2024,5,10.0,Fernando Alonso
847,George,Russell,1122,2024,6,8.0,George Russell
860,Oliver,Bearman,1122,2024,7,6.0,Oliver Bearman
846,Lando,Norris,1122,2024,8,4.0,Lando Norris
1,Lewis,Hamilton,1122,2024,9,2.0,Lewis Hamilton
807,Nico,Hülkenberg,1122,2024,10,1.0,Nico Hülkenberg
848,Alexander,Albon,1122,2024,11,0.0,Alexander Albon
825,Kevin,Magnussen,1122,2024,12,0.0,Kevin Magnussen
839,Esteban,Ocon,1122,2024,13,0.0,Esteban Ocon
858,Logan,Sargeant,1122,2024,14,0.0,Logan Sargeant
852,Yuki,Tsunoda,1122,2024,15,0.0,Yuki Tsunoda
817,Daniel,Ricciardo,1122,2024,16,0.0,Daniel Ricciardo
822,Valtteri,Bottas,1122,2024,17,0.0,Valtteri Bottas
855,Guanyu,Zhou,1122,2024,18,0.0,Guanyu Zhou
832,Carlos,Sainz,1123,2024,1,25.0,Carlos Sainz
844,Charles,Leclerc,1123,2024,2,19.0,Charles Leclerc
846,Lando,Norris,1123,2024,3,15.0,Lando Norris
857,Oscar,Piastri,1123,2024,4,12.0,Oscar Piastri
815,Sergio,Pérez,1123,2024,5,10.0,Sergio Pérez
840,Lance,Stroll,1123,2024,6,8.0,Lance Stroll
852,Yuki,Tsunoda,1123,2024,7,6.0,Yuki Tsunoda
4,Fernando,Alonso,1123,2024,8,4.0,Fernando Alonso
807,Nico,Hülkenberg,1123,2024,9,2.0,Nico Hülkenberg
825,Kevin,Magnussen,1123,2024,10,1.0,Kevin Magnussen
848,Alexander,Albon,1123,2024,11,0.0,Alexander Albon
817,Daniel,Ricciardo,1123,2024,12,0.0,Daniel Ricciardo
842,Pierre,Gasly,1123,2024,13,0.0,Pierre Gasly
822,Valtteri,Bottas,1123,2024,14,0.0,Valtteri Bottas
855,Guanyu,Zhou,1123,2024,15,0.0,Guanyu Zhou
839,Esteban,Ocon,1123,2024,16,0.0,Esteban Ocon
847,George,Russell,1123,2024,17,0.0,George Russell
830,Max,Verstappen,1124,2024,1,26.0,Max Verstappen
815,Sergio,Pérez,1124,2024,2,18.0,Sergio Pérez
832,Carlos,Sainz,1124,2024,3,15.0,Carlos Sainz
844,Charles,Leclerc,1124,2024,4,12.0,Charles Leclerc
846,Lando,Norris,1124,2024,5,10.0,Lando Norris
4,Fernando,Alonso,1124,2024,6,8.0,Fernando Alonso
847,George,Russell,1124,2024,7,6.0,George Russell
857,Oscar,Piastri,1124,2024,8,4.0,Oscar Piastri
1,Lewis,Hamilton,1124,2024,9,2.0,Lewis Hamilton
852,Yuki,Tsunoda,1124,2024,10,1.0,Yuki Tsunoda
807,Nico,Hülkenberg,1124,2024,11,0.0,Nico Hülkenberg
840,Lance,Stroll,1124,2024,12,0.0,Lance Stroll
825,Kevin,Magnussen,1124,2024,13,0.0,Kevin Magnussen
822,Valtteri,Bottas,1124,2024,14,0.0,Valtteri Bottas
839,Esteban,Ocon,1124,2024,15,0.0,Esteban Ocon
842,Pierre,Gasly,1124,2024,16,0.0,Pierre Gasly
858,Logan,Sargeant,1124,2024,17,0.0,Logan Sargeant
830,Max,Verstappen,1125,2024,1,25.0,Max Verstappen
846,Lando,Norris,1125,2024,2,18.0,Lando Norris
815,Sergio,Pérez,1125,2024,3,15.0,Sergio Pérez
844,Charles,Leclerc,1125,2024,4,12.0,Charles Leclerc
832,Carlos,Sainz,1125,2024,5,10.0,Carlos Sainz
847,George,Russell,1125,2024,6,8.0,George Russell
4,Fernando,Alonso,1125,2024,7,7.0,Fernando Alonso
857,Oscar,Piastri,1125,2024,8,4.0,Oscar Piastri
1,Lewis,Hamilton,1125,2024,9,2.0,Lewis Hamilton
807,Nico,Hülkenberg,1125,2024,10,1.0,Nico Hülkenberg
839,Esteban,Ocon,1125,2024,11,0.0,Esteban Ocon
848,Alexander,Albon,1125,2024,12,0.0,Alexander Albon
842,Pierre,Gasly,1125,2024,13,0.0,Pierre Gasly
855,Guanyu,Zhou,1125,2024,14,0.0,Guanyu Zhou
840,Lance,Stroll,1125,2024,15,0.0,Lance Stroll
825,Kevin,Magnussen,1125,2024,16,0.0,Kevin Magnussen
858,Logan,Sargeant,1125,2024,17,0.0,Logan Sargeant
846,Lando,Norris,1126,2024,1,25.0,Lando Norris
830,Max,Verstappen,1126,2024,2,18.0,Max Verstappen
844,Charles,Leclerc,1126,2024,3,15.0,Charles Leclerc
815,Sergio,Pérez,1126,2024,4,12.0,Sergio Pérez
832,Carlos,Sainz,1126,2024,5,10.0,Carlos Sainz
1,Lewis,Hamilton,1126,2024,6,8.0,Lewis Hamilton
852,Yuki,Tsunoda,1126,2024,7,6.0,Yuki Tsunoda
847,George,Russell,1126,2024,8,4.0,George Russell
4,Fernando,Alonso,1126,2024,9,2.0,Fernando Alonso
839,Esteban,Ocon,1126,2024,10,1.0,Esteban Ocon
807,Nico,Hülkenberg,1126,2024,11,0.0,Nico Hülkenberg
842,Pierre,Gasly,1126,2024,12,0.0,Pierre Gasly
857,Oscar,Piastri,1126,2024,13,0.0,Oscar Piastri
855,Guanyu,Zhou,1126,2024,14,0.0,Guanyu Zhou
817,Daniel,Ricciardo,1126,2024,15,0.0,Daniel Ricciardo
822,Valtteri,Bottas,1126,2024,16,0.0,Valtteri Bottas
840,Lance,Stroll,1126,2024,17,0.0,Lance Stroll
848,Alexander,Albon,1126,2024,18,0.0,Alexander Albon
825,Kevin,Magnussen,1126,2024,19,0.0,Kevin Magnussen
830,Max,Verstappen,1127,2024,1,25.0,Max Verstappen
846,Lando,Norris,1127,2024,2,18.0,Lando Norris
844,Charles,Leclerc,1127,2024,3,15.0,Charles Leclerc
857,Oscar,Piastri,1127,2024,4,12.0,Oscar Piastri
832,Carlos,Sainz,1127,2024,5,10.0,Carlos Sainz
1,Lewis,Hamilton,1127,2024,6,8.0,Lewis Hamilton
847,George,Russell,1127,2024,7,7.0,George Russell
815,Sergio,Pérez,1127,2024,8,4.0,Sergio Pérez
840,Lance,Stroll,1127,2024,9,2.0,Lance Stroll
852,Yuki,Tsunoda,1127,2024,10,1.0,Yuki Tsunoda
807,Nico,Hülkenberg,1127,2024,11,0.0,Nico Hülkenberg
825,Kevin,Magnussen,1127,2024,12,0.0,Kevin Magnussen
817,Daniel,Ricciardo,1127,2024,13,0.0,Daniel Ricciardo
839,Esteban,Ocon,1127,2024,14,0.0,Esteban Ocon
855,Guanyu,Zhou,1127,2024,15,0.0,Guanyu Zhou
842,Pierre,Gasly,1127,2024,16,0.0,Pierre Gasly
858,Logan,Sargeant,1127,2024,17,0.0,Logan Sargeant
822,Valtteri,Bottas,1127,2024,18,0.0,Valtteri Bottas
4,Fernando,Alonso,1127,2024,19,0.0,Fernando Alonso
844,Charles,Leclerc,1128,2024,1,25.0,Charles Leclerc
857,Oscar,Piastri,1128,2024,2,18.0,Oscar Piastri
832,Carlos,Sainz,1128,2024,3,15.0,Carlos Sainz
846,Lando,Norris,1128,2024,4,12.0,Lando Norris
847,George,Russell,1128,2024,5,10.0,George Russell
830,Max,Verstappen,1128,2024,6,8.0,Max Verstappen
1,Lewis,Hamilton,1128,2024,7,7.0,Lewis Hamilton
852,Yuki,Tsunoda,1128,2024,8,4.0,Yuki Tsunoda
848,Alexander,Albon,1128,2024,9,2.0,Alexander Albon
842,Pierre,Gasly,1128,2024,10,1.0,Pierre Gasly
4,Fernando,Alonso,1128,2024,11,0.0,Fernando Alonso
817,Daniel,Ricciardo,1128,2024,12,0.0,Daniel Ricciardo
822,Valtteri,Bottas,1128,2024,13,0.0,Valtteri Bottas
840,Lance,Stroll,1128,2024,14,0.0,Lance Stroll
858,Logan,Sargeant,1128,2024,15,0.0,Logan Sargeant
855,Guanyu,Zhou,1128,2024,16,0.0,Guanyu Zhou
830,Max,Verstappen,1129,2024,1,25.0,Max Verstappen
846,Lando,Norris,1129,2024,2,18.0,Lando Norris
847,George,Russell,1129,2024,3,15.0,George Russell
1,Lewis,Hamilton,1129,2024,4,13.0,Lewis Hamilton
857,Oscar,Piastri,1129,2024,5,10.0,Oscar Piastri
4,Fernando,Alonso,1129,2024,6,8.0,Fernando Alonso
840,Lance,Stroll,1129,2024,7,6.0,Lance Stroll
817,Daniel,Ricciardo,1129,2024,8,4.0,Daniel Ricciardo
842,Pierre,Gasly,1129,2024,9,2.0,Pierre Gasly
839,Esteban,Ocon,1129,2024,10,1.0,Esteban Ocon
807,Nico,Hülkenberg,1129,2024,11,0.0,Nico Hülkenberg
825,Kevin,Magnussen,1129,2024,12,0.0,Kevin Magnussen
822,Valtteri,Bottas,1129,2024,13,0.0,Valtteri Bottas
852,Yuki,Tsunoda,1129,2024,14,0.0,Yuki Tsunoda
855,Guanyu,Zhou,1129,2024,15,0.0,Guanyu Zhou
830,Max,Verstappen,1130,2024,1,25.0,Max Verstappen
846,Lando,Norris,1130,2024,2,19.0,Lando Norris
1,Lewis,Hamilton,1130,2024,3,15.0,Lewis Hamilton
847,George,Russell,1130,2024,4,12.0,George Russell
844,Charles,Leclerc,1130,2024,5,10.0,Charles Leclerc
832,Carlos,Sainz,1130,2024,6,8.0,Carlos Sainz
857,Oscar,Piastri,1130,2024,7,6.0,Oscar Piastri
815,Sergio,Pérez,1130,2024,8,4.0,Sergio Pérez
842,Pierre,Gasly,1130,2024,9,2.0,Pierre Gasly
839,Esteban,Ocon,1130,2024,10,1.0,Esteban Ocon
807,Nico,Hülkenberg,1130,2024,11,0.0,Nico Hülkenberg
4,Fernando,Alonso,1130,2024,12,0.0,Fernando Alonso
855,Guanyu,Zhou,1130,2024,13,0.0,Guanyu Zhou
840,Lance,Stroll,1130,2024,14,0.0,Lance Stroll
817,Daniel,Ricciardo,1130,2024,15,0.0,Daniel Ricciardo
822,Valtteri,Bottas,1130,2024,16,0.0,Valtteri Bottas
825,Kevin,Magnussen,1130,2024,17,0.0,Kevin Magnussen
848,Alexander,Albon,1130,2024,18,0.0,Alexander Albon
852,Yuki,Tsunoda,1130,2024,19,0.0,Yuki Tsunoda
858,Logan,Sargeant,1130,2024,20,0.0,Logan Sargeant
847,George,Russell,1131,2024,1,25.0,George Russell
857,Oscar,Piastri,1131,2024,2,18.0,Oscar Piastri
832,Carlos,Sainz,1131,2024,3,15.0,Carlos Sainz
1,Lewis,Hamilton,1131,2024,4,12.0,Lewis Hamilton
830,Max,Verstappen,1131,2024,5,10.0,Max Verstappen
807,Nico,Hülkenberg,1131,2024,6,8.0,Nico Hülkenberg
815,Sergio,Pérez,1131,2024,7,6.0,Sergio Pérez
825,Kevin,Magnussen,1131,2024,8,4.0,Kevin Magnussen
817,Daniel,Ricciardo,1131,2024,9,2.0,Daniel Ricciardo
842,Pierre,Gasly,1131,2024,10,1.0,Pierre Gasly
844,Charles,Leclerc,1131,2024,11,0.0,Charles Leclerc
839,Esteban,Ocon,1131,2024,12,0.0,Esteban Ocon
840,Lance,Stroll,1131,2024,13,0.0,Lance Stroll
852,Yuki,Tsunoda,1131,2024,14,0.0,Yuki Tsunoda
848,Alexander,Albon,1131,2024,15,0.0,Alexander Albon
822,Valtteri,Bottas,1131,2024,16,0.0,Valtteri Bottas
855,Guanyu,Zhou,1131,2024,17,0.0,Guanyu Zhou
4,Fernando,Alonso,1131,2024,18,0.0,Fernando Alonso
858,Logan,Sargeant,1131,2024,19,0.0,Logan Sargeant
846,Lando,Norris,1131,2024,20,0.0,Lando Norris
1,Lewis,Hamilton,1132,2024,1,25.0,Lewis Hamilton
830,Max,Verstappen,1132,2024,2,18.0,Max Verstappen
846,Lando,Norris,1132,2024,3,15.0,Lando Norris
857,Oscar,Piastri,1132,2024,4,12.0,Oscar Piastri
832,Carlos,Sainz,1132,2024,5,11.0,Carlos Sainz
807,Nico,Hülkenberg,1132,2024,6,8.0,Nico Hülkenberg
840,Lance,Stroll,1132,2024,7,6.0,Lance Stroll
4,Fernando,Alonso,1132,2024,8,4.0,Fernando Alonso
848,Alexander,Albon,1132,2024,9,2.0,Alexander Albon
852,Yuki,Tsunoda,1132,2024,10,1.0,Yuki Tsunoda
858,Logan,Sargeant,1132,2024,11,0.0,Logan Sargeant
825,Kevin,Magnussen,1132,2024,12,0.0,Kevin Magnussen
817,Daniel,Ricciardo,1132,2024,13,0.0,Daniel Ricciardo
844,Charles,Leclerc,1132,2024,14,0.0,Charles Leclerc
822,Valtteri,Bottas,1132,2024,15,0.0,Valtteri Bottas
839,Esteban,Ocon,1132,2024,16,0.0,Esteban Ocon
815,Sergio,Pérez,1132,2024,17,0.0,Sergio Pérez
855,Guanyu,Zhou,1132,2024,18,0.0,Guanyu Zhou
857,Oscar,Piastri,1133,2024,1,25.0,Oscar Piastri
846,Lando,Norris,1133,2024,2,18.0,Lando Norris
1,Lewis,Hamilton,1133,2024,3,15.0,Lewis Hamilton
844,Charles,Leclerc,1133,2024,4,12.0,Charles Leclerc
830,Max,Verstappen,1133,2024,5,10.0,Max Verstappen
832,Carlos,Sainz,1133,2024,6,8.0,Carlos Sainz
815,Sergio,Pérez,1133,2024,7,6.0,Sergio Pérez
847,George,Russell,1133,2024,8,5.0,George Russell
852,Yuki,Tsunoda,1133,2024,9,2.0,Yuki Tsunoda
840,Lance,Stroll,1133,2024,10,1.0,Lance Stroll
4,Fernando,Alonso,1133,2024,11,0.0,Fernando Alonso
817,Daniel,Ricciardo,1133,2024,12,0.0,Daniel Ricciardo
807,Nico,Hülkenberg,1133,2024,13,0.0,Nico Hülkenberg
848,Alexander,Albon,1133,2024,14,0.0,Alexander Albon
825,Kevin,Magnussen,1133,2024,15,0.0,Kevin Magnussen
822,Valtteri,Bottas,1133,2024,16,0.0,Valtteri Bottas
858,Logan,Sargeant,1133,2024,17,0.0,Logan Sargeant
839,Esteban,Ocon,1133,2024,18,0.0,Esteban Ocon
855,Guanyu,Zhou,1133,2024,19,0.0,Guanyu Zhou
1,Lewis,Hamilton,1134,2024,1,25.0,Lewis Hamilton
857,Oscar,Piastri,1134,2024,2,18.0,Oscar Piastri
844,Charles,Leclerc,1134,2024,3,15.0,Charles Leclerc
830,Max,Verstappen,1134,2024,4,12.0,Max Verstappen
846,Lando,Norris,1134,2024,5,10.0,Lando Norris
832,Carlos,Sainz,1134,2024,6,8.0,Carlos Sainz
815,Sergio,Pérez,1134,2024,7,7.0,Sergio Pérez
4,Fernando,Alonso,1134,2024,8,4.0,Fernando Alonso
839,Esteban,Ocon,1134,2024,9,2.0,Esteban Ocon
817,Daniel,Ricciardo,1134,2024,10,1.0,Daniel Ricciardo
840,Lance,Stroll,1134,2024,11,0.0,Lance Stroll
848,Alexander,Albon,1134,2024,12,0.0,Alexander Albon
842,Pierre,Gasly,1134,2024,13,0.0,Pierre Gasly
825,Kevin,Magnussen,1134,2024,14,0.0,Kevin Magnussen
822,Valtteri,Bottas,1134,2024,15,0.0,Valtteri Bottas
852,Yuki,Tsunoda,1134,2024,16,0.0,Yuki Tsunoda
858,Logan,Sargeant,1134,2024,17,0.0,Logan Sargeant
807,Nico,Hülkenberg,1134,2024,18,0.0,Nico Hülkenberg
846,Lando,Norris,1135,2024,1,26.0,Lando Norris
830,Max,Verstappen,1135,2024,2,18.0,Max Verstappen
844,Charles,Leclerc,1135,2024,3,15.0,Charles Leclerc
857,Oscar,Piastri,1135,2024,4,12.0,Oscar Piastri
832,Carlos,Sainz,1135,2024,5,10.0,Carlos Sainz
815,Sergio,Pérez,1135,2024,6,8.0,Sergio Pérez
847,George,Russell,1135,2024,7,6.0,George Russell
1,Lewis,Hamilton,1135,2024,8,4.0,Lewis Hamilton
842,Pierre,Gasly,1135,2024,9,2.0,Pierre Gasly
4,Fernando,Alonso,1135,2024,10,1.0,Fernando Alonso
807,Nico,Hülkenberg,1135,2024,11,0.0,Nico Hülkenberg
817,Daniel,Ricciardo,1135,2024,12,0.0,Daniel Ricciardo
840,Lance,Stroll,1135,2024,13,0.0,Lance Stroll
848,Alexander,Albon,1135,2024,14,0.0,Alexander Albon
839,Esteban,Ocon,1135,2024,15,0.0,Esteban Ocon
858,Logan,Sargeant,1135,2024,16,0.0,Logan Sargeant
852,Yuki,Tsunoda,1135,2024,17,0.0,Yuki Tsunoda
825,Kevin,Magnussen,1135,2024,18,0.0,Kevin Magnussen
822,Valtteri,Bottas,1135,2024,19,0.0,Valtteri Bottas
855,Guanyu,Zhou,1135,2024,20,0.0,Guanyu Zhou
844,Charles,Leclerc,1136,2024,1,25.0,Charles Leclerc
857,Oscar,Piastri,1136,2024,2,18.0,Oscar Piastri
846,Lando,Norris,1136,2024,3,16.0,Lando Norris
832,Carlos,Sainz,1136,2024,4,12.0,Carlos Sainz
1,Lewis,Hamilton,1136,2024,5,10.0,Lewis Hamilton
830,Max,Verstappen,1136,2024,6,8.0,Max Verstappen
847,George,Russell,1136,2024,7,6.0,George Russell
815,Sergio,Pérez,1136,2024,8,4.0,Sergio Pérez
848,Alexander,Albon,1136,2024,9,2.0,Alexander Albon
825,Kevin,Magnussen,1136,2024,10,1.0,Kevin Magnussen
4,Fernando,Alonso,1136,2024,11,0.0,Fernando Alonso
861,Franco,Colapinto,1136,2024,12,0.0,Franco Colapinto
817,Daniel,Ricciardo,1136,2024,13,0.0,Daniel Ricciardo
839,Esteban,Ocon,1136,2024,14,0.0,Esteban Ocon
842,Pierre,Gasly,1136,2024,15,0.0,Pierre Gasly
822,Valtteri,Bottas,1136,2024,16,0.0,Valtteri Bottas
807,Nico,Hülkenberg,1136,2024,17,0.0,Nico Hülkenberg
855,Guanyu,Zhou,1136,2024,18,0.0,Guanyu Zhou
840,Lance,Stroll,1136,2024,19,0.0,Lance Stroll
857,Oscar,Piastri,1137,2024,1,25.0,Oscar Piastri
844,Charles,Leclerc,1137,2024,2,18.0,Charles Leclerc
847,George,Russell,1137,2024,3,15.0,George Russell
846,Lando,Norris,1137,2024,4,13.0,Lando Norris
830,Max,Verstappen,1137,2024,5,10.0,Max Verstappen
4,Fernando,Alonso,1137,2024,6,8.0,Fernando Alonso
848,Alexander,Albon,1137,2024,7,6.0,Alexander Albon
861,Franco,Colapinto,1137,2024,8,4.0,Franco Colapinto
1,Lewis,Hamilton,1137,2024,9,2.0,Lewis Hamilton
860,Oliver,Bearman,1137,2024,10,1.0,Oliver Bearman
807,Nico,Hülkenberg,1137,2024,11,0.0,Nico Hülkenberg
842,Pierre,Gasly,1137,2024,12,0.0,Pierre Gasly
817,Daniel,Ricciardo,1137,2024,13,0.0,Daniel Ricciardo
855,Guanyu,Zhou,1137,2024,14,0.0,Guanyu Zhou
839,Esteban,Ocon,1137,2024,15,0.0,Esteban Ocon
822,Valtteri,Bottas,1137,2024,16,0.0,Valtteri Bottas
815,Sergio,Pérez,1137,2024,17,0.0,Sergio Pérez
832,Carlos,Sainz,1137,2024,18,0.0,Carlos Sainz
840,Lance,Stroll,1137,2024,19,0.0,Lance Stroll
846,Lando,Norris,1138,2024,1,25.0,Lando Norris
830,Max,Verstappen,1138,2024,2,18.0,Max Verstappen
857,Oscar,Piastri,1138,2024,3,15.0,Oscar Piastri
847,George,Russell,1138,2024,4,12.0,George Russell
844,Charles,Leclerc,1138,2024,5,10.0,Charles Leclerc
1,Lewis,Hamilton,1138,2024,6,8.0,Lewis Hamilton
832,Carlos,Sainz,1138,2024,7,6.0,Carlos Sainz
4,Fernando,Alonso,1138,2024,8,4.0,Fernando Alonso
807,Nico,Hülkenberg,1138,2024,9,2.0,Nico Hülkenberg
815,Sergio,Pérez,1138,2024,10,1.0,Sergio Pérez
861,Franco,Colapinto,1138,2024,11,0.0,Franco Colapinto
852,Yuki,Tsunoda,1138,2024,12,0.0,Yuki Tsunoda
839,Esteban,Ocon,1138,2024,13,0.0,Esteban Ocon
840,Lance,Stroll,1138,2024,14,0.0,Lance Stroll
855,Guanyu,Zhou,1138,2024,15,0.0,Guanyu Zhou
822,Valtteri,Bottas,1138,2024,16,0.0,Valtteri Bottas
842,Pierre,Gasly,1138,2024,17,0.0,Pierre Gasly
817,Daniel,Ricciardo,1138,2024,18,0.0,Daniel Ricciardo
825,Kevin,Magnussen,1138,2024,19,0.0,Kevin Magnussen
844,Charles,Leclerc,1139,2024,1,25.0,Charles Leclerc
832,Carlos,Sainz,1139,2024,2,18.0,Carlos Sainz
830,Max,Verstappen,1139,2024,3,15.0,Max Verstappen
846,Lando,Norris,1139,2024,4,12.0,Lando Norris
857,Oscar,Piastri,1139,2024,5,10.0,Oscar Piastri
847,George,Russell,1139,2024,6,8.0,George Russell
815,Sergio,Pérez,1139,2024,7,6.0,Sergio Pérez
807,Nico,Hülkenberg,1139,2024,8,4.0,Nico Hülkenberg
859,Liam,Lawson,1139,2024,9,2.0,Liam Lawson
861,Franco,Colapinto,1139,2024,10,1.0,Franco Colapinto
825,Kevin,Magnussen,1139,2024,11,0.0,Kevin Magnussen
842,Pierre,Gasly,1139,2024,12,0.0,Pierre Gasly
4,Fernando,Alonso,1139,2024,13,0.0,Fernando Alonso
852,Yuki,Tsunoda,1139,2024,14,0.0,Yuki Tsunoda
840,Lance,Stroll,1139,2024,15,0.0,Lance Stroll
848,Alexander,Albon,1139,2024,16,0.0,Alexander Albon
822,Valtteri,Bottas,1139,2024,17,0.0,Valtteri Bottas
839,Esteban,Ocon,1139,2024,18,0.0,Esteban Ocon
855,Guanyu,Zhou,1139,2024,19,0.0,Guanyu Zhou
832,Carlos,Sainz,1140,2024,1,25.0,Carlos Sainz
846,Lando,Norris,1140,2024,2,18.0,Lando Norris
844,Charles,Leclerc,1140,2024,3,16.0,Charles Leclerc
1,Lewis,Hamilton,1140,2024,4,12.0,Lewis Hamilton
847,George,Russell,1140,2024,5,10.0,George Russell
830,Max,Verstappen,1140,2024,6,8.0,Max Verstappen
825,Kevin,Magnussen,1140,2024,7,6.0,Kevin Magnussen
857,Oscar,Piastri,1140,2024,8,4.0,Oscar Piastri
807,Nico,Hülkenberg,1140,2024,9,2.0,Nico Hülkenberg
842,Pierre,Gasly,1140,2024,10,1.0,Pierre Gasly
840,Lance,Stroll,1140,2024,11,0.0,Lance Stroll
861,Franco,Colapinto,1140,2024,12,0.0,Franco Colapinto
839,Esteban,Ocon,1140,2024,13,0.0,Esteban Ocon
822,Valtteri,Bottas,1140,2024,14,0.0,Valtteri Bottas
855,Guanyu,Zhou,1140,2024,15,0.0,Guanyu Zhou
859,Liam,Lawson,1140,2024,16,0.0,Liam Lawson
815,Sergio,Pérez,1140,2024,17,0.0,Sergio Pérez
830,Max,Verstappen,1141,2024,1,26.0,Max Verstappen
839,Esteban,Ocon,1141,2024,2,18.0,Esteban Ocon
842,Pierre,Gasly,1141,2024,3,15.0,Pierre Gasly
847,George,Russell,1141,2024,4,12.0,George Russell
844,Charles,Leclerc,1141,2024,5,10.0,Charles Leclerc
846,Lando,Norris,1141,2024,6,8.0,Lando Norris
852,Yuki,Tsunoda,1141,2024,7,6.0,Yuki Tsunoda
857,Oscar,Piastri,1141,2024,8,4.0,Oscar Piastri
859,Liam,Lawson,1141,2024,9,2.0,Liam Lawson
1,Lewis,Hamilton,1141,2024,10,1.0,Lewis Hamilton
815,Sergio,Pérez,1141,2024,11,0.0,Sergio Pérez
860,Oliver,Bearman,1141,2024,12,0.0,Oliver Bearman
822,Valtteri,Bottas,1141,2024,13,0.0,Valtteri Bottas
4,Fernando,Alonso,1141,2024,14,0.0,Fernando Alonso
855,Guanyu,Zhou,1141,2024,15,0.0,Guanyu Zhou
847,George,Russell,1142,2024,1,25.0,George Russell
1,Lewis,Hamilton,1142,2024,2,18.0,Lewis Hamilton
832,Carlos,Sainz,1142,2024,3,15.0,Carlos Sainz
844,Charles,Leclerc,1142,2024,4,12.0,Charles Leclerc
830,Max,Verstappen,1142,2024,5,10.0,Max Verstappen
846,Lando,Norris,1142,2024,6,9.0,Lando Norris
857,Oscar,Piastri,1142,2024,7,6.0,Oscar Piastri
807,Nico,Hülkenberg,1142,2024,8,4.0,Nico Hülkenberg
852,Yuki,Tsunoda,1142,2024,9,2.0,Yuki Tsunoda
815,Sergio,Pérez,1142,2024,10,1.0,Sergio Pérez
4,Fernando,Alonso,1142,2024,11,0.0,Fernando Alonso
825,Kevin,Magnussen,1142,2024,12,0.0,Kevin Magnussen
855,Guanyu,Zhou,1142,2024,13,0.0,Guanyu Zhou
861,Franco,Colapinto,1142,2024,14,0.0,Franco Colapinto
840,Lance,Stroll,1142,2024,15,0.0,Lance Stroll
859,Liam,Lawson,1142,2024,16,0.0,Liam Lawson
839,Esteban,Ocon,1142,2024,17,0.0,Esteban Ocon
822,Valtteri,Bottas,1142,2024,18,0.0,Valtteri Bottas
830,Max,Verstappen,1143,2024,1,25.0,Max Verstappen
844,Charles,Leclerc,1143,2024,2,18.0,Charles Leclerc
857,Oscar,Piastri,1143,2024,3,15.0,Oscar Piastri
847,George,Russell,1143,2024,4,12.0,George Russell
842,Pierre,Gasly,1143,2024,5,10.0,Pierre Gasly
832,Carlos,Sainz,1143,2024,6,8.0,Carlos Sainz
4,Fernando,Alonso,1143,2024,7,6.0,Fernando Alonso
855,Guanyu,Zhou,1143,2024,8,4.0,Guanyu Zhou
825,Kevin,Magnussen,1143,2024,9,2.0,Kevin Magnussen
846,Lando,Norris,1143,2024,10,2.0,Lando Norris
822,Valtteri,Bottas,1143,2024,11,0.0,Valtteri Bottas
1,Lewis,Hamilton,1143,2024,12,0.0,Lewis Hamilton
852,Yuki,Tsunoda,1143,2024,13,0.0,Yuki Tsunoda
859,Liam,Lawson,1143,2024,14,0.0,Liam Lawson
848,Alexander,Albon,1143,2024,15,0.0,Alexander Albon
846,Lando,Norris,1144,2024,1,25.0,Lando Norris
832,Carlos,Sainz,1144,2024,2,18.0,Carlos Sainz
844,Charles,Leclerc,1144,2024,3,15.0,Charles Leclerc
1,Lewis,Hamilton,1144,2024,4,12.0,Lewis Hamilton
847,George,Russell,1144,2024,5,10.0,George Russell
830,Max,Verstappen,1144,2024,6,8.0,Max Verstappen
842,Pierre,Gasly,1144,2024,7,6.0,Pierre Gasly
807,Nico,Hülkenberg,1144,2024,8,4.0,Nico Hülkenberg
4,Fernando,Alonso,1144,2024,9,2.0,Fernando Alonso
857,Oscar,Piastri,1144,2024,10,1.0,Oscar Piastri
848,Alexander,Albon,1144,2024,11,0.0,Alexander Albon
852,Yuki,Tsunoda,1144,2024,12,0.0,Yuki Tsunoda
855,Guanyu,Zhou,1144,2024,13,0.0,Guanyu Zhou
840,Lance,Stroll,1144,2024,14,0.0,Lance Stroll
862,Jack,Doohan,1144,2024,15,0.0,Jack Doohan
825,Kevin,Magnussen,1144,2024,16,0.0,Kevin Magnussen
859,Liam,Lawson,1144,2024,17,0.0,Liam Lawson
